episode_id,seat,turn,replay_index,day,money,hands,hires_today,unlocked_quadrants,animals,pastures,plants,wheat_reserve,wheat_shed,fertilizer_shed,milk_shed,wool_shed,wheat_price,strawberry_price,melon_price
92927508,0,0,1,0,1553.0,4,4,1,{},0,0,0,0,0,0,0,26,128,256
92927508,0,24,25,1,777.0,6,6,1,"{""COW"":1,""SHEEP"":2}",3,4,7,4,0,0,0,29,132,260
92927508,0,96,97,4,769.0,6,6,1,"{""COW"":1,""SHEEP"":2}",3,16,6,3,0,0,0,30,139,266
92927508,0,192,193,8,1640.0,8,8,2,"{""COW"":2,""SHEEP"":2}",4,14,21,17,1,0,0,31,145,270
92927508,0,288,289,12,8779.0,9,9,3,"{""COW"":4,""GOOSE"":1,""SHEEP"":4}",8,7,30,26,4,0,0,36,168,249
92927508,0,384,385,16,15213.0,9,9,3,"{""COW"":4,""GOOSE"":1,""SHEEP"":5}",9,7,54,50,6,0,14,41,182,249
92927508,0,480,481,20,33303.0,10,10,3,"{""COW"":5,""GOOSE"":1,""SHEEP"":6}",11,1,41,37,4,0,0,45,197,242
92927508,0,576,577,24,46349.0,10,10,3,"{""COW"":5,""GOOSE"":1,""SHEEP"":6}",11,3,38,34,0,0,0,49,217,244
92927508,0,719,719,29,67331.0,9,9,3,"{""COW"":5,""GOOSE"":1,""SHEEP"":6}",11,1,10,10,0,0,0,53,226,246
92927508,1,0,1,0,346.0,3,3,1,{},0,0,0,0,0,0,0,26,128,256
92927508,1,24,25,1,180.0,2,2,1,"{""COW"":4,""SHEEP"":2}",6,3,0,0,0,0,0,29,132,260
92927508,1,96,97,4,328.0,7,7,1,"{""COW"":2}",6,17,2,2,0,0,0,30,139,266
92927508,1,192,193,8,256.0,4,4,1,"{""COW"":3,""SHEEP"":1}",6,18,9,5,0,0,0,31,145,270
92927508,1,288,289,12,743.0,7,7,1,"{""COW"":4,""SHEEP"":7}",11,11,33,25,0,0,0,36,168,249
92927508,1,384,385,16,5536.0,8,8,2,"{""COW"":5,""SHEEP"":7}",13,19,36,28,0,0,0,41,182,249
92927508,1,480,481,20,24487.0,7,7,2,"{""COW"":5,""SHEEP"":8}",13,15,39,31,0,0,0,45,197,242
92927508,1,576,577,24,40627.0,6,6,2,"{""COW"":5,""GOOSE"":1,""SHEEP"":8}",13,15,28,20,0,0,0,49,217,244
92927508,1,719,719,29,68198.0,11,11,2,"{""COW"":5,""GOOSE"":1,""SHEEP"":8}",13,15,19,19,0,0,4,53,226,246
92928454,0,0,1,0,1553.0,4,4,1,{},0,0,0,0,0,0,0,26,128,256
92928454,0,24,25,1,779.0,6,6,1,"{""COW"":1,""SHEEP"":2}",3,4,7,4,0,0,0,28,132,260
92928454,0,96,97,4,706.0,6,6,1,"{""COW"":1,""SHEEP"":2}",3,16,8,5,0,0,0,28,149,266
92928454,0,192,193,8,1772.0,9,9,2,"{""COW"":2,""SHEEP"":2}",4,14,21,17,1,0,0,31,181,270
92928454,0,288,289,12,7888.0,8,8,3,"{""COW"":4,""GOOSE"":1,""SHEEP"":2}",6,7,35,31,1,0,0,35,206,244
92928454,0,384,385,16,18286.0,9,9,3,"{""COW"":5,""GOOSE"":2,""SHEEP"":2}",7,7,36,32,2,0,0,40,225,239
92928454,0,480,481,20,29547.0,9,9,3,"{""COW"":5,""GOOSE"":2,""SHEEP"":4}",9,1,47,43,6,3,0,44,244,242
92928454,0,576,577,24,44022.0,10,10,3,"{""COW"":5,""GOOSE"":2,""SHEEP"":4}",9,2,40,36,5,3,0,47,263,227
92928454,0,719,719,29,69479.0,9,9,3,"{""COW"":5,""GOOSE"":2,""SHEEP"":4}",9,0,10,10,0,0,0,51,295,230
92928454,1,0,1,0,1476.0,3,3,2,{},0,0,0,0,0,0,0,26,128,256
92928454,1,24,25,1,902.0,3,3,2,{},6,34,0,0,0,0,0,28,132,260
92928454,1,96,97,4,895.0,3,3,2,"{""COW"":1}",6,23,0,0,0,0,0,28,149,266
92928454,1,192,193,8,735.0,3,3,2,"{""COW"":1}",6,23,0,0,0,0,0,31,181,270
92928454,1,288,289,12,2637.0,3,3,2,"{""COW"":3,""SHEEP"":2}",6,15,5,5,0,0,0,35,206,244
92928454,1,384,385,16,830.0,3,3,3,"{""COW"":5,""SHEEP"":2}",8,20,6,6,0,0,0,40,225,239
92928454,1,480,481,20,2061.0,3,3,3,"{""COW"":5,""SHEEP"":2}",8,28,0,0,0,0,0,44,244,242
92928454,1,576,577,24,10036.0,3,3,3,"{""COW"":5,""SHEEP"":2}",8,24,5,5,0,0,0,47,263,227
92928454,1,719,719,29,14321.0,10,10,3,"{""COW"":5,""SHEEP"":2}",8,0,3,0,0,0,0,51,295,230
92929391,0,0,1,0,1553.0,4,4,1,{},0,0,0,0,0,0,0,26,128,256
92929391,0,24,25,1,777.0,6,6,1,"{""COW"":1,""SHEEP"":2}",3,4,7,4,0,0,0,29,132,260
92929391,0,96,97,4,773.0,6,6,1,"{""COW"":1,""SHEEP"":2}",3,16,6,3,0,0,0,30,139,266
92929391,0,192,193,8,1540.0,7,7,2,"{""COW"":2,""SHEEP"":2}",4,13,21,17,0,0,0,33,159,270
92929391,0,288,289,12,5516.0,9,9,3,"{""COW"":3,""GOOSE"":2,""SHEEP"":4}",7,6,35,31,1,0,0,37,179,195
92929391,0,384,385,16,13488.0,9,9,3,"{""COW"":3,""GOOSE"":3,""SHEEP"":5}",8,6,54,50,7,0,14,43,195,186
92929391,0,480,481,20,28703.0,10,10,3,"{""COW"":3,""GOOSE"":3,""SHEEP"":6}",9,1,48,44,6,0,0,47,212,192
92929391,0,576,577,24,38314.0,10,10,3,"{""COW"":3,""GOOSE"":3,""SHEEP"":6}",9,1,50,46,4,0,4,52,228,133
92929391,0,719,719,29,54773.0,9,9,3,"{""COW"":3,""GOOSE"":3,""SHEEP"":6}",9,0,10,10,0,0,0,57,242,108
92929391,1,0,1,0,2980.0,6,6,1,{},1,0,0,0,0,0,0,26,128,256
92929391,1,24,25,1,1376.0,6,6,1,"{""SHEEP"":1}",4,19,1,0,0,0,0,29,132,260
92929391,1,96,97,4,1425.0,6,6,1,"{""SHEEP"":1}",4,19,1,0,1,0,0,30,139,266
92929391,1,192,193,8,1970.0,6,6,1,"{""COW"":2,""SHEEP"":2}",4,19,16,11,3,0,0,33,159,270
92929391,1,288,289,12,7988.0,10,10,3,"{""COW"":5,""SHEEP"":4}",9,35,31,21,0,0,6,37,179,195
92929391,1,384,385,16,8798.0,10,10,3,"{""COW"":8,""SHEEP"":6}",14,53,57,42,13,9,4,43,195,186
92929391,1,480,481,20,17140.0,10,10,3,"{""COW"":8,""SHEEP"":6}",14,58,56,41,10,24,6,47,212,192
92929391,1,576,577,24,28596.0,10,10,3,"{""COW"":8,""SHEEP"":6}",14,54,42,27,0,44,4,52,228,133
92929391,1,719,719,29,48720.0,8,8,3,"{""COW"":8,""SHEEP"":6}",14,43,35,0,0,0,0,57,242,108
92930322,0,0,1,0,2306.0,8,8,1,{},0,0,0,0,0,0,0,26,128,256
92930322,0,24,25,1,1332.0,8,8,1,{},0,23,0,0,0,0,0,28,132,260
92930322,0,96,97,4,981.0,8,8,1,"{""COW"":1}",1,24,3,2,0,0,0,30,149,266
92930322,0,192,193,8,721.0,8,8,1,"{""COW"":2}",2,23,6,4,0,0,0,32,173,270
92930322,0,288,289,12,11575.0,8,8,3,"{""COW"":13}",14,20,47,35,0,0,0,39,189,165
92930322,0,384,385,16,1064.0,6,6,3,"{""COW"":13,""SHEEP"":8}",21,15,82,63,0,0,0,48,202,142
92930322,0,480,481,20,13648.0,8,8,3,"{""COW"":12,""SHEEP"":7}",21,11,62,50,0,14,6,52,218,150
92930322,0,576,577,24,34057.0,8,8,3,"{""COW"":11,""SHEEP"":5}",21,12,64,57,0,9,0,56,233,133
92930322,0,719,719,29,59837.0,8,8,3,"{""COW"":10,""SHEEP"":5}",21,1,61,45,0,0,0,61,261,138
92930322,1,0,1,0,1553.0,4,4,1,{},0,0,0,0,0,0,0,26,128,256
92930322,1,24,25,1,779.0,6,6,1,"{""COW"":1,""SHEEP"":2}",3,4,7,4,0,0,0,28,132,260
92930322,1,96,97,4,728.0,6,6,1,"{""COW"":1,""SHEEP"":2}",3,16,8,5,0,0,0,30,149,266
92930322,1,192,193,8,1693.0,8,8,2,"{""COW"":2,""SHEEP"":2}",4,13,21,17,0,0,0,32,173,270
92930322,1,288,289,12,5045.0,9,9,3,"{""COW"":4,""GOOSE"":1,""SHEEP"":4}",8,6,43,39,3,0,0,39,189,165
92930322,1,384,385,16,13901.0,10,10,3,"{""COW"":5,""GOOSE"":2,""SHEEP"":4}",9,6,52,48,6,0,14,48,202,142
92930322,1,480,481,20,32201.0,10,10,3,"{""COW"":6,""GOOSE"":2,""SHEEP"":4}",10,1,46,42,5,0,0,52,218,150
92930322,1,576,577,24,45381.0,10,10,3,"{""COW"":6,""GOOSE"":2,""SHEEP"":6}",12,1,43,39,2,0,0,56,233,133
92930322,1,719,719,29,72424.0,9,9,3,"{""COW"":6,""GOOSE"":2,""SHEEP"":6}",12,1,10,10,0,0,0,61,261,138
92931235,0,0,1,0,1553.0,4,4,1,{},0,0,0,0,0,0,0,26,128,256
92931235,0,24,25,1,771.0,6,6,1,"{""COW"":1,""SHEEP"":2}",3,4,7,4,0,0,0,29,132,260
92931235,0,96,97,4,773.0,6,6,1,"{""COW"":1,""SHEEP"":2}",3,16,6,3,0,0,0,31,139,266
92931235,0,192,193,8,1362.0,7,7,2,"{""COW"":2,""SHEEP"":2}",4,13,21,17,0,0,0,34,145,270
92931235,0,288,289,12,5122.0,9,9,3,"{""COW"":4,""GOOSE"":1,""SHEEP"":4}",8,6,43,39,3,0,0,39,163,195
92931235,0,384,385,16,16026.0,9,9,3,"{""COW"":4,""GOOSE"":2,""SHEEP"":4}",8,6,38,34,6,0,10,43,168,186
92931235,0,480,481,20,30459.0,9,9,3,"{""COW"":5,""GOOSE"":2,""SHEEP"":4}",9,1,41,37,5,3,0,46,196,192
92931235,0,576,577,24,41794.0,10,10,3,"{""COW"":5,""GOOSE"":3,""SHEEP"":4}",9,1,38,34,2,3,0,49,222,131
92931235,0,719,719,29,63492.0,9,9,3,"{""COW"":5,""GOOSE"":3,""SHEEP"":4}",9,1,10,10,0,0,0,54,261,4
92931235,1,0,1,0,676.0,3,3,1,{},0,0,0,0,0,0,0,26,128,256
92931235,1,24,25,1,499.0,3,3,1,"{""GOOSE"":2}",0,18,4,0,0,0,0,29,132,260
92931235,1,96,97,4,356.0,3,3,1,"{""GOOSE"":2}",0,23,4,0,5,0,0,31,139,266
92931235,1,192,193,8,836.0,3,3,1,"{""GOOSE"":5}",0,20,9,9,1,0,0,34,145,270
92931235,1,288,289,12,6427.0,3,3,4,"{""COW"":3,""GOOSE"":7,""SHEEP"":3}",6,25,16,1,6,0,0,39,163,195
92931235,1,384,385,16,10131.0,3,3,4,"{""COW"":3,""GOOSE"":7,""SHEEP"":3}",6,55,18,18,2,0,0,43,168,186
92931235,1,480,481,20,13685.0,3,3,4,"{""COW"":3,""GOOSE"":6,""SHEEP"":3}",6,49,21,21,2,0,0,46,196,192
92931235,1,576,577,24,25190.0,3,3,4,"{""COW"":3,""GOOSE"":6,""SHEEP"":3}",6,32,14,14,10,0,0,49,222,131
92931235,1,719,719,29,41916.0,6,6,4,"{""COW"":3,""GOOSE"":5,""SHEEP"":3}",6,5,0,0,1,1,1,54,261,4
92932148,0,0,1,0,1553.0,4,4,1,{},0,0,0,0,0,0,0,26,128,256
92932148,0,24,25,1,771.0,6,6,1,"{""COW"":1,""SHEEP"":2}",3,4,7,4,0,0,0,29,132,260
92932148,0,96,97,4,708.0,6,6,1,"{""COW"":1,""SHEEP"":2}",3,10,8,5,0,0,0,32,139,266
92932148,0,192,193,8,1686.0,8,8,2,"{""COW"":2,""SHEEP"":2}",4,15,21,17,0,0,0,33,145,270
92932148,0,288,289,12,6051.0,8,8,3,"{""COW"":4,""SHEEP"":4}",8,7,32,28,6,0,0,35,165,250
92932148,0,384,385,16,19819.0,10,10,3,"{""COW"":6,""SHEEP"":4}",10,8,30,26,4,0,5,37,192,232
92932148,0,480,481,20,33929.0,9,9,3,"{""COW"":7,""SHEEP"":4}",11,7,40,36,5,0,0,41,220,218
92932148,0,576,577,24,47401.0,9,9,3,"{""COW"":7,""SHEEP"":4}",11,3,42,38,4,0,4,44,245,171
92932148,0,719,719,29,71343.0,9,9,3,"{""COW"":7,""SHEEP"":5}",12,0,10,10,0,0,0,45,277,106
92932148,1,0,1,0,2057.0,7,7,1,{},1,0,0,0,0,0,0,26,128,256
92932148,1,24,25,1,161.0,8,8,1,"{""COW"":2}",4,20,7,5,0,0,0,29,132,260
92932148,1,96,97,4,494.0,8,8,1,"{""COW"":4}",4,20,8,4,0,0,0,32,139,266
92932148,1,192,193,8,65.0,10,10,2,"{""COW"":4,""GOOSE"":1}",4,36,8,3,0,0,0,33,145,270
92932148,1,288,289,12,5288.0,6,6,3,"{""COW"":8,""GOOSE"":2}",8,63,13,3,0,0,0,35,165,250
92932148,1,384,385,16,21516.0,7,7,3,"{""COW"":12,""GOOSE"":3}",12,58,18,8,0,0,0,37,192,232
92932148,1,480,481,20,42379.0,4,4,3,"{""COW"":12,""GOOSE"":3}",12,56,18,8,0,0,0,41,220,218
92932148,1,576,577,24,73452.0,6,6,3,"{""COW"":12,""GOOSE"":3}",12,58,18,8,0,0,0,44,245,171
92932148,1,719,719,29,110854.0,11,11,3,"{""COW"":12,""GOOSE"":3}",12,3,0,0,0,0,0,45,277,106
92961363,0,0,1,0,7.0,4,4,1,{},0,0,5,5,0,0,0,28,128,256
92961363,0,24,25,1,6.0,1,1,1,"{""COW"":1,""SHEEP"":4}",5,10,0,0,0,0,0,28,132,260
92961363,0,96,97,4,659.0,3,3,1,"{""COW"":1,""SHEEP"":4}",5,14,6,6,0,0,0,32,139,266
92961363,0,192,193,8,565.0,6,6,2,"{""COW"":6,""SHEEP"":4}",10,32,11,11,0,0,0,33,145,270
92961363,0,288,289,12,6266.0,8,8,3,"{""COW"":8,""SHEEP"":4}",12,59,13,13,24,0,0,35,168,228
92961363,0,384,385,16,19987.0,6,6,3,"{""COW"":8,""SHEEP"":4}",12,59,13,13,24,0,0,34,158,232
92961363,0,480,481,20,30236.0,7,7,3,"{""COW"":8,""SHEEP"":4}",12,59,13,13,25,0,0,35,7,235
92961363,0,576,577,24,41601.0,7,7,3,"{""COW"":9,""SHEEP"":4}",13,62,14,14,20,0,0,37,9,10
92961363,0,719,719,29,57462.0,10,10,3,"{""COW"":9,""SHEEP"":4}",13,1,0,0,0,0,0,20,74,25
92961363,1,0,1,0,7.0,4,4,1,{},0,0,5,5,0,0,0,28,128,256
92961363,1,24,25,1,6.0,1,1,1,"{""COW"":1,""SHEEP"":4}",5,10,0,0,0,0,0,28,132,260
92961363,1,96,97,4,659.0,3,3,1,"{""COW"":1,""SHEEP"":4}",5,14,6,6,0,0,0,32,139,266
92961363,1,192,193,8,565.0,6,6,2,"{""COW"":6,""SHEEP"":4}",10,33,11,11,0,0,0,33,145,270
92961363,1,288,289,12,6266.0,8,8,3,"{""COW"":8,""SHEEP"":4}",12,60,13,13,24,0,0,35,168,228
92961363,1,384,385,16,19987.0,6,6,3,"{""COW"":8,""SHEEP"":4}",12,60,13,13,24,0,0,34,158,232
92961363,1,480,481,20,30384.0,7,7,3,"{""COW"":8,""SHEEP"":4}",12,60,13,13,24,0,0,35,7,235
92961363,1,576,577,24,41753.0,7,7,3,"{""COW"":9,""SHEEP"":4}",13,62,14,14,18,0,0,37,9,10
92961363,1,719,719,29,57558.0,10,10,3,"{""COW"":9,""SHEEP"":4}",13,1,0,0,0,0,0,20,74,25
92962819,0,0,1,0,2826.0,8,8,1,{},0,0,0,0,0,0,0,27,128,256
92962819,0,24,25,1,2542.0,8,8,1,{},0,25,0,0,0,0,0,28,132,260
92962819,0,96,97,4,414.0,6,6,1,{},0,25,0,0,0,0,0,30,139,266
92962819,0,192,193,8,724.0,6,6,1,"{""COW"":7}",8,1,17,16,0,0,0,24,159,270
92962819,0,288,289,12,386.0,10,10,1,"{""COW"":10}",10,1,21,21,10,0,0,32,180,247
92962819,0,384,385,16,2500.0,10,10,3,"{""COW"":10,""SHEEP"":3}",14,27,28,27,11,12,0,36,197,248
92962819,0,480,481,20,11126.0,10,10,3,"{""COW"":10,""SHEEP"":4}",14,19,27,26,13,9,0,38,190,249
92962819,0,576,577,24,13488.0,10,10,4,"{""COW"":10,""SHEEP"":4}",14,13,30,29,14,7,6,42,174,171
92962819,0,719,719,29,23513.0,10,10,4,"{""COW"":10,""SHEEP"":4}",14,18,21,20,0,0,0,40,211,48
92962819,1,0,1,0,10.0,4,4,1,{},0,0,5,5,0,0,0,27,128,256
92962819,1,24,25,1,9.0,1,1,1,"{""COW"":1,""SHEEP"":4}",5,10,0,0,0,0,0,28,132,260
92962819,1,96,97,4,704.0,3,3,1,"{""COW"":1,""SHEEP"":4}",5,14,6,6,0,0,0,30,139,266
92962819,1,192,193,8,1242.0,6,6,2,"{""COW"":6,""SHEEP"":4}",10,33,11,11,0,0,0,24,159,270
92962819,1,288,289,12,9239.0,8,8,3,"{""COW"":8,""SHEEP"":4}",12,63,13,13,24,0,0,32,180,247
92962819,1,384,385,16,29473.0,6,6,3,"{""COW"":8,""SHEEP"":4}",12,63,13,13,24,0,0,36,197,248
92962819,1,480,481,20,55585.0,7,7,3,"{""COW"":8,""SHEEP"":4}",12,63,13,13,24,0,0,38,190,249
92962819,1,576,577,24,100042.0,7,7,3,"{""COW"":9,""SHEEP"":4}",13,62,14,14,18,0,0,42,174,171
92962819,1,719,719,29,132592.0,10,10,3,"{""COW"":9,""SHEEP"":4}",13,1,0,0,0,0,0,40,211,48
92963734,0,0,1,0,2.0,4,4,1,{},0,0,5,5,0,0,0,29,128,256
92963734,0,24,25,1,1.0,1,1,1,"{""COW"":1,""SHEEP"":4}",5,10,0,0,0,0,0,29,132,260
92963734,0,96,97,4,651.0,3,3,1,"{""COW"":1,""SHEEP"":4}",5,14,6,6,0,0,0,32,149,266
92963734,0,192,193,8,732.0,6,6,2,"{""COW"":6,""SHEEP"":4}",10,33,11,11,0,0,0,36,181,270
92963734,0,288,289,12,6931.0,8,8,3,"{""COW"":8,""SHEEP"":4}",12,63,13,13,24,0,0,41,206,148
92963734,0,384,385,16,21946.0,6,6,3,"{""COW"":8,""SHEEP"":4}",12,63,13,13,24,0,0,45,221,156
92963734,0,480,481,20,52844.0,7,7,3,"{""COW"":8,""SHEEP"":4}",12,63,13,13,24,0,0,50,225,99
92963734,0,576,577,24,87343.0,7,7,3,"{""COW"":9,""SHEEP"":4}",13,62,14,14,18,0,0,53,218,10
92963734,0,719,719,29,119047.0,10,10,3,"{""COW"":9,""SHEEP"":4}",13,1,0,0,0,0,0,51,233,7
92963734,1,0,1,0,484.0,0,0,1,{},0,0,8,8,0,0,0,29,128,256
92963734,1,24,25,1,10.0,2,2,1,"{""SHEEP"":3}",3,14,10,7,0,0,0,29,132,260
92963734,1,96,97,4,568.0,4,4,1,"{""SHEEP"":3}",3,14,11,8,0,0,0,32,149,266
92963734,1,192,193,8,13.0,3,3,2,"{""COW"":6,""SHEEP"":3}",9,19,16,8,0,0,0,36,181,270
92963734,1,288,289,12,9189.0,6,6,4,"{""COW"":14}",20,8,22,14,0,0,0,41,206,148
92963734,1,384,385,16,7066.0,7,7,4,"{""COW"":21,""SHEEP"":1}",23,34,22,20,0,0,0,45,221,156
92963734,1,480,481,20,26694.0,6,6,4,"{""COW"":21}",23,54,22,14,0,0,0,50,225,99
92963734,1,576,577,24,44412.0,6,6,4,"{""COW"":21}",23,62,22,14,0,0,0,53,218,10
92963734,1,719,719,29,60041.0,0,0,4,"{""COW"":7}",23,0,15,8,0,0,0,51,233,7
92964659,0,0,1,0,2857.0,10,10,1,{},1,0,0,0,0,0,0,27,128,256
92964659,0,24,25,1,148.0,8,8,1,"{""COW"":1,""SHEEP"":1}",7,18,2,2,0,0,0,28,132,260
92964659,0,96,97,4,137.0,5,5,1,"{""COW"":1,""SHEEP"":1}",7,17,0,0,5,0,0,30,139,266
92964659,0,192,193,8,147.0,8,8,1,"{""COW"":3,""SHEEP"":1}",8,16,3,3,4,0,0,31,145,270
92964659,0,288,289,12,369.0,10,10,4,"{""COW"":3,""SHEEP"":16}",25,45,6,6,8,0,0,34,167,171
92964659,0,384,385,16,907.0,10,10,4,"{""COW"":3,""SHEEP"":20}",34,51,29,29,20,12,4,37,176,178
92964659,0,480,481,20,21862.0,10,10,4,"{""COW"":3,""SHEEP"":20}",34,52,28,28,31,6,0,40,157,184
92964659,0,576,577,24,41546.0,10,10,4,"{""COW"":3,""SHEEP"":25}",34,53,16,16,26,2,21,43,16,7
92964659,0,719,719,29,74800.0,0,0,4,"{""COW"":3,""SHEEP"":25}",34,22,0,0,0,0,0,36,91,4
92964659,1,0,1,0,10.0,4,4,1,{},0,0,5,5,0,0,0,27,128,256
92964659,1,24,25,1,9.0,1,1,1,"{""COW"":1,""SHEEP"":4}",5,10,0,0,0,0,0,28,132,260
92964659,1,96,97,4,697.0,3,3,1,"{""COW"":1,""SHEEP"":4}",5,14,6,6,0,0,0,30,139,266
92964659,1,192,193,8,1341.0,6,6,2,"{""COW"":6,""SHEEP"":4}",10,33,11,11,0,0,0,31,145,270
92964659,1,288,289,12,9558.0,8,8,3,"{""COW"":8,""SHEEP"":4}",12,63,13,13,24,0,0,34,167,171
92964659,1,384,385,16,29198.0,6,6,3,"{""COW"":8,""SHEEP"":4}",12,63,13,13,24,0,0,37,176,178
92964659,1,480,481,20,51349.0,7,7,3,"{""COW"":8,""SHEEP"":4}",12,63,13,13,24,0,0,40,157,184
92964659,1,576,577,24,71873.0,7,7,3,"{""COW"":9,""SHEEP"":4}",13,62,14,14,18,0,0,43,16,7
92964659,1,719,719,29,95380.0,10,10,3,"{""COW"":9,""SHEEP"":4}",13,1,0,0,0,0,0,36,91,4
92965591,0,0,1,0,10.0,4,4,1,{},0,0,5,5,0,0,0,27,128,256
92965591,0,24,25,1,9.0,1,1,1,"{""COW"":1,""SHEEP"":4}",5,10,0,0,0,0,0,28,132,260
92965591,0,96,97,4,657.0,3,3,1,"{""COW"":1,""SHEEP"":4}",5,14,6,6,0,0,0,32,139,266
92965591,0,192,193,8,667.0,6,6,2,"{""COW"":6,""SHEEP"":4}",10,33,11,11,0,0,0,35,159,270
92965591,0,288,289,12,5668.0,8,8,3,"{""COW"":8,""SHEEP"":4}",12,63,13,13,24,0,0,39,180,171
92965591,0,384,385,16,15691.0,6,6,3,"{""COW"":8,""SHEEP"":4}",12,63,13,13,24,0,0,42,197,178
92965591,0,480,481,20,31032.0,7,7,3,"{""COW"":8,""SHEEP"":4}",12,63,13,13,24,0,0,46,166,184
92965591,0,576,577,24,50076.0,7,7,3,"{""COW"":9,""SHEEP"":4}",13,62,14,14,18,0,0,49,7,7
92965591,0,719,719,29,68820.0,10,10,3,"{""COW"":9,""SHEEP"":4}",13,1,0,0,0,0,0,48,37,16
92965591,1,0,1,0,158.0,5,5,1,{},0,0,0,0,0,0,0,27,128,256
92965591,1,24,25,1,6.0,5,5,1,"{""COW"":2,""SHEEP"":2}",4,19,3,3,0,0,0,28,132,260
92965591,1,96,97,4,653.0,6,6,1,"{""COW"":2,""SHEEP"":2}",4,19,4,0,0,0,0,32,139,266
92965591,1,192,193,8,485.0,8,8,2,"{""COW"":4,""SHEEP"":2}",6,32,6,3,0,0,0,35,159,270
92965591,1,288,289,12,12601.0,8,8,3,"{""COW"":8,""SHEEP"":6}",14,42,14,10,0,0,0,39,180,171
92965591,1,384,385,16,16939.0,9,9,3,"{""COW"":8,""SHEEP"":6}",14,50,14,10,0,0,0,42,197,178
92965591,1,480,481,20,22210.0,7,7,3,"{""COW"":8,""SHEEP"":6}",14,52,14,10,14,0,0,46,166,184
92965591,1,576,577,24,22757.0,7,7,3,"{""COW"":8,""SHEEP"":6}",14,34,14,10,13,0,0,49,7,7
92965591,1,719,719,29,29772.0,12,12,3,"{""COW"":8,""SHEEP"":6}",14,3,0,0,0,0,0,48,37,16
92966513,0,0,1,0,19.0,5,5,1,{},1,0,5,5,0,0,0,28,128,256
92966513,0,24,25,1,47.0,0,0,1,"{""COW"":2,""SHEEP"":2}",6,19,0,0,0,0,0,28,132,260
92966513,0,96,97,4,625.0,4,4,1,"{""COW"":2,""SHEEP"":2}",6,17,8,4,0,0,0,32,149,266
92966513,0,192,193,8,224.0,5,5,2,"{""COW"":4,""SHEEP"":2}",12,29,11,7,0,0,0,34,173,270
92966513,0,288,289,12,10808.0,7,7,3,"{""COW"":7,""SHEEP"":5}",14,57,17,17,0,0,0,38,198,181
92966513,0,384,385,16,14478.0,7,7,3,"{""COW"":7,""SHEEP"":6}",14,61,18,18,19,0,0,40,212,178
92966513,0,480,481,20,24086.0,6,6,3,"{""COW"":7,""SHEEP"":6}",14,61,18,18,20,0,0,42,178,184
92966513,0,576,577,24,28380.0,7,7,3,"{""COW"":7,""SHEEP"":6}",14,51,18,18,20,0,0,45,9,10
92966513,0,719,719,29,32484.0,8,8,3,"{""COW"":8,""SHEEP"":6}",14,2,21,0,0,0,0,39,66,25
92966513,1,0,1,0,10.0,4,4,1,{},0,0,5,5,0,0,0,28,128,256
92966513,1,24,25,1,9.0,1,1,1,"{""COW"":1,""SHEEP"":4}",5,10,0,0,0,0,0,28,132,260
92966513,1,96,97,4,667.0,3,3,1,"{""COW"":1,""SHEEP"":4}",5,14,6,6,0,0,0,32,149,266
92966513,1,192,193,8,852.0,6,6,2,"{""COW"":6,""SHEEP"":4}",10,33,11,11,0,0,0,34,173,270
92966513,1,288,289,12,7132.0,8,8,3,"{""COW"":8,""SHEEP"":4}",12,63,13,13,24,0,0,38,198,181
92966513,1,384,385,16,16669.0,6,6,3,"{""COW"":8,""SHEEP"":4}",12,63,13,13,24,0,0,40,212,178
92966513,1,480,481,20,31646.0,7,7,3,"{""COW"":8,""SHEEP"":4}",12,63,13,13,24,0,0,42,178,184
92966513,1,576,577,24,47285.0,7,7,3,"{""COW"":9,""SHEEP"":4}",13,62,14,14,18,0,0,45,9,10
92966513,1,719,719,29,60589.0,10,10,3,"{""COW"":9,""SHEEP"":4}",13,1,0,0,0,0,0,39,66,25
92967433,0,0,1,0,10.0,4,4,1,{},0,0,5,5,0,0,0,28,128,256
92967433,0,24,25,1,9.0,1,1,1,"{""COW"":1,""SHEEP"":4}",5,10,0,0,0,0,0,28,132,260
92967433,0,96,97,4,665.0,3,3,1,"{""COW"":1,""SHEEP"":4}",5,14,6,6,0,0,0,32,149,266
92967433,0,192,193,8,663.0,6,6,2,"{""COW"":6,""SHEEP"":4}",10,32,11,11,0,0,0,35,173,270
92967433,0,288,289,12,6663.0,8,8,3,"{""COW"":8,""SHEEP"":4}",12,62,13,13,24,0,0,39,189,171
92967433,0,384,385,16,18703.0,6,6,3,"{""COW"":8,""SHEEP"":4}",12,62,13,13,24,0,0,42,193,178
92967433,0,480,481,20,34418.0,7,7,3,"{""COW"":8,""SHEEP"":4}",12,62,13,13,25,0,0,44,158,84
92967433,0,576,577,24,43311.0,7,7,3,"{""COW"":9,""SHEEP"":4}",13,62,14,14,20,0,0,47,9,10
92967433,0,719,719,29,57513.0,10,10,3,"{""COW"":9,""SHEEP"":4}",13,1,0,0,0,0,0,42,57,25
92967433,1,0,1,0,19.0,5,5,1,{},1,0,5,5,0,0,0,28,128,256
92967433,1,24,25,1,19.0,0,0,1,"{""COW"":2,""SHEEP"":2}",4,19,3,0,0,0,0,28,132,260
92967433,1,96,97,4,156.0,5,5,1,"{""COW"":3,""SHEEP"":2}",5,19,6,6,0,0,0,32,149,266
92967433,1,192,193,8,194.0,5,5,2,"{""COW"":6,""SHEEP"":3}",10,30,10,9,0,0,0,35,173,270
92967433,1,288,289,12,14229.0,5,5,3,"{""COW"":6,""SHEEP"":8}",14,52,14,8,18,0,0,39,189,171
92967433,1,384,385,16,25913.0,5,5,3,"{""COW"":6,""SHEEP"":8}",14,54,15,9,0,0,0,42,193,178
92967433,1,480,481,20,40399.0,5,5,3,"{""COW"":6,""SHEEP"":8}",14,60,14,8,8,0,0,44,158,84
92967433,1,576,577,24,48248.0,5,5,3,"{""COW"":6,""SHEEP"":8}",14,57,11,5,0,0,0,47,9,10
92967433,1,719,719,29,59237.0,8,8,3,"{""COW"":6,""SHEEP"":6}",14,1,2,0,0,0,0,42,57,25
92968376,0,0,1,0,10.0,4,4,1,{},0,0,5,5,0,0,0,27,128,256
92968376,0,24,25,1,9.0,1,1,1,"{""COW"":1,""SHEEP"":4}",5,10,0,0,0,0,0,30,132,260
92968376,0,96,97,4,646.0,3,3,1,"{""COW"":1,""SHEEP"":4}",5,14,6,6,0,0,0,32,139,266
92968376,0,192,193,8,815.0,6,6,2,"{""COW"":6,""SHEEP"":4}",10,31,11,11,0,0,0,35,159,270
92968376,0,288,289,12,7680.0,8,8,3,"{""COW"":8,""SHEEP"":4}",12,60,13,13,24,0,0,41,190,215
92968376,0,384,385,16,20648.0,6,6,3,"{""COW"":8,""SHEEP"":4}",12,61,12,12,25,0,0,44,208,197
92968376,0,480,481,20,44186.0,7,7,3,"{""COW"":8,""SHEEP"":4}",12,61,13,13,27,0,0,48,195,197
92968376,0,576,577,24,73105.0,7,7,3,"{""COW"":9,""SHEEP"":4}",13,62,14,14,22,0,0,52,60,4
92968376,0,719,719,29,93468.0,10,10,3,"{""COW"":9,""SHEEP"":4}",13,1,0,0,0,0,0,51,32,1
92968376,1,0,1,0,2058.0,2,2,1,{},0,0,0,0,0,0,0,27,128,256
92968376,1,24,25,1,11.0,2,2,1,"{""COW"":3,""SHEEP"":1}",4,17,17,15,0,0,0,30,132,260
92968376,1,96,97,4,1001.0,2,2,1,"{""COW"":3,""SHEEP"":1}",4,19,7,5,0,0,0,32,139,266
92968376,1,192,193,8,1035.0,3,3,2,"{""COW"":5,""SHEEP"":2}",7,27,7,5,0,0,0,35,159,270
92968376,1,288,289,12,5964.0,3,3,3,"{""COW"":8,""SHEEP"":6}",14,39,79,77,0,9,0,41,190,215
92968376,1,384,385,16,16206.0,3,3,3,"{""COW"":8,""SHEEP"":6}",14,52,62,60,0,9,4,44,208,197
92968376,1,480,481,20,31898.0,3,3,3,"{""COW"":8,""SHEEP"":6}",14,51,38,36,8,15,10,48,195,197
92968376,1,576,577,24,51673.0,3,3,3,"{""COW"":8,""SHEEP"":6}",14,40,15,13,0,12,17,52,60,4
92968376,1,719,719,29,62256.0,12,12,3,"{""COW"":4,""SHEEP"":5}",14,7,0,0,0,0,0,51,32,1
92969308,0,0,1,0,165.0,2,2,1,{},1,0,17,17,0,0,0,30,128,256
92969308,0,24,25,1,23.0,2,2,1,"{""COW"":3,""SHEEP"":1}",4,17,17,13,0,0,0,30,132,260
92969308,0,96,97,4,723.0,2,2,1,"{""COW"":3,""SHEEP"":1}",4,19,17,13,0,0,0,33,139,266
92969308,0,192,193,8,460.0,6,6,2,"{""COW"":5,""SHEEP"":2}",7,27,21,21,0,0,0,32,145,270
92969308,0,288,289,12,9255.0,7,7,3,"{""COW"":8,""SHEEP"":6}",14,38,60,46,10,0,0,36,168,215
92969308,0,384,385,16,23529.0,9,9,3,"{""COW"":8,""SHEEP"":6}",14,56,51,37,9,3,0,39,186,205
92969308,0,480,481,20,37433.0,9,9,3,"{""COW"":8,""SHEEP"":6}",14,56,47,47,12,6,0,42,135,202
92969308,0,576,577,24,46245.0,9,9,3,"{""COW"":8,""SHEEP"":6}",14,44,42,42,6,6,8,46,7,7
92969308,0,719,719,29,61312.0,11,11,3,"{""COW"":8,""SHEEP"":6}",14,12,0,0,0,0,0,42,18,4
92969308,1,0,1,0,26.0,4,4,1,{},0,0,4,4,0,0,0,30,128,256
92969308,1,24,25,1,25.0,1,1,1,"{""COW"":1,""SHEEP"":4}",5,10,0,0,0,0,0,30,132,260
92969308,1,96,97,4,472.0,3,3,1,"{""COW"":1,""SHEEP"":3}",5,14,8,8,0,0,0,33,139,266
92969308,1,192,193,8,257.0,6,6,2,"{""COW"":6,""SHEEP"":3}",10,31,17,17,0,0,0,32,145,270
92969308,1,288,289,12,7045.0,8,8,3,"{""COW"":7,""SHEEP"":3}",12,61,21,21,18,0,0,36,168,215
92969308,1,384,385,16,19757.0,6,6,3,"{""COW"":7,""SHEEP"":3}",12,61,29,29,11,0,0,39,186,205
92969308,1,480,481,20,32903.0,7,7,3,"{""COW"":7,""SHEEP"":3}",12,61,37,37,11,0,0,42,135,202
92969308,1,576,577,24,47546.0,7,7,3,"{""COW"":8,""SHEEP"":3}",13,62,46,46,11,0,0,46,7,7
92969308,1,719,719,29,66402.0,10,10,3,"{""COW"":8,""SHEEP"":3}",13,1,0,0,0,0,0,42,18,4
92970237,0,0,1,0,19.0,5,5,1,{},0,0,5,5,0,0,0,28,128,256
92970237,0,24,25,1,19.0,0,0,1,"{""COW"":2,""SHEEP"":2}",6,19,1,1,0,0,0,28,132,260
92970237,0,96,97,4,788.0,4,4,1,"{""COW"":2,""SHEEP"":2}",6,19,5,5,0,0,0,32,139,266
92970237,0,192,193,8,455.0,5,5,2,"{""COW"":4,""SHEEP"":2}",12,38,9,9,0,0,0,33,145,270
92970237,0,288,289,12,11539.0,7,7,3,"{""COW"":8,""SHEEP"":6}",14,61,15,15,22,0,0,37,150,171
92970237,0,384,385,16,21612.0,7,7,3,"{""COW"":8,""SHEEP"":6}",14,61,15,15,24,0,0,41,114,178
92970237,0,480,481,20,36565.0,7,7,3,"{""COW"":8,""SHEEP"":6}",14,61,15,15,24,0,0,44,5,184
92970237,0,576,577,24,45063.0,7,7,3,"{""COW"":8,""SHEEP"":6}",14,58,15,15,24,0,0,47,5,10
92970237,0,719,719,29,63937.0,9,9,3,"{""COW"":8,""SHEEP"":6}",14,7,0,0,0,0,0,40,28,25
92970237,1,0,1,0,10.0,4,4,1,{},0,0,5,5,0,0,0,28,128,256
92970237,1,24,25,1,9.0,1,1,1,"{""COW"":1,""SHEEP"":4}",5,10,0,0,0,0,0,28,132,260
92970237,1,96,97,4,667.0,3,3,1,"{""COW"":1,""SHEEP"":4}",5,14,6,6,0,0,0,32,139,266
92970237,1,192,193,8,1531.0,6,6,2,"{""COW"":6,""SHEEP"":4}",10,33,11,11,0,0,0,33,145,270
92970237,1,288,289,12,9242.0,8,8,3,"{""COW"":8,""SHEEP"":4}",12,63,13,13,24,0,0,37,150,171
92970237,1,384,385,16,28195.0,6,6,3,"{""COW"":8,""SHEEP"":4}",12,63,13,13,24,0,0,41,114,178
92970237,1,480,481,20,41038.0,7,7,3,"{""COW"":8,""SHEEP"":4}",12,63,13,13,24,0,0,44,5,184
92970237,1,576,577,24,53079.0,7,7,3,"{""COW"":9,""SHEEP"":4}",13,62,14,14,18,0,0,47,5,10
92970237,1,719,719,29,75293.0,10,10,3,"{""COW"":9,""SHEEP"":4}",13,1,0,0,0,0,0,40,28,25
92971175,0,0,1,0,19.0,5,5,1,{},1,0,5,5,0,0,0,28,128,256
92971175,0,24,25,1,19.0,0,0,1,"{""COW"":2,""SHEEP"":2}",4,19,3,0,0,0,0,28,132,260
92971175,0,96,97,4,139.0,5,5,1,"{""COW"":3,""SHEEP"":2}",5,19,6,6,0,0,0,32,139,266
92971175,0,192,193,8,464.0,5,5,2,"{""COW"":6,""SHEEP"":3}",10,28,10,10,0,0,0,34,145,270
92971175,0,288,289,12,13984.0,5,5,3,"{""COW"":6,""SHEEP"":8}",14,51,14,8,18,0,0,38,150,171
92971175,0,384,385,16,29433.0,5,5,3,"{""COW"":6,""SHEEP"":8}",14,49,15,9,0,0,0,40,107,178
92971175,0,480,481,20,45585.0,5,5,3,"{""COW"":6,""SHEEP"":8}",14,59,19,13,18,12,0,43,5,84
92971175,0,576,577,24,58350.0,5,5,3,"{""COW"":6,""SHEEP"":8}",14,59,10,4,4,12,0,44,7,10
92971175,0,719,719,29,80027.0,8,8,3,"{""COW"":6,""SHEEP"":6}",14,0,0,0,0,0,0,38,28,25
92971175,1,0,1,0,10.0,4,4,1,{},0,0,5,5,0,0,0,28,128,256
92971175,1,24,25,1,9.0,1,1,1,"{""COW"":1,""SHEEP"":4}",5,10,0,0,0,0,0,28,132,260
92971175,1,96,97,4,666.0,3,3,1,"{""COW"":1,""SHEEP"":4}",5,14,6,6,0,0,0,32,139,266
92971175,1,192,193,8,1473.0,6,6,2,"{""COW"":6,""SHEEP"":4}",10,33,11,11,0,0,0,34,145,270
92971175,1,288,289,12,8906.0,8,8,3,"{""COW"":8,""SHEEP"":4}",12,63,13,13,24,0,0,38,150,171
92971175,1,384,385,16,22880.0,6,6,3,"{""COW"":8,""SHEEP"":4}",12,63,13,13,24,0,0,40,107,178
92971175,1,480,481,20,28442.0,7,7,3,"{""COW"":8,""SHEEP"":4}",12,63,13,13,24,0,0,43,5,84
92971175,1,576,577,24,31813.0,7,7,3,"{""COW"":9,""SHEEP"":4}",13,62,14,14,18,0,0,44,7,10
92971175,1,719,719,29,50391.0,10,10,3,"{""COW"":9,""SHEEP"":4}",13,1,0,0,0,0,0,38,28,25
92972119,0,0,1,0,10.0,4,4,1,{},0,0,5,5,0,0,0,28,128,256
92972119,0,24,25,1,9.0,1,1,1,"{""COW"":1,""SHEEP"":4}",5,10,0,0,0,0,0,28,132,260
92972119,0,96,97,4,665.0,3,3,1,"{""COW"":1,""SHEEP"":4}",5,14,6,6,0,0,0,32,149,266
92972119,0,192,193,8,783.0,6,6,2,"{""COW"":6,""SHEEP"":4}",10,33,11,11,0,0,0,35,173,270
92972119,0,288,289,12,7157.0,8,8,3,"{""COW"":8,""SHEEP"":4}",12,63,13,13,24,0,0,39,198,171
92972119,0,384,385,16,21721.0,6,6,3,"{""COW"":8,""SHEEP"":4}",12,63,13,13,24,0,0,43,214,178
92972119,0,480,481,20,49548.0,7,7,3,"{""COW"":8,""SHEEP"":4}",12,63,13,13,24,0,0,47,202,184
92972119,0,576,577,24,82508.0,7,7,3,"{""COW"":9,""SHEEP"":4}",13,62,14,14,18,0,0,51,62,10
92972119,0,719,719,29,118310.0,10,10,3,"{""COW"":9,""SHEEP"":4}",13,1,0,0,0,0,0,48,147,1
92972119,1,0,1,0,19.0,5,5,1,{},0,0,5,5,0,0,0,28,128,256
92972119,1,24,25,1,19.0,0,0,1,"{""COW"":2,""SHEEP"":2}",6,19,1,1,0,0,0,28,132,260
92972119,1,96,97,4,787.0,4,4,1,"{""COW"":2,""SHEEP"":2}",6,19,5,5,0,0,0,32,149,266
92972119,1,192,193,8,111.0,5,5,2,"{""COW"":4,""SHEEP"":2}",12,38,9,9,0,0,0,35,173,270
92972119,1,288,289,12,11427.0,7,7,3,"{""COW"":8,""SHEEP"":6}",14,61,14,14,8,6,0,39,198,171
92972119,1,384,385,16,16929.0,7,7,3,"{""COW"":8,""SHEEP"":6}",14,61,14,14,14,13,0,43,214,178
92972119,1,480,481,20,35521.0,7,7,3,"{""COW"":8,""SHEEP"":6}",14,61,14,14,19,19,0,47,202,184
92972119,1,576,577,24,62871.0,6,6,3,"{""COW"":8,""SHEEP"":6}",14,51,14,14,23,18,0,51,62,10
92972119,1,719,719,29,94635.0,8,8,3,"{""COW"":8,""SHEEP"":5}",14,11,2,0,0,0,0,48,147,1
92973040,0,0,1,0,10.0,4,4,1,{},0,0,5,5,0,0,0,27,128,256
92973040,0,24,25,1,9.0,1,1,1,"{""COW"":1,""SHEEP"":4}",5,10,0,0,0,0,0,28,132,260
92973040,0,96,97,4,660.0,3,3,1,"{""COW"":1,""SHEEP"":4}",5,14,6,6,0,0,0,32,139,266
92973040,0,192,193,8,1071.0,6,6,2,"{""COW"":6,""SHEEP"":4}",10,33,11,11,0,0,0,32,145,270
92973040,0,288,289,12,8687.0,8,8,3,"{""COW"":8,""SHEEP"":4}",12,63,13,13,24,0,0,36,168,171
92973040,0,384,385,16,24923.0,6,6,3,"{""COW"":8,""SHEEP"":4}",12,63,13,13,24,0,0,38,191,178
92973040,0,480,481,20,42604.0,7,7,3,"{""COW"":8,""SHEEP"":4}",12,63,13,13,24,0,0,41,168,184
92973040,0,576,577,24,61878.0,7,7,3,"{""COW"":9,""SHEEP"":4}",13,62,14,14,18,0,0,44,12,7
92973040,0,719,719,29,82001.0,10,10,3,"{""COW"":9,""SHEEP"":4}",13,1,0,0,0,0,0,36,108,16
92973040,1,0,1,0,158.0,5,5,1,{},0,0,0,0,0,0,0,27,128,256
92973040,1,24,25,1,18.0,0,0,1,"{""COW"":2,""SHEEP"":2}",6,19,3,3,0,0,0,28,132,260
92973040,1,96,97,4,141.0,5,5,1,"{""COW"":3,""SHEEP"":2}",6,19,11,8,0,0,0,32,139,266
92973040,1,192,193,8,315.0,5,5,2,"{""COW"":6,""SHEEP"":4}",12,27,11,8,0,0,0,32,145,270
92973040,1,288,289,12,13699.0,5,5,3,"{""COW"":8,""SHEEP"":6}",14,58,19,16,18,0,0,36,168,171
92973040,1,384,385,16,22620.0,5,5,3,"{""COW"":8,""SHEEP"":6}",14,61,19,16,18,0,8,38,191,178
92973040,1,480,481,20,41569.0,5,5,3,"{""COW"":8,""SHEEP"":6}",14,61,19,16,27,0,4,41,168,184
92973040,1,576,577,24,55464.0,5,5,3,"{""COW"":8,""SHEEP"":6}",14,53,19,19,20,0,4,44,12,7
92973040,1,719,719,29,72685.0,6,6,3,"{""COW"":8,""SHEEP"":6}",14,0,0,0,0,0,0,36,108,16
92973981,0,0,1,0,10.0,4,4,1,{},0,0,5,5,0,0,0,27,128,256
92973981,0,24,25,1,9.0,1,1,1,"{""COW"":1,""SHEEP"":4}",5,10,0,0,0,0,0,28,132,260
92973981,0,96,97,4,658.0,3,3,1,"{""COW"":1,""SHEEP"":4}",5,14,6,6,0,0,0,32,149,266
92973981,0,192,193,8,735.0,6,6,2,"{""COW"":6,""SHEEP"":4}",10,33,11,11,0,0,0,35,181,270
92973981,0,288,289,12,6979.0,8,8,3,"{""COW"":8,""SHEEP"":4}",12,63,13,13,24,0,0,39,206,171
92973981,0,384,385,16,18623.0,6,6,3,"{""COW"":8,""SHEEP"":4}",12,63,13,13,24,0,0,43,227,178
92973981,0,480,481,20,36975.0,7,7,3,"{""COW"":8,""SHEEP"":4}",12,63,13,13,24,0,0,46,210,184
92973981,0,576,577,24,65395.0,7,7,3,"{""COW"":9,""SHEEP"":4}",13,62,14,14,18,0,0,50,34,7
92973981,0,719,719,29,82941.0,10,10,3,"{""COW"":9,""SHEEP"":4}",13,1,0,0,0,0,0,47,108,16
92973981,1,0,1,0,158.0,5,5,1,{},0,0,0,0,0,0,0,27,128,256
92973981,1,24,25,1,18.0,0,0,1,"{""COW"":2,""SHEEP"":2}",6,19,3,3,0,0,0,28,132,260
92973981,1,96,97,4,142.0,5,5,1,"{""COW"":3,""SHEEP"":2}",6,19,11,8,0,0,0,32,149,266
92973981,1,192,193,8,244.0,5,5,2,"{""COW"":6,""SHEEP"":4}",12,26,10,7,0,0,0,35,181,270
92973981,1,288,289,12,13389.0,5,5,3,"{""COW"":8,""SHEEP"":6}",14,57,15,12,18,0,0,39,206,171
92973981,1,384,385,16,19497.0,5,5,3,"{""COW"":8,""SHEEP"":6}",14,60,15,12,18,0,8,43,227,178
92973981,1,480,481,20,33826.0,5,5,3,"{""COW"":8,""SHEEP"":6}",14,60,15,12,28,0,4,46,210,184
92973981,1,576,577,24,52055.0,5,5,3,"{""COW"":8,""SHEEP"":6}",14,53,15,15,22,0,4,50,34,7
92973981,1,719,719,29,61242.0,6,6,3,"{""COW"":8,""SHEEP"":6}",14,0,0,0,2,0,0,47,108,16
92974927,0,0,1,0,10.0,4,4,1,{},0,0,5,5,0,0,0,28,128,256
92974927,0,24,25,1,9.0,1,1,1,"{""COW"":1,""SHEEP"":4}",5,10,0,0,0,0,0,28,132,260
92974927,0,96,97,4,667.0,3,3,1,"{""COW"":1,""SHEEP"":4}",5,14,6,6,0,0,0,32,139,266
92974927,0,192,193,8,1520.0,6,6,2,"{""COW"":6,""SHEEP"":4}",10,33,11,11,0,0,0,33,159,270
92974927,0,288,289,12,9129.0,8,8,3,"{""COW"":8,""SHEEP"":4}",12,63,13,13,24,0,0,37,190,171
92974927,0,384,385,16,25909.0,6,6,3,"{""COW"":8,""SHEEP"":4}",12,63,13,13,24,0,0,41,217,178
92974927,0,480,481,20,46054.0,7,7,3,"{""COW"":8,""SHEEP"":4}",12,63,13,13,24,0,0,45,201,184
92974927,0,576,577,24,77587.0,7,7,3,"{""COW"":9,""SHEEP"":4}",13,62,14,14,18,0,0,49,70,10
92974927,0,719,719,29,101901.0,10,10,3,"{""COW"":9,""SHEEP"":4}",13,1,0,0,0,0,0,45,120,25
92974927,1,0,1,0,19.0,5,5,1,{},0,0,5,5,0,0,0,28,128,256
92974927,1,24,25,1,19.0,0,0,1,"{""COW"":2,""SHEEP"":2}",6,19,1,1,0,0,0,28,132,260
92974927,1,96,97,4,788.0,4,4,1,"{""COW"":2,""SHEEP"":2}",6,19,5,5,0,0,0,32,139,266
92974927,1,192,193,8,470.0,5,5,2,"{""COW"":4,""SHEEP"":2}",12,38,9,9,0,0,0,33,159,270
92974927,1,288,289,12,11387.0,7,7,3,"{""COW"":8,""SHEEP"":6}",14,61,15,15,22,0,0,37,190,171
92974927,1,384,385,16,18560.0,7,7,3,"{""COW"":8,""SHEEP"":6}",14,61,15,15,24,0,0,41,217,178
92974927,1,480,481,20,42350.0,7,7,3,"{""COW"":8,""SHEEP"":6}",14,61,15,15,24,0,0,45,201,184
92974927,1,576,577,24,67976.0,7,7,3,"{""COW"":8,""SHEEP"":6}",14,58,15,15,24,0,0,49,70,10
92974927,1,719,719,29,89220.0,10,10,3,"{""COW"":8,""SHEEP"":6}",14,11,0,0,0,0,0,45,120,25
92975873,0,0,1,0,27.0,4,4,1,{},0,0,4,4,0,0,0,29,128,256
92975873,0,24,25,1,26.0,1,1,1,"{""COW"":1,""SHEEP"":4}",5,10,0,0,0,0,0,29,132,260
92975873,0,96,97,4,476.0,3,3,1,"{""COW"":1,""SHEEP"":3}",5,14,8,8,0,0,0,33,149,266
92975873,0,192,193,8,178.0,6,6,2,"{""COW"":6,""SHEEP"":3}",10,31,16,16,0,0,0,35,173,270
92975873,0,288,289,12,7482.0,8,8,3,"{""COW"":7,""SHEEP"":3}",12,60,21,21,18,0,0,38,190,200
92975873,0,384,385,16,26649.0,6,6,3,"{""COW"":7,""SHEEP"":3}",12,60,29,29,11,0,0,40,201,188
92975873,0,480,481,20,51401.0,7,7,3,"{""COW"":7,""SHEEP"":3}",12,60,37,37,11,0,0,42,170,194
92975873,0,576,577,24,73978.0,7,7,3,"{""COW"":8,""SHEEP"":3}",13,61,46,46,11,0,0,46,9,10
92975873,0,719,719,29,109369.0,10,10,3,"{""COW"":8,""SHEEP"":3}",13,1,0,0,0,0,0,40,55,25
92975873,1,0,1,0,132.0,6,6,1,{},1,0,12,12,0,0,0,29,128,256
92975873,1,24,25,1,55.0,7,7,1,"{""COW"":2,""SHEEP"":2}",4,9,8,5,0,0,0,29,132,260
92975873,1,96,97,4,133.0,7,7,1,"{""COW"":2,""SHEEP"":2}",4,17,12,12,0,0,0,33,149,266
92975873,1,192,193,8,183.0,8,8,2,"{""COW"":4,""SHEEP"":2}",7,35,18,18,0,0,0,35,173,270
92975873,1,288,289,12,10905.0,8,8,3,"{""COW"":4,""SHEEP"":8}",12,50,36,33,3,0,0,38,190,200
92975873,1,384,385,16,24773.0,6,6,3,"{""COW"":4,""SHEEP"":8}",12,55,36,36,18,0,0,40,201,188
92975873,1,480,481,20,46797.0,8,8,3,"{""COW"":4,""SHEEP"":8}",12,47,36,36,20,0,0,42,170,194
92975873,1,576,577,24,73268.0,7,7,3,"{""COW"":4,""SHEEP"":8}",12,34,36,36,10,0,0,46,9,10
92975873,1,719,719,29,100884.0,8,8,3,"{""COW"":4,""SHEEP"":8}",12,2,0,0,0,0,0,40,55,25
92976813,0,0,1,0,158.0,5,5,1,{},0,0,0,0,0,0,0,27,128,256
92976813,0,24,25,1,18.0,0,0,1,"{""COW"":2,""SHEEP"":2}",6,19,3,3,0,0,0,28,132,260
92976813,0,96,97,4,141.0,5,5,1,"{""COW"":3,""SHEEP"":2}",6,19,11,8,0,0,0,32,149,266
92976813,0,192,193,8,315.0,5,5,2,"{""COW"":6,""SHEEP"":4}",12,27,11,8,0,0,0,32,173,270
92976813,0,288,289,12,15210.0,5,5,3,"{""COW"":8,""SHEEP"":6}",14,58,19,16,18,0,0,35,189,171
92976813,0,384,385,16,27678.0,5,5,3,"{""COW"":8,""SHEEP"":6}",14,61,19,16,18,0,8,36,197,178
92976813,0,480,481,20,49924.0,5,5,3,"{""COW"":8,""SHEEP"":6}",14,61,19,16,27,0,4,39,158,184
92976813,0,576,577,24,60671.0,5,5,3,"{""COW"":8,""SHEEP"":6}",14,53,19,19,20,0,4,41,9,7
92976813,0,719,719,29,75614.0,6,6,3,"{""COW"":8,""SHEEP"":6}",14,0,0,0,0,0,0,22,62,16
92976813,1,0,1,0,10.0,4,4,1,{},0,0,5,5,0,0,0,27,128,256
92976813,1,24,25,1,9.0,1,1,1,"{""COW"":1,""SHEEP"":4}",5,10,0,0,0,0,0,28,132,260
92976813,1,96,97,4,660.0,3,3,1,"{""COW"":1,""SHEEP"":4}",5,14,6,6,0,0,0,32,149,266
92976813,1,192,193,8,1071.0,6,6,2,"{""COW"":6,""SHEEP"":4}",10,33,11,11,0,0,0,32,173,270
92976813,1,288,289,12,9269.0,8,8,3,"{""COW"":8,""SHEEP"":4}",12,63,13,13,24,0,0,35,189,171
92976813,1,384,385,16,29119.0,6,6,3,"{""COW"":8,""SHEEP"":4}",12,63,13,13,24,0,0,36,197,178
92976813,1,480,481,20,49754.0,7,7,3,"{""COW"":8,""SHEEP"":4}",12,63,13,13,24,0,0,39,158,184
92976813,1,576,577,24,65761.0,7,7,3,"{""COW"":9,""SHEEP"":4}",13,62,14,14,18,0,0,41,9,7
92976813,1,719,719,29,83203.0,10,10,3,"{""COW"":9,""SHEEP"":4}",13,1,0,0,0,0,0,22,62,16
92977749,0,0,1,0,19.0,5,5,1,{},0,0,5,5,0,0,0,28,128,256
92977749,0,24,25,1,19.0,0,0,1,"{""COW"":2,""SHEEP"":2}",6,19,1,1,0,0,0,28,132,260
92977749,0,96,97,4,788.0,4,4,1,"{""COW"":2,""SHEEP"":2}",6,19,5,5,0,0,0,32,139,266
92977749,0,192,193,8,470.0,5,5,2,"{""COW"":4,""SHEEP"":2}",12,38,9,9,0,0,0,33,159,270
92977749,0,288,289,12,11863.0,7,7,3,"{""COW"":8,""SHEEP"":6}",14,61,15,15,8,6,0,36,190,171
92977749,0,384,385,16,21520.0,7,7,3,"{""COW"":8,""SHEEP"":6}",14,61,15,15,19,1,0,39,214,178
92977749,0,480,481,20,45748.0,7,7,3,"{""COW"":8,""SHEEP"":6}",14,61,15,15,24,1,0,42,179,184
92977749,0,576,577,24,62317.0,6,6,3,"{""COW"":8,""SHEEP"":6}",14,57,15,15,5,3,0,44,11,10
92977749,0,719,719,29,82679.0,11,11,3,"{""COW"":8,""SHEEP"":6}",14,4,0,0,0,0,0,34,49,25
92977749,1,0,1,0,10.0,4,4,1,{},0,0,5,5,0,0,0,28,128,256
92977749,1,24,25,1,9.0,1,1,1,"{""COW"":1,""SHEEP"":4}",5,10,0,0,0,0,0,28,132,260
92977749,1,96,97,4,667.0,3,3,1,"{""COW"":1,""SHEEP"":4}",5,14,6,6,0,0,0,32,139,266
92977749,1,192,193,8,1520.0,6,6,2,"{""COW"":6,""SHEEP"":4}",10,33,11,11,0,0,0,33,159,270
92977749,1,288,289,12,9201.0,8,8,3,"{""COW"":8,""SHEEP"":4}",12,63,13,13,24,0,0,36,190,171
92977749,1,384,385,16,28459.0,6,6,3,"{""COW"":8,""SHEEP"":4}",12,63,13,13,24,0,0,39,214,178
92977749,1,480,481,20,50337.0,7,7,3,"{""COW"":8,""SHEEP"":4}",12,63,13,13,24,0,0,42,179,184
92977749,1,576,577,24,74089.0,7,7,3,"{""COW"":9,""SHEEP"":4}",13,62,14,14,18,0,0,44,11,10
92977749,1,719,719,29,94162.0,10,10,3,"{""COW"":9,""SHEEP"":4}",13,1,0,0,0,0,0,34,49,25
92978681,0,0,1,0,2.0,5,5,1,{},0,0,14,14,0,0,0,29,128,256
92978681,0,24,25,1,0.0,1,1,1,"{""COW"":1,""SHEEP"":4}",5,10,0,0,0,0,0,28,132,260
92978681,0,96,97,4,500.0,3,3,1,"{""COW"":1,""SHEEP"":4}",5,14,11,11,0,0,0,33,149,266
92978681,0,192,193,8,958.0,6,6,2,"{""COW"":6,""SHEEP"":4}",10,33,12,12,0,0,0,35,173,270
92978681,0,288,289,12,8736.0,8,8,3,"{""COW"":8,""SHEEP"":4}",12,61,16,16,12,6,0,38,199,228
92978681,0,384,385,16,17619.0,6,6,3,"{""COW"":8,""SHEEP"":4}",12,61,38,38,15,3,16,41,221,232
92978681,0,480,481,20,43919.0,7,7,3,"{""COW"":8,""SHEEP"":4}",12,61,44,44,15,8,4,43,186,235
92978681,0,576,577,24,65527.0,7,7,3,"{""COW"":8,""SHEEP"":4}",13,62,36,36,11,6,12,44,9,10
92978681,0,719,719,29,89045.0,10,10,3,"{""COW"":8,""SHEEP"":4}",13,1,0,0,0,0,0,22,60,25
92978681,1,0,1,0,27.0,4,4,1,{},0,0,4,4,0,0,0,29,128,256
92978681,1,24,25,1,26.0,1,1,1,"{""COW"":1,""SHEEP"":4}",5,10,0,0,0,0,0,28,132,260
92978681,1,96,97,4,488.0,3,3,1,"{""COW"":1,""SHEEP"":3}",5,14,8,8,0,0,0,33,149,266
92978681,1,192,193,8,162.0,6,6,2,"{""COW"":6,""SHEEP"":3}",10,31,17,17,0,0,0,35,173,270
92978681,1,288,289,12,7177.0,8,8,3,"{""COW"":7,""SHEEP"":3}",12,60,21,21,18,0,0,38,199,228
92978681,1,384,385,16,21830.0,6,6,3,"{""COW"":7,""SHEEP"":3}",12,60,29,29,11,0,0,41,221,232
92978681,1,480,481,20,37029.0,7,7,3,"{""COW"":7,""SHEEP"":3}",12,60,37,37,11,0,0,43,186,235
92978681,1,576,577,24,57296.0,7,7,3,"{""COW"":8,""SHEEP"":3}",13,61,46,46,11,0,0,44,9,10
92978681,1,719,719,29,73569.0,10,10,3,"{""COW"":8,""SHEEP"":3}",13,1,0,0,0,0,0,22,60,25
92979615,0,0,1,0,26.0,4,4,1,{},0,0,4,4,0,0,0,30,128,256
92979615,0,24,25,1,25.0,1,1,1,"{""COW"":1,""SHEEP"":4}",5,10,0,0,0,0,0,30,132,260
92979615,0,96,97,4,472.0,3,3,1,"{""COW"":1,""SHEEP"":3}",5,14,8,8,0,0,0,33,139,266
92979615,0,192,193,8,174.0,6,6,2,"{""COW"":5,""SHEEP"":3}",10,33,16,16,0,0,0,33,145,270
92979615,0,288,289,12,6781.0,8,8,3,"{""COW"":6,""SHEEP"":3}",12,62,25,25,15,0,0,37,150,215
92979615,0,384,385,16,19133.0,6,6,3,"{""COW"":6,""SHEEP"":3}",12,62,36,36,7,0,0,39,120,205
92979615,0,480,481,20,29217.0,7,7,3,"{""COW"":6,""SHEEP"":3}",12,62,48,48,9,0,0,42,5,202
92979615,0,576,577,24,43866.0,7,7,3,"{""COW"":7,""SHEEP"":3}",13,61,50,50,10,0,0,46,7,7
92979615,0,719,719,29,70919.0,10,10,3,"{""COW"":7,""SHEEP"":3}",13,1,0,0,0,0,0,42,20,4
92979615,1,0,1,0,165.0,2,2,1,{},1,0,17,17,0,0,0,30,128,256
92979615,1,24,25,1,23.0,2,2,1,"{""COW"":3,""SHEEP"":1}",4,17,17,13,0,0,0,30,132,260
92979615,1,96,97,4,724.0,2,2,1,"{""COW"":3,""SHEEP"":1}",4,19,17,13,0,0,0,33,139,266
92979615,1,192,193,8,412.0,6,6,2,"{""COW"":5,""SHEEP"":2}",7,27,21,21,0,0,0,33,145,270
92979615,1,288,289,12,9664.0,7,7,3,"{""COW"":8,""SHEEP"":6}",14,38,60,46,10,0,0,37,150,215
92979615,1,384,385,16,20619.0,9,9,3,"{""COW"":8,""SHEEP"":6}",14,56,51,37,9,3,0,39,120,205
92979615,1,480,481,20,32682.0,9,9,3,"{""COW"":8,""SHEEP"":6}",14,56,47,47,12,6,0,42,5,202
92979615,1,576,577,24,39953.0,9,9,3,"{""COW"":8,""SHEEP"":6}",14,43,42,42,6,5,8,46,7,7
92979615,1,719,719,29,61013.0,10,10,3,"{""COW"":8,""SHEEP"":6}",14,11,0,0,0,0,0,42,20,4
92980531,0,0,1,0,19.0,5,5,1,{},0,0,5,5,0,0,0,28,128,256
92980531,0,24,25,1,19.0,0,0,1,"{""COW"":2,""SHEEP"":2}",6,19,1,1,0,0,0,28,132,260
92980531,0,96,97,4,788.0,4,4,1,"{""COW"":2,""SHEEP"":2}",6,19,5,5,0,0,0,32,139,266
92980531,0,192,193,8,113.0,5,5,2,"{""COW"":4,""SHEEP"":2}",12,38,9,9,0,0,0,33,145,270
92980531,0,288,289,12,10947.0,7,7,3,"{""COW"":8,""SHEEP"":6}",14,61,14,14,8,6,0,36,168,171
92980531,0,384,385,16,17169.0,7,7,3,"{""COW"":8,""SHEEP"":6}",14,61,14,14,19,1,0,39,178,178
92980531,0,480,481,20,28168.0,7,7,3,"{""COW"":8,""SHEEP"":6}",14,61,14,14,24,1,0,41,43,184
92980531,0,576,577,24,28166.0,6,6,3,"{""COW"":8,""SHEEP"":6}",14,57,14,14,5,3,0,45,11,10
92980531,0,719,719,29,36199.0,11,11,3,"{""COW"":8,""SHEEP"":6}",14,4,0,0,0,0,0,36,49,25
92980531,1,0,1,0,10.0,4,4,1,{},0,0,5,5,0,0,0,28,128,256
92980531,1,24,25,1,9.0,1,1,1,"{""COW"":1,""SHEEP"":4}",5,10,0,0,0,0,0,28,132,260
92980531,1,96,97,4,667.0,3,3,1,"{""COW"":1,""SHEEP"":4}",5,14,6,6,0,0,0,32,139,266
92980531,1,192,193,8,810.0,6,6,2,"{""COW"":6,""SHEEP"":4}",10,33,11,11,0,0,0,33,145,270
92980531,1,288,289,12,6882.0,8,8,3,"{""COW"":8,""SHEEP"":4}",12,63,13,13,24,0,0,36,168,171
92980531,1,384,385,16,18627.0,6,6,3,"{""COW"":8,""SHEEP"":4}",12,63,13,13,24,0,0,39,178,178
92980531,1,480,481,20,32306.0,7,7,3,"{""COW"":8,""SHEEP"":4}",12,63,13,13,24,0,0,41,43,184
92980531,1,576,577,24,39644.0,7,7,3,"{""COW"":9,""SHEEP"":4}",13,62,14,14,18,0,0,45,11,10
92980531,1,719,719,29,52127.0,10,10,3,"{""COW"":9,""SHEEP"":4}",13,1,0,0,0,0,0,36,49,25
92980601,0,0,1,0,19.0,5,5,1,{},0,0,5,5,0,0,0,28,128,256
92980601,0,24,25,1,19.0,0,0,1,"{""COW"":2,""SHEEP"":2}",6,19,1,1,0,0,0,28,132,260
92980601,0,96,97,4,788.0,4,4,1,"{""COW"":2,""SHEEP"":2}",6,19,5,5,0,0,0,32,139,266
92980601,0,192,193,8,113.0,5,5,2,"{""COW"":4,""SHEEP"":2}",12,38,9,9,0,0,0,33,159,270
92980601,0,288,289,12,10471.0,7,7,3,"{""COW"":8,""SHEEP"":6}",14,61,14,14,22,0,0,37,190,171
92980601,0,384,385,16,14303.0,7,7,3,"{""COW"":8,""SHEEP"":6}",14,61,14,14,24,0,0,40,204,178
92980601,0,480,481,20,28021.0,7,7,3,"{""COW"":8,""SHEEP"":6}",14,61,14,14,24,0,0,42,128,184
92980601,0,576,577,24,31285.0,6,6,3,"{""COW"":8,""SHEEP"":6}",14,57,14,14,24,0,0,44,7,7
92980601,0,719,719,29,41952.0,10,10,3,"{""COW"":8,""SHEEP"":6}",14,9,0,0,0,0,0,34,51,22
92980601,1,0,1,0,10.0,4,4,1,{},0,0,5,5,0,0,0,28,128,256
92980601,1,24,25,1,9.0,1,1,1,"{""COW"":1,""SHEEP"":4}",5,10,0,0,0,0,0,28,132,260
92980601,1,96,97,4,667.0,3,3,1,"{""COW"":1,""SHEEP"":4}",5,14,6,6,0,0,0,32,139,266
92980601,1,192,193,8,810.0,6,6,2,"{""COW"":6,""SHEEP"":4}",10,33,11,11,0,0,0,33,159,270
92980601,1,288,289,12,6811.0,8,8,3,"{""COW"":8,""SHEEP"":4}",12,63,13,13,24,0,0,37,190,171
92980601,1,384,385,16,16504.0,6,6,3,"{""COW"":8,""SHEEP"":4}",12,63,13,13,24,0,0,40,204,178
92980601,1,480,481,20,30753.0,7,7,3,"{""COW"":8,""SHEEP"":4}",12,63,13,13,24,0,0,42,128,184
92980601,1,576,577,24,41206.0,7,7,3,"{""COW"":9,""SHEEP"":4}",13,62,14,14,18,0,0,44,7,7
92980601,1,719,719,29,55388.0,10,10,3,"{""COW"":9,""SHEEP"":4}",13,1,0,0,0,0,0,34,51,22
92981479,0,0,1,0,19.0,5,5,1,{},0,0,5,5,0,0,0,28,128,256
92981479,0,24,25,1,19.0,0,0,1,"{""COW"":2,""SHEEP"":2}",6,19,1,1,0,0,0,28,132,260
92981479,0,96,97,4,787.0,4,4,1,"{""COW"":2,""SHEEP"":2}",6,19,5,5,0,0,0,32,149,266
92981479,0,192,193,8,113.0,5,5,2,"{""COW"":4,""SHEEP"":2}",12,38,9,9,0,0,0,35,173,270
92981479,0,288,289,12,11160.0,7,7,3,"{""COW"":8,""SHEEP"":6}",14,61,15,15,22,0,0,39,199,171
92981479,0,384,385,16,18194.0,7,7,3,"{""COW"":8,""SHEEP"":6}",14,61,15,15,24,0,0,43,223,178
92981479,0,480,481,20,39777.0,7,7,3,"{""COW"":8,""SHEEP"":6}",14,61,15,15,24,16,0,47,210,184
92981479,0,576,577,24,67349.0,6,6,3,"{""COW"":8,""SHEEP"":6}",14,51,15,15,23,0,0,51,135,10
92981479,0,719,719,29,100558.0,8,8,3,"{""COW"":8,""SHEEP"":6}",14,11,0,0,0,0,0,49,172,1
92981479,1,0,1,0,10.0,4,4,1,{},0,0,5,5,0,0,0,28,128,256
92981479,1,24,25,1,9.0,1,1,1,"{""COW"":1,""SHEEP"":4}",5,10,0,0,0,0,0,28,132,260
92981479,1,96,97,4,665.0,3,3,1,"{""COW"":1,""SHEEP"":4}",5,14,6,6,0,0,0,32,149,266
92981479,1,192,193,8,780.0,6,6,2,"{""COW"":6,""SHEEP"":4}",10,33,11,11,0,0,0,35,173,270
92981479,1,288,289,12,7083.0,8,8,3,"{""COW"":8,""SHEEP"":4}",12,63,13,13,24,0,0,39,199,171
92981479,1,384,385,16,21372.0,6,6,3,"{""COW"":8,""SHEEP"":4}",12,63,13,13,24,0,0,43,223,178
92981479,1,480,481,20,47901.0,7,7,3,"{""COW"":8,""SHEEP"":4}",12,63,13,13,24,0,0,47,210,184
92981479,1,576,577,24,81189.0,7,7,3,"{""COW"":9,""SHEEP"":4}",13,62,14,14,18,0,0,51,135,10
92981479,1,719,719,29,113364.0,10,10,3,"{""COW"":9,""SHEEP"":4}",13,1,0,0,0,0,0,49,172,1
92982410,0,0,1,0,10.0,4,4,1,{},0,0,5,5,0,0,0,28,128,256
92982410,0,24,25,1,9.0,1,1,1,"{""COW"":1,""SHEEP"":4}",5,10,0,0,0,0,0,28,132,260
92982410,0,96,97,4,665.0,3,3,1,"{""COW"":1,""SHEEP"":4}",5,14,6,6,0,0,0,32,139,266
92982410,0,192,193,8,783.0,6,6,2,"{""COW"":6,""SHEEP"":4}",10,33,11,11,0,0,0,35,145,270
92982410,0,288,289,12,7285.0,8,8,3,"{""COW"":8,""SHEEP"":4}",12,63,13,13,24,0,0,39,151,171
92982410,0,384,385,16,22174.0,6,6,3,"{""COW"":8,""SHEEP"":4}",12,63,13,13,24,0,0,43,159,178
92982410,0,480,481,20,42527.0,7,7,3,"{""COW"":8,""SHEEP"":4}",12,63,13,13,24,0,0,46,7,184
92982410,0,576,577,24,58136.0,7,7,3,"{""COW"":9,""SHEEP"":4}",13,62,14,14,18,0,0,50,11,10
92982410,0,719,719,29,93802.0,10,10,3,"{""COW"":9,""SHEEP"":4}",13,1,0,0,0,0,0,46,49,25
92982410,1,0,1,0,19.0,5,5,1,{},0,0,5,5,0,0,0,28,128,256
92982410,1,24,25,1,19.0,0,0,1,"{""COW"":2,""SHEEP"":2}",6,19,1,1,0,0,0,28,132,260
92982410,1,96,97,4,787.0,4,4,1,"{""COW"":2,""SHEEP"":2}",6,19,5,5,0,0,0,32,139,266
92982410,1,192,193,8,111.0,5,5,2,"{""COW"":4,""SHEEP"":2}",12,38,9,9,0,0,0,35,145,270
92982410,1,288,289,12,11574.0,7,7,3,"{""COW"":8,""SHEEP"":6}",14,61,14,14,8,6,0,39,151,171
92982410,1,384,385,16,20358.0,7,7,3,"{""COW"":8,""SHEEP"":6}",14,61,14,14,19,1,0,43,159,178
92982410,1,480,481,20,39230.0,7,7,3,"{""COW"":8,""SHEEP"":6}",14,61,14,14,24,1,0,46,7,184
92982410,1,576,577,24,51458.0,6,6,3,"{""COW"":8,""SHEEP"":6}",14,57,14,14,5,3,0,50,11,10
92982410,1,719,719,29,82519.0,11,11,3,"{""COW"":8,""SHEEP"":6}",14,4,0,0,0,0,0,46,49,25
92983351,0,0,1,0,10.0,4,4,1,{},0,0,5,5,0,0,0,28,128,256
92983351,0,24,25,1,9.0,1,1,1,"{""COW"":1,""SHEEP"":4}",5,10,0,0,0,0,0,28,132,260
92983351,0,96,97,4,664.0,3,3,1,"{""COW"":1,""SHEEP"":4}",5,14,6,6,0,0,0,32,149,266
92983351,0,192,193,8,593.0,6,6,2,"{""COW"":6,""SHEEP"":4}",10,33,11,11,0,0,0,35,181,270
92983351,0,288,289,12,7150.0,8,8,3,"{""COW"":8,""SHEEP"":4}",12,63,13,13,24,0,0,38,206,228
92983351,0,384,385,16,22494.0,6,6,3,"{""COW"":8,""SHEEP"":4}",12,63,13,13,24,0,0,40,214,232
92983351,0,480,481,20,42027.0,7,7,3,"{""COW"":8,""SHEEP"":4}",12,63,13,13,24,0,0,42,197,235
92983351,0,576,577,24,74591.0,7,7,3,"{""COW"":9,""SHEEP"":4}",13,62,14,14,18,0,0,44,99,10
92983351,0,719,719,29,101475.0,10,10,3,"{""COW"":9,""SHEEP"":4}",13,1,0,0,0,0,0,24,188,25
92983351,1,0,1,0,27.0,5,5,1,{},0,0,4,4,0,0,0,28,128,256
92983351,1,24,25,1,26.0,1,1,1,"{""COW"":1,""SHEEP"":4}",5,10,0,0,0,0,0,28,132,260
92983351,1,96,97,4,490.0,3,3,1,"{""COW"":1,""SHEEP"":3}",5,14,8,8,0,0,0,32,149,266
92983351,1,192,193,8,147.0,6,6,2,"{""COW"":5,""SHEEP"":3}",10,33,15,15,0,0,0,35,181,270
92983351,1,288,289,12,6804.0,8,8,3,"{""COW"":7,""SHEEP"":3}",13,51,25,25,15,0,0,38,206,228
92983351,1,384,385,16,20534.0,5,5,3,"{""COW"":7,""SHEEP"":3}",13,51,37,37,3,0,0,40,214,232
92983351,1,480,481,20,32718.0,7,7,3,"{""COW"":7,""SHEEP"":4}",14,50,48,48,12,0,0,42,197,235
92983351,1,576,577,24,54765.0,6,6,3,"{""COW"":7,""SHEEP"":4}",14,53,45,45,8,0,0,44,99,10
92983351,1,719,719,29,74370.0,10,10,3,"{""COW"":7,""SHEEP"":4}",14,3,16,16,0,0,0,24,188,25
92984293,0,0,1,0,19.0,5,5,1,{},0,0,5,5,0,0,0,28,128,256
92984293,0,24,25,1,19.0,0,0,1,"{""COW"":2,""SHEEP"":2}",6,19,1,1,0,0,0,28,132,260
92984293,0,96,97,4,787.0,4,4,1,"{""COW"":2,""SHEEP"":2}",6,19,5,5,0,0,0,32,149,266
92984293,0,192,193,8,111.0,5,5,2,"{""COW"":4,""SHEEP"":2}",12,38,9,9,0,0,0,35,181,270
92984293,0,288,289,12,11574.0,7,7,3,"{""COW"":8,""SHEEP"":6}",14,61,14,14,8,6,0,39,214,171
92984293,0,384,385,16,20079.0,7,7,3,"{""COW"":8,""SHEEP"":6}",14,61,14,14,19,1,0,42,235,178
92984293,0,480,481,20,49227.0,7,7,3,"{""COW"":8,""SHEEP"":6}",14,61,14,14,24,1,0,46,222,184
92984293,0,576,577,24,75672.0,6,6,3,"{""COW"":8,""SHEEP"":6}",14,57,14,14,5,3,0,49,187,10
92984293,0,719,719,29,122841.0,11,11,3,"{""COW"":8,""SHEEP"":6}",14,4,0,0,0,0,0,44,175,25
92984293,1,0,1,0,10.0,4,4,1,{},0,0,5,5,0,0,0,28,128,256
92984293,1,24,25,1,9.0,1,1,1,"{""COW"":1,""SHEEP"":4}",5,10,0,0,0,0,0,28,132,260
92984293,1,96,97,4,665.0,3,3,1,"{""COW"":1,""SHEEP"":4}",5,14,6,6,0,0,0,32,149,266
92984293,1,192,193,8,783.0,6,6,2,"{""COW"":6,""SHEEP"":4}",10,33,11,11,0,0,0,35,181,270
92984293,1,288,289,12,7285.0,8,8,3,"{""COW"":8,""SHEEP"":4}",12,63,13,13,24,0,0,39,214,171
92984293,1,384,385,16,22733.0,6,6,3,"{""COW"":8,""SHEEP"":4}",12,63,13,13,24,0,0,42,235,178
92984293,1,480,481,20,53921.0,7,7,3,"{""COW"":8,""SHEEP"":4}",12,63,13,13,24,0,0,46,222,184
92984293,1,576,577,24,93261.0,7,7,3,"{""COW"":9,""SHEEP"":4}",13,62,14,14,18,0,0,49,187,10
92984293,1,719,719,29,135243.0,10,10,3,"{""COW"":9,""SHEEP"":4}",13,1,0,0,0,0,0,44,175,25
92984546,0,0,1,0,10.0,4,4,1,{},0,0,5,5,0,0,0,27,128,256
92984546,0,24,25,1,9.0,1,1,1,"{""COW"":1,""SHEEP"":4}",5,10,0,0,0,0,0,28,132,260
92984546,0,96,97,4,658.0,3,3,1,"{""COW"":1,""SHEEP"":4}",5,14,6,6,0,0,0,32,139,266
92984546,0,192,193,8,735.0,6,6,2,"{""COW"":6,""SHEEP"":4}",10,33,11,11,0,0,0,35,145,270
92984546,0,288,289,12,8090.0,8,8,3,"{""COW"":8,""SHEEP"":4}",12,63,13,13,24,0,0,38,150,171
92984546,0,384,385,16,25851.0,6,6,3,"{""COW"":8,""SHEEP"":4}",12,63,13,13,24,0,0,42,114,178
92984546,0,480,481,20,36340.0,7,7,3,"{""COW"":8,""SHEEP"":4}",12,63,13,13,24,0,0,45,3,184
92984546,0,576,577,24,46694.0,7,7,3,"{""COW"":9,""SHEEP"":4}",13,62,14,14,18,0,0,49,5,7
92984546,0,719,719,29,66802.0,10,10,3,"{""COW"":9,""SHEEP"":4}",13,1,0,0,0,0,0,44,16,16
92984546,1,0,1,0,158.0,5,5,1,{},0,0,0,0,0,0,0,27,128,256
92984546,1,24,25,1,18.0,0,0,1,"{""COW"":2,""SHEEP"":2}",6,19,3,3,0,0,0,28,132,260
92984546,1,96,97,4,142.0,5,5,1,"{""COW"":3,""SHEEP"":2}",6,19,11,8,0,0,0,32,139,266
92984546,1,192,193,8,244.0,5,5,2,"{""COW"":6,""SHEEP"":4}",12,26,10,7,0,0,0,35,145,270
92984546,1,288,289,12,14827.0,5,5,3,"{""COW"":8,""SHEEP"":6}",14,57,15,12,18,0,0,38,150,171
92984546,1,384,385,16,26818.0,5,5,3,"{""COW"":8,""SHEEP"":6}",14,60,15,12,18,0,8,42,114,178
92984546,1,480,481,20,42356.0,5,5,3,"{""COW"":8,""SHEEP"":6}",14,60,15,12,28,0,4,45,3,184
92984546,1,576,577,24,45671.0,5,5,3,"{""COW"":8,""SHEEP"":6}",14,53,15,15,22,0,4,49,5,7
92984546,1,719,719,29,59976.0,6,6,3,"{""COW"":8,""SHEEP"":6}",14,0,0,0,2,0,0,44,16,16
92985226,0,0,1,0,10.0,4,4,1,{},0,0,5,5,0,0,0,28,128,256
92985226,0,24,25,1,9.0,1,1,1,"{""COW"":1,""SHEEP"":4}",5,10,0,0,0,0,0,28,132,260
92985226,0,96,97,4,667.0,3,3,1,"{""COW"":1,""SHEEP"":4}",5,14,6,6,0,0,0,32,149,266
92985226,0,192,193,8,816.0,6,6,2,"{""COW"":6,""SHEEP"":4}",10,33,11,11,0,0,0,32,173,270
92985226,0,288,289,12,7240.0,8,8,3,"{""COW"":8,""SHEEP"":4}",12,63,13,13,24,0,0,34,189,171
92985226,0,384,385,16,21023.0,6,6,3,"{""COW"":8,""SHEEP"":4}",12,63,13,13,24,0,0,37,193,178
92985226,0,480,481,20,39791.0,7,7,3,"{""COW"":8,""SHEEP"":4}",12,63,13,13,24,0,0,39,53,184
92985226,0,576,577,24,47425.0,7,7,3,"{""COW"":9,""SHEEP"":4}",13,62,14,14,18,0,0,42,7,7
92985226,0,719,719,29,60324.0,10,10,3,"{""COW"":9,""SHEEP"":4}",13,1,0,0,0,0,0,22,51,22
92985226,1,0,1,0,19.0,5,5,1,{},0,0,5,5,0,0,0,28,128,256
92985226,1,24,25,1,19.0,0,0,1,"{""COW"":2,""SHEEP"":2}",6,19,1,1,0,0,0,28,132,260
92985226,1,96,97,4,788.0,4,4,1,"{""COW"":2,""SHEEP"":2}",6,19,5,5,0,0,0,32,149,266
92985226,1,192,193,8,121.0,5,5,2,"{""COW"":4,""SHEEP"":2}",12,38,9,9,0,0,0,32,173,270
92985226,1,288,289,12,11631.0,7,7,3,"{""COW"":8,""SHEEP"":6}",14,61,14,14,22,0,0,34,189,171
92985226,1,384,385,16,18817.0,7,7,3,"{""COW"":8,""SHEEP"":6}",14,61,14,14,24,0,0,37,193,178
92985226,1,480,481,20,34824.0,7,7,3,"{""COW"":8,""SHEEP"":6}",14,61,14,14,24,0,0,39,53,184
92985226,1,576,577,24,35062.0,6,6,3,"{""COW"":8,""SHEEP"":6}",14,57,14,14,24,0,0,42,7,7
92985226,1,719,719,29,44857.0,10,10,3,"{""COW"":8,""SHEEP"":6}",14,9,0,0,0,0,0,22,51,22
92986205,0,0,1,0,10.0,4,4,1,{},0,0,5,5,0,0,0,28,128,256
92986205,0,24,25,1,9.0,1,1,1,"{""COW"":1,""SHEEP"":4}",5,10,0,0,0,0,0,28,132,260
92986205,0,96,97,4,665.0,3,3,1,"{""COW"":1,""SHEEP"":4}",5,14,6,6,0,0,0,32,149,266
92986205,0,192,193,8,783.0,6,6,2,"{""COW"":6,""SHEEP"":4}",10,33,11,11,0,0,0,35,181,270
92986205,0,288,289,12,7303.0,8,8,3,"{""COW"":8,""SHEEP"":4}",12,63,13,13,24,0,0,39,214,171
92986205,0,384,385,16,23243.0,6,6,3,"{""COW"":8,""SHEEP"":4}",12,63,13,13,24,0,0,43,235,178
92986205,0,480,481,20,55851.0,7,7,3,"{""COW"":8,""SHEEP"":4}",12,63,13,13,24,0,0,47,218,184
92986205,0,576,577,24,95852.0,7,7,3,"{""COW"":9,""SHEEP"":4}",13,62,14,14,18,0,0,51,164,10
92986205,0,719,719,29,143802.0,10,10,3,"{""COW"":9,""SHEEP"":4}",13,1,0,0,0,0,0,47,142,25
92986205,1,0,1,0,19.0,5,5,1,{},0,0,5,5,0,0,0,28,128,256
92986205,1,24,25,1,19.0,0,0,1,"{""COW"":2,""SHEEP"":2}",6,19,1,1,0,0,0,28,132,260
92986205,1,96,97,4,787.0,4,4,1,"{""COW"":2,""SHEEP"":2}",6,19,5,5,0,0,0,32,149,266
92986205,1,192,193,8,111.0,5,5,2,"{""COW"":4,""SHEEP"":2}",12,38,9,9,0,0,0,35,181,270
92986205,1,288,289,12,11590.0,7,7,3,"{""COW"":8,""SHEEP"":6}",14,61,14,14,8,6,0,39,214,171
92986205,1,384,385,16,20519.0,7,7,3,"{""COW"":8,""SHEEP"":6}",14,61,14,14,19,1,0,43,235,178
92986205,1,480,481,20,50884.0,7,7,3,"{""COW"":8,""SHEEP"":6}",14,61,14,14,24,1,0,47,218,184
92986205,1,576,577,24,79676.0,6,6,3,"{""COW"":8,""SHEEP"":6}",14,57,14,14,5,3,0,51,164,10
92986205,1,719,719,29,129900.0,11,11,3,"{""COW"":8,""SHEEP"":6}",14,4,0,0,0,0,0,47,142,25
92987093,0,0,1,0,19.0,5,5,1,{},0,0,5,5,0,0,0,28,128,256
92987093,0,24,25,1,19.0,0,0,1,"{""COW"":2,""SHEEP"":2}",6,19,1,1,0,0,0,28,132,260
92987093,0,96,97,4,787.0,4,4,1,"{""COW"":2,""SHEEP"":2}",6,19,5,5,0,0,0,32,139,266
92987093,0,192,193,8,111.0,5,5,2,"{""COW"":4,""SHEEP"":2}",12,38,9,9,0,0,0,35,145,270
92987093,0,288,289,12,11232.0,7,7,3,"{""COW"":8,""SHEEP"":6}",14,61,14,14,8,6,0,39,168,171
92987093,0,384,385,16,19801.0,7,7,3,"{""COW"":8,""SHEEP"":6}",14,61,14,14,19,1,0,42,173,178
92987093,0,480,481,20,34292.0,7,7,3,"{""COW"":8,""SHEEP"":6}",14,61,14,14,24,0,0,45,7,184
92987093,0,576,577,24,37597.0,6,6,3,"{""COW"":8,""SHEEP"":6}",14,57,14,14,5,0,0,49,7,10
92987093,0,719,719,29,51616.0,11,11,3,"{""COW"":8,""SHEEP"":6}",14,4,0,0,0,0,0,44,51,25
92987093,1,0,1,0,10.0,4,4,1,{},0,0,5,5,0,0,0,28,128,256
92987093,1,24,25,1,9.0,1,1,1,"{""COW"":1,""SHEEP"":4}",5,10,0,0,0,0,0,28,132,260
92987093,1,96,97,4,665.0,3,3,1,"{""COW"":1,""SHEEP"":4}",5,14,6,6,0,0,0,32,139,266
92987093,1,192,193,8,783.0,6,6,2,"{""COW"":6,""SHEEP"":4}",10,33,11,11,0,0,0,35,145,270
92987093,1,288,289,12,7053.0,8,8,3,"{""COW"":8,""SHEEP"":4}",12,63,13,13,24,0,0,39,168,171
92987093,1,384,385,16,23403.0,6,6,3,"{""COW"":8,""SHEEP"":4}",12,63,13,13,24,0,0,42,173,178
92987093,1,480,481,20,37762.0,7,7,3,"{""COW"":8,""SHEEP"":4}",12,63,13,13,24,0,0,45,7,184
92987093,1,576,577,24,45352.0,7,7,3,"{""COW"":9,""SHEEP"":4}",13,62,14,14,18,0,0,49,7,10
92987093,1,719,719,29,63625.0,10,10,3,"{""COW"":9,""SHEEP"":4}",13,1,0,0,0,0,0,44,51,25
92988024,0,0,1,0,158.0,5,5,1,{},0,0,0,0,0,0,0,27,128,256
92988024,0,24,25,1,18.0,0,0,1,"{""COW"":2,""SHEEP"":2}",6,19,3,3,0,0,0,28,132,260
92988024,0,96,97,4,142.0,5,5,1,"{""COW"":3,""SHEEP"":2}",6,19,11,8,0,0,0,32,139,266
92988024,0,192,193,8,244.0,5,5,2,"{""COW"":6,""SHEEP"":4}",12,26,10,7,0,0,0,35,159,270
92988024,0,288,289,12,14230.0,5,5,3,"{""COW"":8,""SHEEP"":6}",14,57,15,12,18,0,0,38,190,171
92988024,0,384,385,16,23666.0,5,5,3,"{""COW"":8,""SHEEP"":6}",14,60,15,12,18,0,8,41,214,178
92988024,0,480,481,20,45760.0,5,5,3,"{""COW"":8,""SHEEP"":6}",14,60,15,12,28,0,4,44,200,184
92988024,0,576,577,24,71729.0,5,5,3,"{""COW"":8,""SHEEP"":6}",14,53,15,15,22,0,4,47,34,7
92988024,0,719,719,29,99566.0,6,6,3,"{""COW"":8,""SHEEP"":6}",14,0,0,0,2,0,0,41,108,16
92988024,1,0,1,0,10.0,4,4,1,{},0,0,5,5,0,0,0,27,128,256
92988024,1,24,25,1,9.0,1,1,1,"{""COW"":1,""SHEEP"":4}",5,10,0,0,0,0,0,28,132,260
92988024,1,96,97,4,658.0,3,3,1,"{""COW"":1,""SHEEP"":4}",5,14,6,6,0,0,0,32,139,266
92988024,1,192,193,8,735.0,6,6,2,"{""COW"":6,""SHEEP"":4}",10,33,11,11,0,0,0,35,159,270
92988024,1,288,289,12,7360.0,8,8,3,"{""COW"":8,""SHEEP"":4}",12,63,13,13,24,0,0,38,190,171
92988024,1,384,385,16,21318.0,6,6,3,"{""COW"":8,""SHEEP"":4}",12,63,13,13,24,0,0,41,214,178
92988024,1,480,481,20,49858.0,7,7,3,"{""COW"":8,""SHEEP"":4}",12,63,13,13,24,0,0,44,200,184
92988024,1,576,577,24,85356.0,7,7,3,"{""COW"":9,""SHEEP"":4}",13,62,14,14,18,0,0,47,34,7
92988024,1,719,719,29,120972.0,10,10,3,"{""COW"":9,""SHEEP"":4}",13,1,0,0,0,0,0,41,108,16
92988954,0,0,1,0,27.0,5,5,1,{},0,0,4,4,0,0,0,28,128,256
92988954,0,24,25,1,26.0,1,1,1,"{""COW"":1,""SHEEP"":4}",5,10,0,0,0,0,0,28,132,260
92988954,0,96,97,4,490.0,3,3,1,"{""COW"":1,""SHEEP"":3}",5,14,8,8,0,0,0,32,139,266
92988954,0,192,193,8,147.0,6,6,2,"{""COW"":5,""SHEEP"":3}",10,33,15,15,0,0,0,35,145,270
92988954,0,288,289,12,6875.0,8,8,3,"{""COW"":6,""SHEEP"":3}",13,50,27,27,14,0,0,39,150,228
92988954,0,384,385,16,19069.0,5,5,3,"{""COW"":6,""SHEEP"":3}",13,50,43,43,0,0,0,42,91,232
92988954,0,480,481,20,22668.0,7,7,3,"{""COW"":6,""SHEEP"":4}",14,49,58,58,11,0,0,44,5,235
92988954,0,576,577,24,30393.0,6,6,3,"{""COW"":6,""SHEEP"":4}",14,53,49,49,6,0,0,47,9,10
92988954,0,719,719,29,45826.0,10,10,3,"{""COW"":6,""SHEEP"":4}",14,3,20,20,0,0,0,39,89,25
92988954,1,0,1,0,10.0,4,4,1,{},0,0,5,5,0,0,0,28,128,256
92988954,1,24,25,1,9.0,1,1,1,"{""COW"":1,""SHEEP"":4}",5,10,0,0,0,0,0,28,132,260
92988954,1,96,97,4,664.0,3,3,1,"{""COW"":1,""SHEEP"":4}",5,14,6,6,0,0,0,32,139,266
92988954,1,192,193,8,593.0,6,6,2,"{""COW"":6,""SHEEP"":4}",10,33,11,11,0,0,0,35,145,270
92988954,1,288,289,12,6493.0,8,8,3,"{""COW"":8,""SHEEP"":4}",12,63,13,13,24,0,0,39,150,228
92988954,1,384,385,16,18806.0,6,6,3,"{""COW"":8,""SHEEP"":4}",12,63,13,13,24,0,0,42,91,232
92988954,1,480,481,20,25698.0,7,7,3,"{""COW"":8,""SHEEP"":4}",12,63,13,13,24,0,0,44,5,235
92988954,1,576,577,24,38416.0,7,7,3,"{""COW"":9,""SHEEP"":4}",13,62,14,14,18,0,0,47,9,10
92988954,1,719,719,29,58404.0,10,10,3,"{""COW"":9,""SHEEP"":4}",13,1,0,0,0,0,0,39,89,25
92989885,0,0,1,0,19.0,5,5,1,{},0,0,5,5,0,0,0,28,128,256
92989885,0,24,25,1,19.0,0,0,1,"{""COW"":2,""SHEEP"":2}",6,19,1,1,0,0,0,28,132,260
92989885,0,96,97,4,787.0,4,4,1,"{""COW"":2,""SHEEP"":2}",6,19,5,5,0,0,0,32,149,266
92989885,0,192,193,8,111.0,5,5,2,"{""COW"":4,""SHEEP"":2}",12,38,9,9,0,0,0,35,181,270
92989885,0,288,289,12,11480.0,7,7,3,"{""COW"":8,""SHEEP"":6}",14,61,14,14,8,6,0,38,206,171
92989885,0,384,385,16,21590.0,7,7,3,"{""COW"":8,""SHEEP"":6}",14,61,14,14,19,1,0,41,218,178
92989885,0,480,481,20,47434.0,7,7,3,"{""COW"":8,""SHEEP"":6}",14,61,14,14,24,1,0,44,179,184
92989885,0,576,577,24,63635.0,6,6,3,"{""COW"":8,""SHEEP"":6}",14,57,14,14,5,3,0,47,11,10
92989885,0,719,719,29,84277.0,11,11,3,"{""COW"":8,""SHEEP"":6}",14,4,0,0,0,0,0,40,49,25
92989885,1,0,1,0,10.0,4,4,1,{},0,0,5,5,0,0,0,28,128,256
92989885,1,24,25,1,9.0,1,1,1,"{""COW"":1,""SHEEP"":4}",5,10,0,0,0,0,0,28,132,260
92989885,1,96,97,4,665.0,3,3,1,"{""COW"":1,""SHEEP"":4}",5,14,6,6,0,0,0,32,149,266
92989885,1,192,193,8,783.0,6,6,2,"{""COW"":6,""SHEEP"":4}",10,33,11,11,0,0,0,35,181,270
92989885,1,288,289,12,7659.0,8,8,3,"{""COW"":8,""SHEEP"":4}",12,63,13,13,24,0,0,38,206,171
92989885,1,384,385,16,27798.0,6,6,3,"{""COW"":8,""SHEEP"":4}",12,63,13,13,24,0,0,41,218,178
92989885,1,480,481,20,51109.0,7,7,3,"{""COW"":8,""SHEEP"":4}",12,63,13,13,24,0,0,44,179,184
92989885,1,576,577,24,74745.0,7,7,3,"{""COW"":9,""SHEEP"":4}",13,62,14,14,18,0,0,47,11,10
92989885,1,719,719,29,95732.0,10,10,3,"{""COW"":9,""SHEEP"":4}",13,1,0,0,0,0,0,40,49,25
92990803,0,0,1,0,27.0,4,4,1,{},0,0,4,4,0,0,0,29,128,256
92990803,0,24,25,1,26.0,1,1,1,"{""COW"":1,""SHEEP"":4}",5,10,0,0,0,0,0,28,132,260
92990803,0,96,97,4,488.0,3,3,1,"{""COW"":1,""SHEEP"":3}",5,14,8,8,0,0,0,33,139,266
92990803,0,192,193,8,147.0,6,6,2,"{""COW"":5,""SHEEP"":3}",10,33,15,15,0,0,0,35,159,270
92990803,0,288,289,12,6424.0,8,8,3,"{""COW"":6,""SHEEP"":3}",12,61,25,25,15,0,0,37,179,228
92990803,0,384,385,16,20161.0,6,6,3,"{""COW"":6,""SHEEP"":3}",12,61,36,36,7,0,0,39,188,232
92990803,0,480,481,20,36375.0,7,7,3,"{""COW"":6,""SHEEP"":3}",12,61,48,48,9,0,0,42,45,235
92990803,0,576,577,24,50572.0,7,7,3,"{""COW"":7,""SHEEP"":3}",13,60,50,50,10,0,0,44,9,10
92990803,0,719,719,29,71647.0,10,10,3,"{""COW"":7,""SHEEP"":3}",13,1,0,0,0,0,0,28,60,25
92990803,1,0,1,0,2.0,5,5,1,{},0,0,14,14,0,0,0,29,128,256
92990803,1,24,25,1,0.0,1,1,1,"{""COW"":1,""SHEEP"":4}",5,10,0,0,0,0,0,28,132,260
92990803,1,96,97,4,500.0,3,3,1,"{""COW"":1,""SHEEP"":4}",5,14,11,11,0,0,0,33,139,266
92990803,1,192,193,8,606.0,6,6,2,"{""COW"":6,""SHEEP"":4}",10,33,12,12,0,0,0,35,159,270
92990803,1,288,289,12,6788.0,8,8,3,"{""COW"":8,""SHEEP"":4}",12,61,16,16,12,6,0,37,179,228
92990803,1,384,385,16,17099.0,6,6,3,"{""COW"":8,""SHEEP"":4}",12,61,38,38,15,3,16,39,188,232
92990803,1,480,481,20,42915.0,7,7,3,"{""COW"":8,""SHEEP"":4}",12,61,44,44,15,8,4,42,45,235
92990803,1,576,577,24,60127.0,7,7,3,"{""COW"":8,""SHEEP"":4}",13,62,36,36,11,6,12,44,9,10
92990803,1,719,719,29,90269.0,10,10,3,"{""COW"":8,""SHEEP"":4}",13,1,0,0,0,0,0,28,60,25
92990814,0,0,1,0,19.0,5,5,1,{},0,0,5,5,0,0,0,28,128,256
92990814,0,24,25,1,19.0,0,0,1,"{""COW"":2,""SHEEP"":2}",6,19,1,1,0,0,0,28,132,260
92990814,0,96,97,4,787.0,4,4,1,"{""COW"":2,""SHEEP"":2}",6,19,5,5,0,0,0,32,139,266
92990814,0,192,193,8,111.0,5,5,2,"{""COW"":4,""SHEEP"":2}",12,38,9,9,0,0,0,35,159,270
92990814,0,288,289,12,11424.0,7,7,3,"{""COW"":8,""SHEEP"":6}",14,61,14,14,8,6,0,39,190,171
92990814,0,384,385,16,19015.0,7,7,3,"{""COW"":8,""SHEEP"":6}",14,61,14,14,19,1,0,43,217,178
92990814,0,480,481,20,42540.0,7,7,3,"{""COW"":8,""SHEEP"":6}",14,61,14,14,24,1,0,46,196,184
92990814,0,576,577,24,60245.0,6,6,3,"{""COW"":8,""SHEEP"":6}",14,57,14,14,5,3,0,49,68,10
92990814,0,719,719,29,76083.0,11,11,3,"{""COW"":8,""SHEEP"":6}",14,4,0,0,0,0,0,44,49,25
92990814,1,0,1,0,10.0,4,4,1,{},0,0,5,5,0,0,0,28,128,256
92990814,1,24,25,1,9.0,1,1,1,"{""COW"":1,""SHEEP"":4}",5,10,0,0,0,0,0,28,132,260
92990814,1,96,97,4,665.0,3,3,1,"{""COW"":1,""SHEEP"":4}",5,14,6,6,0,0,0,32,139,266
92990814,1,192,193,8,783.0,6,6,2,"{""COW"":6,""SHEEP"":4}",10,33,11,11,0,0,0,35,159,270
92990814,1,288,289,12,7162.0,8,8,3,"{""COW"":8,""SHEEP"":4}",12,63,13,13,24,0,0,39,190,171
92990814,1,384,385,16,21264.0,6,6,3,"{""COW"":8,""SHEEP"":4}",12,63,13,13,24,0,0,43,217,178
92990814,1,480,481,20,46385.0,7,7,3,"{""COW"":8,""SHEEP"":4}",12,63,13,13,24,0,0,46,196,184
92990814,1,576,577,24,73922.0,7,7,3,"{""COW"":9,""SHEEP"":4}",13,62,14,14,18,0,0,49,68,10
92990814,1,719,719,29,91397.0,10,10,3,"{""COW"":9,""SHEEP"":4}",13,1,0,0,0,0,0,44,49,25
92991754,0,0,1,0,5.0,5,5,1,{},0,0,5,5,0,0,0,28,128,256
92991754,0,24,25,1,4.0,1,1,1,"{""COW"":1,""SHEEP"":4}",5,10,0,0,0,0,0,28,132,260
92991754,0,96,97,4,656.0,3,3,1,"{""COW"":1,""SHEEP"":4}",5,14,6,6,0,0,0,32,149,266
92991754,0,192,193,8,909.0,6,6,2,"{""COW"":6,""SHEEP"":4}",10,33,11,11,0,0,0,35,173,270
92991754,0,288,289,12,8434.0,8,8,3,"{""COW"":9,""SHEEP"":4}",13,61,14,14,24,0,0,37,189,228
92991754,0,384,385,16,28995.0,5,5,3,"{""COW"":9,""SHEEP"":4}",13,61,14,14,24,0,0,39,187,232
92991754,0,480,481,20,49820.0,7,7,3,"{""COW"":9,""SHEEP"":5}",14,60,15,15,23,0,0,42,74,235
92991754,0,576,577,24,65461.0,6,6,3,"{""COW"":8,""SHEEP"":6}",14,58,15,15,23,0,0,44,11,10
92991754,0,719,719,29,88471.0,10,10,3,"{""COW"":8,""SHEEP"":6}",14,9,0,0,0,0,0,33,116,25
92991754,1,0,1,0,4.0,4,4,1,{},0,0,5,5,0,0,0,28,128,256
92991754,1,24,25,1,3.0,1,1,1,"{""COW"":1,""SHEEP"":4}",5,10,0,0,0,0,0,28,132,260
92991754,1,96,97,4,655.0,3,3,1,"{""COW"":1,""SHEEP"":4}",5,14,6,6,0,0,0,32,149,266
92991754,1,192,193,8,907.0,6,6,2,"{""COW"":6,""SHEEP"":4}",10,33,11,11,0,0,0,35,173,270
92991754,1,288,289,12,8986.0,8,8,3,"{""COW"":8,""SHEEP"":4}",12,63,13,13,24,0,0,37,189,228
92991754,1,384,385,16,29394.0,6,6,3,"{""COW"":8,""SHEEP"":4}",12,63,13,13,24,0,0,39,187,232
92991754,1,480,481,20,53223.0,7,7,3,"{""COW"":8,""SHEEP"":4}",12,63,13,13,24,0,0,42,74,235
92991754,1,576,577,24,70191.0,7,7,3,"{""COW"":9,""SHEEP"":4}",13,62,14,14,18,0,0,44,11,10
92991754,1,719,719,29,93054.0,10,10,3,"{""COW"":9,""SHEEP"":4}",13,1,0,0,0,0,0,33,116,25
92992675,0,0,1,0,19.0,5,5,1,{},1,0,5,5,0,0,0,28,128,256
92992675,0,24,25,1,19.0,0,0,1,"{""COW"":2,""SHEEP"":2}",4,19,3,0,0,0,0,28,132,260
92992675,0,96,97,4,139.0,5,5,1,"{""COW"":3,""SHEEP"":2}",5,19,6,6,0,0,0,32,139,266
92992675,0,192,193,8,188.0,5,5,2,"{""COW"":6,""SHEEP"":3}",10,31,10,10,0,0,0,33,145,270
92992675,0,288,289,12,8960.0,5,5,4,"{""COW"":6,""SHEEP"":7}",13,55,23,17,16,0,0,37,151,171
92992675,0,384,385,16,26451.0,5,5,4,"{""COW"":6,""SHEEP"":10}",17,58,25,19,0,0,0,38,151,178
92992675,0,480,481,20,47974.0,5,5,4,"{""COW"":6,""SHEEP"":11}",17,68,29,23,20,0,0,40,5,99
92992675,0,576,577,24,64434.0,5,5,4,"{""COW"":6,""SHEEP"":11}",17,43,12,6,14,0,0,40,7,10
92992675,0,719,719,29,87289.0,8,8,4,"{""COW"":6,""SHEEP"":7}",17,4,0,0,0,0,0,29,43,25
92992675,1,0,1,0,10.0,4,4,1,{},0,0,5,5,0,0,0,28,128,256
92992675,1,24,25,1,9.0,1,1,1,"{""COW"":1,""SHEEP"":4}",5,10,0,0,0,0,0,28,132,260
92992675,1,96,97,4,666.0,3,3,1,"{""COW"":1,""SHEEP"":4}",5,14,6,6,0,0,0,32,139,266
92992675,1,192,193,8,880.0,6,6,2,"{""COW"":6,""SHEEP"":4}",10,33,11,11,0,0,0,33,145,270
92992675,1,288,289,12,8222.0,8,8,3,"{""COW"":8,""SHEEP"":4}",12,63,13,13,24,0,0,37,151,171
92992675,1,384,385,16,26526.0,6,6,3,"{""COW"":8,""SHEEP"":4}",12,63,13,13,24,0,0,38,151,178
92992675,1,480,481,20,41008.0,7,7,3,"{""COW"":8,""SHEEP"":4}",12,63,13,13,24,0,0,40,5,99
92992675,1,576,577,24,46072.0,7,7,3,"{""COW"":9,""SHEEP"":4}",13,62,14,14,18,0,0,40,7,10
92992675,1,719,719,29,64697.0,10,10,3,"{""COW"":9,""SHEEP"":4}",13,1,0,0,0,0,0,29,43,25
92993619,0,0,1,0,10.0,4,4,1,{},0,0,5,5,0,0,0,28,128,256
92993619,0,24,25,1,9.0,1,1,1,"{""COW"":1,""SHEEP"":4}",5,10,0,0,0,0,0,28,132,260
92993619,0,96,97,4,664.0,3,3,1,"{""COW"":1,""SHEEP"":4}",5,14,6,6,0,0,0,32,149,266
92993619,0,192,193,8,598.0,6,6,2,"{""COW"":6,""SHEEP"":4}",10,33,11,11,0,0,0,35,173,270
92993619,0,288,289,12,6870.0,8,8,3,"{""COW"":8,""SHEEP"":4}",12,63,13,13,24,0,0,37,198,228
92993619,0,384,385,16,21102.0,6,6,3,"{""COW"":8,""SHEEP"":4}",12,63,13,13,24,0,0,39,204,232
92993619,0,480,481,20,48950.0,7,7,3,"{""COW"":8,""SHEEP"":4}",12,63,13,13,24,0,0,42,160,235
92993619,0,576,577,24,74304.0,7,7,3,"{""COW"":9,""SHEEP"":4}",13,62,14,14,18,0,0,45,7,10
92993619,0,719,719,29,107253.0,10,10,3,"{""COW"":9,""SHEEP"":4}",13,1,0,0,0,0,0,35,87,25
92993619,1,0,1,0,27.0,5,5,1,{},0,0,4,4,0,0,0,28,128,256
92993619,1,24,25,1,26.0,1,1,1,"{""COW"":1,""SHEEP"":4}",5,10,0,0,0,0,0,28,132,260
92993619,1,96,97,4,490.0,3,3,1,"{""COW"":1,""SHEEP"":3}",5,14,8,8,0,0,0,32,149,266
92993619,1,192,193,8,153.0,6,6,2,"{""COW"":5,""SHEEP"":3}",10,32,15,15,0,0,0,35,173,270
92993619,1,288,289,12,6979.0,8,8,3,"{""COW"":7,""SHEEP"":3}",13,48,23,23,15,0,0,37,198,228
92993619,1,384,385,16,21142.0,5,5,3,"{""COW"":7,""SHEEP"":3}",13,48,35,35,3,0,0,39,204,232
92993619,1,480,481,20,39920.0,7,7,3,"{""COW"":7,""SHEEP"":4}",14,47,46,46,12,0,0,42,160,235
92993619,1,576,577,24,57179.0,6,6,3,"{""COW"":7,""SHEEP"":4}",14,54,46,46,8,0,0,45,7,10
92993619,1,719,719,29,83212.0,10,10,3,"{""COW"":7,""SHEEP"":4}",14,3,16,16,0,0,0,35,87,25
92994559,0,0,1,0,27.0,4,4,1,{},0,0,4,4,0,0,0,29,128,256
92994559,0,24,25,1,26.0,1,1,1,"{""COW"":1,""SHEEP"":4}",5,10,0,0,0,0,0,28,132,260
92994559,0,96,97,4,492.0,3,3,1,"{""COW"":1,""SHEEP"":3}",5,14,8,8,0,0,0,32,149,266
92994559,0,192,193,8,165.0,6,6,2,"{""COW"":5,""SHEEP"":3}",10,33,15,15,0,0,0,34,173,270
92994559,0,288,289,12,6389.0,8,8,3,"{""COW"":6,""SHEEP"":3}",12,60,25,25,15,0,0,37,189,228
92994559,0,384,385,16,19733.0,6,6,3,"{""COW"":6,""SHEEP"":3}",12,60,36,36,7,0,0,39,187,232
92994559,0,480,481,20,38070.0,7,7,3,"{""COW"":6,""SHEEP"":3}",12,60,48,48,9,0,0,42,101,235
92994559,0,576,577,24,55499.0,7,7,3,"{""COW"":7,""SHEEP"":3}",13,61,50,50,10,0,0,44,9,10
92994559,0,719,719,29,85907.0,10,10,3,"{""COW"":7,""SHEEP"":3}",13,1,0,0,0,0,0,22,107,25
92994559,1,0,1,0,7.0,4,4,1,{},0,0,14,14,0,0,0,29,128,256
92994559,1,24,25,1,5.0,1,1,1,"{""COW"":1,""SHEEP"":4}",5,10,0,0,0,0,0,28,132,260
92994559,1,96,97,4,662.0,3,3,1,"{""COW"":1,""SHEEP"":4}",5,14,6,6,0,0,0,32,149,266
92994559,1,192,193,8,611.0,6,6,2,"{""COW"":6,""SHEEP"":4}",10,33,11,11,0,0,0,34,173,270
92994559,1,288,289,12,7615.0,8,8,3,"{""COW"":8,""SHEEP"":4}",12,63,13,13,15,0,0,37,189,228
92994559,1,384,385,16,21522.0,6,6,3,"{""COW"":8,""SHEEP"":4}",12,63,13,13,15,0,0,39,187,232
92994559,1,480,481,20,46664.0,7,7,3,"{""COW"":8,""SHEEP"":4}",12,63,13,13,20,0,0,42,101,235
92994559,1,576,577,24,66523.0,7,7,3,"{""COW"":9,""SHEEP"":4}",13,62,14,14,13,0,0,44,9,10
92994559,1,719,719,29,103620.0,10,10,3,"{""COW"":9,""SHEEP"":4}",13,1,0,0,0,0,0,22,107,25
92995487,0,0,1,0,10.0,4,4,1,{},0,0,5,5,0,0,0,28,128,256
92995487,0,24,25,1,9.0,1,1,1,"{""COW"":1,""SHEEP"":4}",5,10,0,0,0,0,0,28,132,260
92995487,0,96,97,4,666.0,3,3,1,"{""COW"":1,""SHEEP"":4}",5,14,6,6,0,0,0,32,149,266
92995487,0,192,193,8,690.0,6,6,2,"{""COW"":6,""SHEEP"":4}",10,32,11,11,0,0,0,34,181,270
92995487,0,288,289,12,6978.0,8,8,3,"{""COW"":8,""SHEEP"":4}",12,62,13,13,24,0,0,38,214,171
92995487,0,384,385,16,21807.0,6,6,3,"{""COW"":8,""SHEEP"":4}",12,62,13,13,24,0,0,41,232,178
92995487,0,480,481,20,50679.0,7,7,3,"{""COW"":8,""SHEEP"":4}",12,62,13,13,25,0,0,44,235,84
92995487,0,576,577,24,82949.0,7,7,3,"{""COW"":9,""SHEEP"":4}",13,62,14,14,20,0,0,46,213,10
92995487,0,719,719,29,116297.0,10,10,3,"{""COW"":9,""SHEEP"":4}",13,1,0,0,0,0,0,40,234,25
92995487,1,0,1,0,19.0,5,5,1,{},1,0,5,5,0,0,0,28,128,256
92995487,1,24,25,1,19.0,0,0,1,"{""COW"":2,""SHEEP"":2}",4,19,3,0,0,0,0,28,132,260
92995487,1,96,97,4,139.0,5,5,1,"{""COW"":3,""SHEEP"":2}",5,19,6,6,0,0,0,32,149,266
92995487,1,192,193,8,203.0,5,5,2,"{""COW"":6,""SHEEP"":3}",10,30,10,9,0,0,0,34,181,270
92995487,1,288,289,12,15422.0,5,5,3,"{""COW"":10,""SHEEP"":4}",14,51,14,8,18,0,0,38,214,171
92995487,1,384,385,16,29354.0,5,5,3,"{""COW"":10,""SHEEP"":4}",14,55,30,24,6,0,0,41,232,178
92995487,1,480,481,20,57646.0,5,5,3,"{""COW"":10,""SHEEP"":4}",14,58,24,18,0,0,0,44,235,84
92995487,1,576,577,24,85713.0,5,5,3,"{""COW"":10,""SHEEP"":4}",14,57,15,9,11,0,0,46,213,10
92995487,1,719,719,29,116963.0,8,8,3,"{""COW"":10,""SHEEP"":4}",14,1,0,0,0,0,0,40,234,25
92996437,0,0,1,0,19.0,5,5,1,{},0,0,5,5,0,0,0,28,128,256
92996437,0,24,25,1,19.0,0,0,1,"{""COW"":2,""SHEEP"":2}",6,19,1,1,0,0,0,28,132,260
92996437,0,96,97,4,787.0,4,4,1,"{""COW"":2,""SHEEP"":2}",6,19,5,5,0,0,0,32,149,266
92996437,0,192,193,8,101.0,5,5,2,"{""COW"":4,""SHEEP"":2}",12,38,9,9,0,0,0,35,181,270
92996437,0,288,289,12,10828.0,7,7,3,"{""COW"":8,""SHEEP"":6}",14,61,22,22,8,6,0,39,206,171
92996437,0,384,385,16,15236.0,7,7,3,"{""COW"":8,""SHEEP"":6}",14,61,22,22,19,1,0,43,227,178
92996437,0,480,481,20,31815.0,7,7,3,"{""COW"":8,""SHEEP"":6}",14,61,27,27,24,0,0,47,204,184
92996437,0,576,577,24,48637.0,6,6,3,"{""COW"":8,""SHEEP"":6}",14,56,33,33,5,0,0,51,62,7
92996437,0,719,719,29,70485.0,11,11,3,"{""COW"":8,""SHEEP"":6}",14,4,0,0,0,0,0,47,43,22
92996437,1,0,1,0,10.0,4,4,1,{},0,0,5,5,0,0,0,28,128,256
92996437,1,24,25,1,9.0,1,1,1,"{""COW"":1,""SHEEP"":4}",5,10,0,0,0,0,0,28,132,260
92996437,1,96,97,4,665.0,3,3,1,"{""COW"":1,""SHEEP"":4}",5,14,6,6,0,0,0,32,149,266
92996437,1,192,193,8,793.0,6,6,2,"{""COW"":6,""SHEEP"":4}",10,33,11,11,0,0,0,35,181,270
92996437,1,288,289,12,6736.0,8,8,3,"{""COW"":8,""SHEEP"":4}",12,63,13,13,24,0,0,39,206,171
92996437,1,384,385,16,18197.0,6,6,3,"{""COW"":8,""SHEEP"":4}",12,63,13,13,24,0,0,43,227,178
92996437,1,480,481,20,36361.0,7,7,3,"{""COW"":8,""SHEEP"":4}",12,63,13,13,24,0,0,47,204,184
92996437,1,576,577,24,62664.0,7,7,3,"{""COW"":9,""SHEEP"":4}",13,62,14,14,18,0,0,51,62,7
92996437,1,719,719,29,83080.0,10,10,3,"{""COW"":9,""SHEEP"":4}",13,1,0,0,0,0,0,47,43,22
92996602,0,0,1,0,10.0,4,4,1,{},0,0,5,5,0,0,0,28,128,256
92996602,0,24,25,1,9.0,1,1,1,"{""COW"":1,""SHEEP"":4}",5,10,0,0,0,0,0,28,132,260
92996602,0,96,97,4,665.0,3,3,1,"{""COW"":1,""SHEEP"":4}",5,14,6,6,0,0,0,32,139,266
92996602,0,192,193,8,783.0,6,6,2,"{""COW"":6,""SHEEP"":4}",10,33,11,11,0,0,0,35,159,270
92996602,0,288,289,12,7303.0,8,8,3,"{""COW"":8,""SHEEP"":4}",12,63,13,13,24,0,0,39,180,171
92996602,0,384,385,16,22521.0,6,6,3,"{""COW"":8,""SHEEP"":4}",12,63,13,13,24,0,0,43,197,178
92996602,0,480,481,20,50593.0,7,7,3,"{""COW"":8,""SHEEP"":4}",12,63,13,13,24,0,0,47,87,184
92996602,0,576,577,24,68266.0,7,7,3,"{""COW"":9,""SHEEP"":4}",13,62,14,14,18,0,0,51,7,10
92996602,0,719,719,29,105988.0,10,10,3,"{""COW"":9,""SHEEP"":4}",13,1,0,0,0,0,0,48,5,25
92996602,1,0,1,0,19.0,5,5,1,{},0,0,5,5,0,0,0,28,128,256
92996602,1,24,25,1,19.0,0,0,1,"{""COW"":2,""SHEEP"":2}",6,19,1,1,0,0,0,28,132,260
92996602,1,96,97,4,787.0,4,4,1,"{""COW"":2,""SHEEP"":2}",6,19,5,5,0,0,0,32,139,266
92996602,1,192,193,8,111.0,5,5,2,"{""COW"":4,""SHEEP"":2}",12,38,9,9,0,0,0,35,159,270
92996602,1,288,289,12,11590.0,7,7,3,"{""COW"":8,""SHEEP"":6}",14,61,14,14,8,6,0,39,180,171
92996602,1,384,385,16,20519.0,7,7,3,"{""COW"":8,""SHEEP"":6}",14,61,14,14,19,1,0,43,197,178
92996602,1,480,481,20,45337.0,7,7,3,"{""COW"":8,""SHEEP"":6}",14,61,14,14,24,1,0,47,87,184
92996602,1,576,577,24,57086.0,6,6,3,"{""COW"":8,""SHEEP"":6}",14,57,14,14,5,3,0,51,7,10
92996602,1,719,719,29,88419.0,11,11,3,"{""COW"":8,""SHEEP"":6}",14,4,0,0,0,0,0,48,5,25
92997365,0,0,1,0,2.0,5,5,1,{},0,0,14,14,0,0,0,29,128,256
92997365,0,24,25,1,0.0,1,1,1,"{""COW"":1,""SHEEP"":4}",5,10,0,0,0,0,0,28,132,260
92997365,0,96,97,4,500.0,3,3,1,"{""COW"":1,""SHEEP"":4}",5,14,11,11,0,0,0,32,149,266
92997365,0,192,193,8,611.0,6,6,2,"{""COW"":6,""SHEEP"":4}",10,33,12,12,0,0,0,33,173,270
92997365,0,288,289,12,6770.0,8,8,3,"{""COW"":8,""SHEEP"":4}",12,61,16,16,12,6,0,35,198,228
92997365,0,384,385,16,16500.0,6,6,3,"{""COW"":8,""SHEEP"":4}",12,61,38,38,15,3,16,38,214,232
92997365,0,480,481,20,47144.0,7,7,3,"{""COW"":8,""SHEEP"":4}",12,61,44,44,15,8,4,40,183,235
92997365,0,576,577,24,77934.0,7,7,3,"{""COW"":8,""SHEEP"":4}",13,62,36,36,11,6,12,42,70,10
92997365,0,719,719,29,117016.0,10,10,3,"{""COW"":8,""SHEEP"":4}",13,1,0,0,0,0,0,21,172,25
92997365,1,0,1,0,27.0,4,4,1,{},0,0,4,4,0,0,0,29,128,256
92997365,1,24,25,1,26.0,1,1,1,"{""COW"":1,""SHEEP"":4}",5,10,0,0,0,0,0,28,132,260
92997365,1,96,97,4,488.0,3,3,1,"{""COW"":1,""SHEEP"":3}",5,14,8,8,0,0,0,32,149,266
92997365,1,192,193,8,164.0,6,6,2,"{""COW"":5,""SHEEP"":3}",10,33,15,15,0,0,0,33,173,270
92997365,1,288,289,12,6311.0,8,8,3,"{""COW"":6,""SHEEP"":3}",12,61,25,25,15,0,0,35,198,228
92997365,1,384,385,16,19967.0,6,6,3,"{""COW"":6,""SHEEP"":3}",12,61,36,36,7,0,0,38,214,232
92997365,1,480,481,20,40041.0,7,7,3,"{""COW"":6,""SHEEP"":3}",12,61,48,48,9,0,0,40,183,235
92997365,1,576,577,24,67749.0,7,7,3,"{""COW"":7,""SHEEP"":3}",13,61,50,50,10,0,0,42,70,10
92997365,1,719,719,29,95854.0,10,10,3,"{""COW"":7,""SHEEP"":3}",13,1,0,0,0,0,0,21,172,25
92998312,0,0,1,0,10.0,4,4,1,{},0,0,5,5,0,0,0,28,128,256
92998312,0,24,25,1,9.0,1,1,1,"{""COW"":1,""SHEEP"":4}",5,10,0,0,0,0,0,28,132,260
92998312,0,96,97,4,664.0,3,3,1,"{""COW"":1,""SHEEP"":4}",5,14,6,6,0,0,0,32,149,266
92998312,0,192,193,8,593.0,6,6,2,"{""COW"":6,""SHEEP"":4}",10,33,11,11,0,0,0,35,181,270
92998312,0,288,289,12,6498.0,8,8,3,"{""COW"":8,""SHEEP"":4}",12,63,13,13,24,0,0,38,214,228
92998312,0,384,385,16,18712.0,6,6,3,"{""COW"":8,""SHEEP"":4}",12,63,13,13,24,0,0,41,235,232
92998312,0,480,481,20,38989.0,7,7,3,"{""COW"":8,""SHEEP"":4}",12,63,13,13,24,0,0,44,229,235
92998312,0,576,577,24,74813.0,7,7,3,"{""COW"":9,""SHEEP"":4}",13,62,14,14,18,0,0,47,195,10
92998312,0,719,719,29,100607.0,10,10,3,"{""COW"":9,""SHEEP"":4}",13,1,0,0,0,0,0,37,215,25
92998312,1,0,1,0,27.0,5,5,1,{},0,0,4,4,0,0,0,28,128,256
92998312,1,24,25,1,26.0,1,1,1,"{""COW"":1,""SHEEP"":4}",5,10,0,0,0,0,0,28,132,260
92998312,1,96,97,4,490.0,3,3,1,"{""COW"":1,""SHEEP"":3}",5,14,8,8,0,0,0,32,149,266
92998312,1,192,193,8,147.0,6,6,2,"{""COW"":5,""SHEEP"":3}",10,33,15,15,0,0,0,35,181,270
92998312,1,288,289,12,6880.0,8,8,3,"{""COW"":6,""SHEEP"":3}",13,50,27,27,14,0,0,38,214,228
92998312,1,384,385,16,18690.0,5,5,3,"{""COW"":6,""SHEEP"":3}",13,50,43,43,0,0,0,41,235,232
92998312,1,480,481,20,28833.0,7,7,3,"{""COW"":6,""SHEEP"":4}",14,49,58,58,11,0,0,44,229,235
92998312,1,576,577,24,47633.0,6,6,3,"{""COW"":6,""SHEEP"":4}",14,53,49,49,6,0,0,47,195,10
92998312,1,719,719,29,63644.0,10,10,3,"{""COW"":6,""SHEEP"":4}",14,3,20,20,0,0,0,37,215,25
92999242,0,0,1,0,10.0,4,4,1,{},0,0,5,5,0,0,0,28,128,256
92999242,0,24,25,1,9.0,1,1,1,"{""COW"":1,""SHEEP"":4}",5,10,0,0,0,0,0,28,132,260
92999242,0,96,97,4,664.0,3,3,1,"{""COW"":1,""SHEEP"":4}",5,14,6,6,0,0,0,32,149,266
92999242,0,192,193,8,598.0,6,6,2,"{""COW"":6,""SHEEP"":4}",10,32,11,11,0,0,0,35,181,270
92999242,0,288,289,12,6718.0,8,8,3,"{""COW"":8,""SHEEP"":4}",12,62,13,13,24,0,0,38,206,228
92999242,0,384,385,16,19826.0,6,6,3,"{""COW"":8,""SHEEP"":4}",12,62,13,13,25,0,0,40,223,232
92999242,0,480,481,20,44911.0,7,7,3,"{""COW"":8,""SHEEP"":4}",12,62,13,13,26,0,0,42,214,235
92999242,0,576,577,24,83553.0,7,7,3,"{""COW"":9,""SHEEP"":4}",13,62,14,14,20,0,0,44,178,28
92999242,0,719,719,29,116691.0,10,10,3,"{""COW"":9,""SHEEP"":4}",13,1,0,0,0,0,0,32,214,43
92999242,1,0,1,0,27.0,5,5,1,{},0,0,4,4,0,0,0,28,128,256
92999242,1,24,25,1,26.0,1,1,1,"{""COW"":1,""SHEEP"":4}",5,10,0,0,0,0,0,28,132,260
92999242,1,96,97,4,490.0,3,3,1,"{""COW"":1,""SHEEP"":3}",5,14,8,8,0,0,0,32,149,266
92999242,1,192,193,8,153.0,6,6,2,"{""COW"":5,""SHEEP"":3}",10,33,15,15,0,0,0,35,181,270
92999242,1,288,289,12,6916.0,8,8,3,"{""COW"":7,""SHEEP"":3}",13,48,23,23,15,0,0,38,206,228
92999242,1,384,385,16,20391.0,5,5,3,"{""COW"":7,""SHEEP"":3}",13,48,35,35,3,0,0,40,223,232
92999242,1,480,481,20,38013.0,7,7,3,"{""COW"":7,""SHEEP"":4}",14,47,46,46,12,0,0,42,214,235
92999242,1,576,577,24,62434.0,6,6,3,"{""COW"":7,""SHEEP"":4}",14,54,46,46,7,0,0,44,178,28
92999242,1,719,719,29,86628.0,10,10,3,"{""COW"":7,""SHEEP"":4}",14,3,17,17,0,0,0,32,214,43
93000180,0,0,1,0,4.0,4,4,1,{},0,0,5,5,0,0,0,28,128,256
93000180,0,24,25,1,3.0,1,1,1,"{""COW"":1,""SHEEP"":4}",5,10,0,0,0,0,0,28,132,260
93000180,0,96,97,4,655.0,3,3,1,"{""COW"":1,""SHEEP"":4}",5,14,6,6,0,0,0,32,149,266
93000180,0,192,193,8,543.0,6,6,2,"{""COW"":6,""SHEEP"":4}",10,33,11,11,0,0,0,35,173,270
93000180,0,288,289,12,6362.0,8,8,3,"{""COW"":8,""SHEEP"":4}",12,63,13,13,24,0,0,38,189,228
93000180,0,384,385,16,20283.0,6,6,3,"{""COW"":8,""SHEEP"":4}",12,63,13,13,24,0,0,41,187,232
93000180,0,480,481,20,45193.0,7,7,3,"{""COW"":8,""SHEEP"":4}",12,63,13,13,24,0,0,44,72,218
93000180,0,576,577,24,62039.0,7,7,3,"{""COW"":9,""SHEEP"":4}",13,62,14,14,18,0,0,47,5,7
93000180,0,719,719,29,98074.0,10,10,3,"{""COW"":9,""SHEEP"":4}",13,1,0,0,0,0,0,39,55,7
93000180,1,0,1,0,5.0,5,5,1,{},0,0,5,5,0,0,0,28,128,256
93000180,1,24,25,1,4.0,1,1,1,"{""COW"":1,""SHEEP"":4}",5,10,0,0,0,0,0,28,132,260
93000180,1,96,97,4,656.0,3,3,1,"{""COW"":1,""SHEEP"":4}",5,14,6,6,0,0,0,32,149,266
93000180,1,192,193,8,654.0,6,6,2,"{""COW"":6,""SHEEP"":4}",10,33,11,11,0,0,0,35,173,270
93000180,1,288,289,12,7365.0,8,8,3,"{""COW"":8,""SHEEP"":4}",12,52,13,13,24,0,0,38,189,228
93000180,1,384,385,16,22741.0,5,5,3,"{""COW"":8,""SHEEP"":4}",12,52,13,13,24,0,0,41,187,232
93000180,1,480,481,20,47315.0,7,7,3,"{""COW"":8,""SHEEP"":4}",12,52,13,13,27,0,0,44,72,218
93000180,1,576,577,24,63375.0,7,7,3,"{""COW"":9,""SHEEP"":4}",13,50,13,13,37,0,0,47,5,7
93000180,1,719,719,29,95196.0,10,10,3,"{""COW"":6,""SHEEP"":4}",14,5,0,0,0,0,0,39,55,7
93001112,0,0,1,0,10.0,4,4,1,{},0,0,5,5,0,0,0,28,128,256
93001112,0,24,25,1,9.0,1,1,1,"{""COW"":1,""SHEEP"":4}",5,10,0,0,0,0,0,28,132,260
93001112,0,96,97,4,666.0,3,3,1,"{""COW"":1,""SHEEP"":4}",5,14,6,6,0,0,0,32,149,266
93001112,0,192,193,8,614.0,6,6,2,"{""COW"":6,""SHEEP"":4}",10,33,11,11,0,0,0,34,173,270
93001112,0,288,289,12,6891.0,8,8,3,"{""COW"":8,""SHEEP"":4}",12,63,13,13,24,0,0,36,198,228
93001112,0,384,385,16,23784.0,6,6,3,"{""COW"":8,""SHEEP"":4}",12,63,13,13,24,0,0,37,207,232
93001112,0,480,481,20,54776.0,7,7,3,"{""COW"":8,""SHEEP"":4}",12,63,13,13,24,0,0,39,179,235
93001112,0,576,577,24,88521.0,7,7,3,"{""COW"":9,""SHEEP"":4}",13,62,14,14,18,0,0,41,11,10
93001112,0,719,719,29,127215.0,10,10,3,"{""COW"":9,""SHEEP"":4}",13,1,0,0,0,0,0,21,118,25
93001112,1,0,1,0,27.0,5,5,1,{},0,0,4,4,0,0,0,28,128,256
93001112,1,24,25,1,26.0,1,1,1,"{""COW"":1,""SHEEP"":4}",5,10,0,0,0,0,0,28,132,260
93001112,1,96,97,4,492.0,3,3,1,"{""COW"":1,""SHEEP"":3}",5,14,8,8,0,0,0,32,149,266
93001112,1,192,193,8,167.0,6,6,2,"{""COW"":5,""SHEEP"":3}",10,33,15,15,0,0,0,34,173,270
93001112,1,288,289,12,7118.0,8,8,3,"{""COW"":6,""SHEEP"":3}",12,55,20,20,15,0,0,36,198,228
93001112,1,384,385,16,22853.0,5,5,3,"{""COW"":6,""SHEEP"":3}",12,55,31,31,4,0,0,37,207,232
93001112,1,480,481,20,43761.0,7,7,3,"{""COW"":6,""SHEEP"":3}",12,55,43,43,11,0,0,39,179,235
93001112,1,576,577,24,67029.0,7,7,3,"{""COW"":6,""SHEEP"":3}",13,52,50,50,12,0,0,41,11,10
93001112,1,719,719,29,94235.0,10,10,3,"{""COW"":6,""SHEEP"":3}",13,3,17,17,0,0,0,21,118,25
93405504,0,0,1,0,398.0,5,5,1,{},0,0,0,0,0,0,0,27,128,256
93405504,0,24,25,1,10.0,3,3,1,"{""COW"":2,""SHEEP"":2}",6,16,8,8,0,0,0,29,132,260
93405504,0,96,97,4,95.0,3,3,1,"{""COW"":3,""SHEEP"":2}",6,19,10,6,0,0,0,32,139,266
93405504,0,192,193,8,222.0,8,8,2,"{""COW"":6,""SHEEP"":5}",11,19,10,6,0,0,0,34,145,270
93405504,0,288,289,12,11745.0,8,8,3,"{""COW"":6,""SHEEP"":9}",15,34,30,26,12,0,0,39,167,208
93405504,0,384,385,16,30601.0,8,8,3,"{""COW"":6,""SHEEP"":9}",15,51,47,43,9,0,0,43,166,205
93405504,0,480,481,20,55872.0,4,4,3,"{""COW"":6,""SHEEP"":9}",15,50,38,34,10,0,0,46,5,164
93405504,0,576,577,24,69396.0,4,4,3,"{""COW"":6,""SHEEP"":9}",15,51,34,30,0,0,0,48,9,10
93405504,0,719,719,29,93101.0,10,10,3,"{""COW"":6,""SHEEP"":9}",15,0,18,18,0,0,0,44,87,25
93405504,1,0,1,0,10.0,4,4,1,{},0,0,5,5,0,0,0,27,128,256
93405504,1,24,25,1,9.0,1,1,1,"{""COW"":1,""SHEEP"":4}",5,10,0,0,0,0,0,29,132,260
93405504,1,96,97,4,665.0,3,3,1,"{""COW"":1,""SHEEP"":4}",5,14,6,6,0,0,0,32,139,266
93405504,1,192,193,8,1444.0,6,6,2,"{""COW"":6,""SHEEP"":4}",10,33,11,11,0,0,0,34,145,270
93405504,1,288,289,12,9632.0,8,8,3,"{""COW"":8,""SHEEP"":4}",12,63,13,13,24,0,0,39,167,208
93405504,1,384,385,16,27815.0,6,6,3,"{""COW"":8,""SHEEP"":4}",12,63,13,13,24,0,0,43,166,205
93405504,1,480,481,20,43121.0,7,7,3,"{""COW"":8,""SHEEP"":4}",12,63,13,13,24,0,0,46,5,164
93405504,1,576,577,24,52193.0,7,7,3,"{""COW"":9,""SHEEP"":4}",13,62,14,14,18,0,0,48,9,10
93405504,1,719,719,29,73364.0,10,10,3,"{""COW"":9,""SHEEP"":4}",13,1,0,0,0,0,0,44,87,25
93409876,0,0,1,0,19.0,5,5,1,{},1,0,5,5,0,0,0,28,128,256
93409876,0,24,25,1,19.0,0,0,1,"{""COW"":2,""SHEEP"":2}",4,19,3,0,0,0,0,28,132,260
93409876,0,96,97,4,139.0,5,5,1,"{""COW"":3,""SHEEP"":2}",5,19,6,6,0,0,0,32,139,266
93409876,0,192,193,8,218.0,5,5,2,"{""COW"":6,""SHEEP"":3}",10,30,10,9,0,0,0,33,145,270
93409876,0,288,289,12,13666.0,5,5,3,"{""COW"":10,""SHEEP"":4}",14,52,14,8,18,0,0,37,151,171
93409876,0,384,385,16,20341.0,5,5,3,"{""COW"":10,""SHEEP"":4}",14,55,28,22,0,0,8,39,151,178
93409876,0,480,481,20,30181.0,5,5,3,"{""COW"":10,""SHEEP"":4}",14,58,25,19,11,0,4,40,20,84
93409876,0,576,577,24,32481.0,5,5,3,"{""COW"":10,""SHEEP"":4}",14,52,12,6,4,0,0,41,9,10
93409876,0,719,719,29,41587.0,8,8,3,"{""COW"":10,""SHEEP"":4}",14,1,0,0,0,0,0,32,55,25
93409876,1,0,1,0,10.0,4,4,1,{},0,0,5,5,0,0,0,28,128,256
93409876,1,24,25,1,9.0,1,1,1,"{""COW"":1,""SHEEP"":4}",5,10,0,0,0,0,0,28,132,260
93409876,1,96,97,4,666.0,3,3,1,"{""COW"":1,""SHEEP"":4}",5,14,6,6,0,0,0,32,139,266
93409876,1,192,193,8,693.0,6,6,2,"{""COW"":6,""SHEEP"":4}",10,32,11,11,0,0,0,33,145,270
93409876,1,288,289,12,6294.0,8,8,3,"{""COW"":8,""SHEEP"":4}",12,62,13,13,24,0,0,37,151,171
93409876,1,384,385,16,13638.0,6,6,3,"{""COW"":8,""SHEEP"":4}",12,62,13,13,24,0,0,39,151,178
93409876,1,480,481,20,20007.0,7,7,3,"{""COW"":8,""SHEEP"":4}",12,62,13,13,25,0,0,40,20,84
93409876,1,576,577,24,20027.0,7,7,3,"{""COW"":9,""SHEEP"":4}",13,62,14,14,20,0,0,41,9,10
93409876,1,719,719,29,31998.0,10,10,3,"{""COW"":9,""SHEEP"":4}",13,1,0,0,0,0,0,32,55,25
93418009,0,0,1,0,7.0,4,4,1,{},0,0,5,5,0,0,0,28,128,256
93418009,0,24,25,1,6.0,1,1,1,"{""COW"":1,""SHEEP"":4}",5,10,0,0,0,0,0,28,132,260
93418009,0,96,97,4,658.0,3,3,1,"{""COW"":1,""SHEEP"":4}",5,14,6,6,0,0,0,32,139,266
93418009,0,192,193,8,545.0,6,6,2,"{""COW"":6,""SHEEP"":4}",10,33,11,11,0,0,0,35,145,270
93418009,0,288,289,12,6129.0,8,8,3,"{""COW"":8,""SHEEP"":4}",12,60,13,13,24,0,0,38,168,228
93418009,0,384,385,16,16259.0,6,6,3,"{""COW"":8,""SHEEP"":4}",12,60,13,13,24,0,0,39,176,232
93418009,0,480,481,20,29066.0,7,7,3,"{""COW"":8,""SHEEP"":4}",12,60,13,13,24,0,0,41,39,235
93418009,0,576,577,24,40086.0,7,7,3,"{""COW"":9,""SHEEP"":4}",13,62,14,14,18,0,0,42,9,10
93418009,0,719,719,29,57964.0,10,10,3,"{""COW"":9,""SHEEP"":4}",13,1,0,0,0,0,0,21,74,25
93418009,1,0,1,0,7.0,4,4,1,{},0,0,5,5,0,0,0,28,128,256
93418009,1,24,25,1,6.0,1,1,1,"{""COW"":1,""SHEEP"":4}",5,10,0,0,0,0,0,28,132,260
93418009,1,96,97,4,658.0,3,3,1,"{""COW"":1,""SHEEP"":4}",5,14,6,6,0,0,0,32,139,266
93418009,1,192,193,8,545.0,6,6,2,"{""COW"":6,""SHEEP"":4}",10,33,11,11,0,0,0,35,145,270
93418009,1,288,289,12,6129.0,8,8,3,"{""COW"":8,""SHEEP"":4}",12,60,13,13,24,0,0,38,168,228
93418009,1,384,385,16,16259.0,6,6,3,"{""COW"":8,""SHEEP"":4}",12,60,13,13,24,0,0,39,176,232
93418009,1,480,481,20,29066.0,7,7,3,"{""COW"":8,""SHEEP"":4}",12,60,13,13,24,0,0,41,39,235
93418009,1,576,577,24,40086.0,7,7,3,"{""COW"":9,""SHEEP"":4}",13,62,14,14,18,0,0,42,9,10
93418009,1,719,719,29,57964.0,10,10,3,"{""COW"":9,""SHEEP"":4}",13,1,0,0,0,0,0,21,74,25
93426809,0,0,1,0,7.0,4,4,1,{},0,0,5,5,0,0,0,28,128,256
93426809,0,24,25,1,6.0,1,1,1,"{""COW"":1,""SHEEP"":4}",5,10,0,0,0,0,0,28,132,260
93426809,0,96,97,4,658.0,3,3,1,"{""COW"":1,""SHEEP"":4}",5,14,6,6,0,0,0,32,149,266
93426809,0,192,193,8,911.0,6,6,2,"{""COW"":6,""SHEEP"":4}",10,32,11,11,0,0,0,35,173,270
93426809,0,288,289,12,8373.0,8,8,3,"{""COW"":8,""SHEEP"":4}",12,62,13,13,24,0,0,38,199,228
93426809,0,384,385,16,24149.0,6,6,3,"{""COW"":8,""SHEEP"":4}",12,62,13,13,25,0,0,41,217,232
93426809,0,480,481,20,43056.0,7,7,3,"{""COW"":8,""SHEEP"":4}",12,62,13,13,26,0,0,44,203,235
93426809,0,576,577,24,74275.0,7,7,3,"{""COW"":9,""SHEEP"":4}",13,62,14,14,20,0,0,47,89,10
93426809,0,719,719,29,99640.0,10,10,3,"{""COW"":9,""SHEEP"":4}",13,1,0,0,0,0,0,38,169,25
93426809,1,0,1,0,7.0,4,4,1,{},0,0,5,5,0,0,0,28,128,256
93426809,1,24,25,1,6.0,1,1,1,"{""COW"":1,""SHEEP"":4}",5,10,0,0,0,0,0,28,132,260
93426809,1,96,97,4,658.0,3,3,1,"{""COW"":1,""SHEEP"":4}",5,14,6,6,0,0,0,32,149,266
93426809,1,192,193,8,911.0,6,6,2,"{""COW"":6,""SHEEP"":4}",10,33,11,11,0,0,0,35,173,270
93426809,1,288,289,12,8339.0,8,8,3,"{""COW"":8,""SHEEP"":4}",12,63,13,13,24,0,0,38,199,228
93426809,1,384,385,16,24485.0,6,6,3,"{""COW"":8,""SHEEP"":4}",12,63,13,13,24,0,0,41,217,232
93426809,1,480,481,20,43708.0,7,7,3,"{""COW"":8,""SHEEP"":4}",12,63,13,13,24,0,0,44,203,235
93426809,1,576,577,24,74966.0,6,6,3,"{""COW"":9,""SHEEP"":5}",14,58,15,15,17,0,0,47,89,10
93426809,1,719,719,29,100820.0,9,9,3,"{""COW"":9,""SHEEP"":5}",15,2,0,0,0,0,0,38,169,25
93430251,0,0,1,0,2502.0,5,5,1,{},1,0,4,4,0,0,0,28,128,256
93430251,0,24,25,1,80.0,5,5,1,"{""COW"":2,""SHEEP"":2}",4,13,8,3,0,0,0,29,132,260
93430251,0,96,97,4,323.0,6,6,1,"{""COW"":2,""SHEEP"":2}",5,19,8,3,0,0,0,32,139,266
93430251,0,192,193,8,889.0,9,9,2,"{""COW"":2,""SHEEP"":5}",11,34,11,3,0,0,0,32,159,270
93430251,0,288,289,12,12484.0,8,8,3,"{""COW"":7,""SHEEP"":8}",15,49,20,4,0,0,0,38,190,215
93430251,0,384,385,16,30362.0,8,8,3,"{""COW"":7,""SHEEP"":8}",15,47,5,0,0,0,0,42,204,205
93430251,0,480,481,20,63643.0,6,6,3,"{""COW"":7,""SHEEP"":8}",15,48,5,0,0,0,0,46,93,210
93430251,0,576,577,24,86745.0,6,6,3,"{""COW"":7,""SHEEP"":8}",15,38,5,0,0,0,0,51,7,10
93430251,0,719,719,29,122490.0,10,10,3,"{""COW"":7,""SHEEP"":8}",15,8,0,0,0,0,0,46,39,25
93430251,1,0,1,0,5.0,4,4,1,{},0,0,5,5,0,0,0,28,128,256
93430251,1,24,25,1,4.0,1,1,1,"{""COW"":1,""SHEEP"":4}",5,10,0,0,0,0,0,29,132,260
93430251,1,96,97,4,650.0,3,3,1,"{""COW"":1,""SHEEP"":4}",5,14,6,6,0,0,0,32,139,266
93430251,1,192,193,8,1450.0,6,6,2,"{""COW"":6,""SHEEP"":4}",10,32,11,11,0,0,0,32,159,270
93430251,1,288,289,12,9627.0,8,8,3,"{""COW"":8,""SHEEP"":4}",12,62,13,13,24,0,0,38,190,215
93430251,1,384,385,16,29870.0,6,6,3,"{""COW"":8,""SHEEP"":4}",12,62,13,13,25,0,0,42,204,205
93430251,1,480,481,20,57466.0,7,7,3,"{""COW"":8,""SHEEP"":4}",12,62,13,13,26,0,0,46,93,210
93430251,1,576,577,24,78044.0,7,7,3,"{""COW"":9,""SHEEP"":4}",13,62,14,14,20,0,0,51,7,10
93430251,1,719,719,29,114380.0,10,10,3,"{""COW"":9,""SHEEP"":4}",13,1,0,0,0,0,0,46,39,25
93433790,0,0,1,0,2.0,5,5,1,{},0,0,14,14,0,0,0,29,128,256
93433790,0,24,25,1,0.0,1,1,1,"{""COW"":1,""SHEEP"":4}",5,10,0,0,0,0,0,28,132,260
93433790,0,96,97,4,502.0,3,3,1,"{""COW"":1,""SHEEP"":4}",5,14,11,11,0,0,0,33,139,266
93433790,0,192,193,8,784.0,6,6,2,"{""COW"":6,""SHEEP"":4}",10,31,12,12,0,0,0,35,145,270
93433790,0,288,289,12,8064.0,8,8,3,"{""COW"":8,""SHEEP"":4}",12,60,12,12,3,6,0,39,168,233
93433790,0,384,385,16,17395.0,6,6,3,"{""COW"":8,""SHEEP"":4}",12,60,38,38,14,3,16,42,188,236
93433790,0,480,481,20,45483.0,7,7,3,"{""COW"":8,""SHEEP"":4}",12,60,44,44,14,8,4,45,78,239
93433790,0,576,577,24,67869.0,7,7,3,"{""COW"":8,""SHEEP"":4}",13,62,36,36,8,6,12,48,11,31
93433790,0,719,719,29,112670.0,10,10,3,"{""COW"":8,""SHEEP"":4}",13,1,0,0,0,0,0,41,80,46
93433790,1,0,1,0,27.0,4,4,1,{},0,0,4,4,0,0,0,29,128,256
93433790,1,24,25,1,26.0,1,1,1,"{""COW"":1,""SHEEP"":4}",5,10,0,0,0,0,0,28,132,260
93433790,1,96,97,4,486.0,3,3,1,"{""COW"":1,""SHEEP"":3}",5,14,8,8,0,0,0,33,139,266
93433790,1,192,193,8,155.0,6,6,2,"{""COW"":5,""SHEEP"":3}",10,33,9,9,0,0,0,35,145,270
93433790,1,288,289,12,4849.0,8,8,3,"{""COW"":6,""SHEEP"":3}",12,56,23,23,15,0,0,39,168,233
93433790,1,384,385,16,18332.0,6,6,3,"{""COW"":6,""SHEEP"":3}",12,56,34,34,7,0,0,42,188,236
93433790,1,480,481,20,36055.0,7,7,3,"{""COW"":6,""SHEEP"":3}",12,56,46,46,9,0,0,45,78,239
93433790,1,576,577,24,53637.0,7,7,3,"{""COW"":7,""SHEEP"":3}",13,60,50,50,10,0,0,48,11,31
93433790,1,719,719,29,87446.0,10,10,3,"{""COW"":7,""SHEEP"":3}",13,1,0,0,0,0,0,41,80,46
93433953,0,0,1,0,7.0,4,4,1,{},0,0,5,5,0,0,0,28,128,256
93433953,0,24,25,1,6.0,1,1,1,"{""COW"":1,""SHEEP"":4}",5,10,0,0,0,0,0,28,132,260
93433953,0,96,97,4,658.0,3,3,1,"{""COW"":1,""SHEEP"":4}",5,14,6,6,0,0,0,32,149,266
93433953,0,192,193,8,545.0,6,6,2,"{""COW"":6,""SHEEP"":4}",10,33,11,11,0,0,0,35,181,270
93433953,0,288,289,12,6276.0,8,8,3,"{""COW"":8,""SHEEP"":4}",12,62,13,13,24,0,0,38,214,228
93433953,0,384,385,16,20011.0,6,6,3,"{""COW"":8,""SHEEP"":4}",12,62,13,13,24,0,0,41,236,232
93433953,0,480,481,20,46257.0,7,7,3,"{""COW"":8,""SHEEP"":4}",12,62,13,13,24,0,0,43,232,235
93433953,0,576,577,24,83536.0,7,7,3,"{""COW"":9,""SHEEP"":4}",13,62,14,14,18,0,0,46,196,10
93433953,0,719,719,29,117215.0,10,10,3,"{""COW"":9,""SHEEP"":4}",13,1,0,0,0,0,0,35,238,25
93433953,1,0,1,0,7.0,4,4,1,{},0,0,5,5,0,0,0,28,128,256
93433953,1,24,25,1,6.0,1,1,1,"{""COW"":1,""SHEEP"":4}",5,10,0,0,0,0,0,28,132,260
93433953,1,96,97,4,658.0,3,3,1,"{""COW"":1,""SHEEP"":4}",5,14,6,6,0,0,0,32,149,266
93433953,1,192,193,8,545.0,6,6,2,"{""COW"":6,""SHEEP"":4}",10,33,11,11,0,0,0,35,181,270
93433953,1,288,289,12,6276.0,8,8,3,"{""COW"":8,""SHEEP"":4}",12,62,13,13,24,0,0,38,214,228
93433953,1,384,385,16,20011.0,6,6,3,"{""COW"":8,""SHEEP"":4}",12,62,13,13,24,0,0,41,236,232
93433953,1,480,481,20,46257.0,7,7,3,"{""COW"":8,""SHEEP"":4}",12,62,13,13,24,0,0,43,232,235
93433953,1,576,577,24,83536.0,7,7,3,"{""COW"":9,""SHEEP"":4}",13,62,14,14,18,0,0,46,196,10
93433953,1,719,719,29,117215.0,10,10,3,"{""COW"":9,""SHEEP"":4}",13,1,0,0,0,0,0,35,238,25
93443663,0,0,1,0,4.0,4,4,1,{},0,0,5,5,0,0,0,28,128,256
93443663,0,24,25,1,3.0,1,1,1,"{""COW"":1,""SHEEP"":4}",5,10,0,0,0,0,0,28,132,260
93443663,0,96,97,4,656.0,3,3,1,"{""COW"":1,""SHEEP"":4}",5,14,6,6,0,0,0,32,139,266
93443663,0,192,193,8,555.0,6,6,2,"{""COW"":6,""SHEEP"":4}",10,33,11,11,0,0,0,34,159,270
93443663,0,288,289,12,6785.0,8,8,3,"{""COW"":8,""SHEEP"":4}",12,63,13,13,24,0,0,36,179,228
93443663,0,384,385,16,21818.0,6,6,3,"{""COW"":8,""SHEEP"":4}",12,63,13,13,24,0,0,37,172,232
93443663,0,480,481,20,32469.0,7,7,3,"{""COW"":8,""SHEEP"":4}",12,63,13,13,24,0,0,38,7,235
93443663,0,576,577,24,43504.0,7,7,3,"{""COW"":9,""SHEEP"":4}",13,62,14,14,18,0,0,41,7,10
93443663,0,719,719,29,60552.0,10,10,3,"{""COW"":9,""SHEEP"":4}",13,1,0,0,0,0,0,21,51,25
93443663,1,0,1,0,5.0,5,5,1,{},0,0,5,5,0,0,0,28,128,256
93443663,1,24,25,1,4.0,1,1,1,"{""COW"":1,""SHEEP"":4}",5,10,0,0,0,0,0,28,132,260
93443663,1,96,97,4,657.0,3,3,1,"{""COW"":1,""SHEEP"":4}",5,14,6,6,0,0,0,32,139,266
93443663,1,192,193,8,590.0,6,6,2,"{""COW"":6,""SHEEP"":4}",10,33,11,11,0,0,0,34,159,270
93443663,1,288,289,12,6787.0,8,8,3,"{""COW"":8,""SHEEP"":4}",12,63,13,13,24,0,0,36,179,228
93443663,1,384,385,16,21755.0,6,6,3,"{""COW"":8,""SHEEP"":4}",12,63,13,13,24,0,0,37,172,232
93443663,1,480,481,20,31890.0,7,7,3,"{""COW"":8,""SHEEP"":4}",12,63,13,13,24,0,0,38,7,235
93443663,1,576,577,24,42921.0,6,6,3,"{""COW"":9,""SHEEP"":5}",14,58,15,15,17,0,0,41,7,10
93443663,1,719,719,29,61222.0,9,9,3,"{""COW"":9,""SHEEP"":5}",15,2,0,0,0,0,0,21,51,25
93454417,0,0,1,0,7.0,4,4,1,{},0,0,5,5,0,0,0,28,128,256
93454417,0,24,25,1,6.0,1,1,1,"{""COW"":1,""SHEEP"":4}",5,10,0,0,0,0,0,28,132,260
93454417,0,96,97,4,658.0,3,3,1,"{""COW"":1,""SHEEP"":4}",5,14,6,6,0,0,0,32,139,266
93454417,0,192,193,8,541.0,6,6,2,"{""COW"":6,""SHEEP"":4}",10,33,11,11,0,0,0,36,159,270
93454417,0,288,289,12,6015.0,8,8,3,"{""COW"":8,""SHEEP"":4}",12,61,12,12,24,0,0,39,180,228
93454417,0,384,385,16,15009.0,6,6,3,"{""COW"":8,""SHEEP"":4}",12,61,12,12,24,0,0,41,187,232
93454417,0,480,481,20,27899.0,7,7,3,"{""COW"":8,""SHEEP"":4}",12,61,12,12,24,0,0,43,74,235
93454417,0,576,577,24,39589.0,6,6,3,"{""COW"":9,""SHEEP"":5}",14,58,14,14,17,0,0,46,9,10
93454417,0,719,719,29,58870.0,9,9,3,"{""COW"":9,""SHEEP"":5}",15,2,0,0,0,0,0,38,76,25
93454417,1,0,1,0,7.0,4,4,1,{},0,0,5,5,0,0,0,28,128,256
93454417,1,24,25,1,6.0,1,1,1,"{""COW"":1,""SHEEP"":4}",5,10,0,0,0,0,0,28,132,260
93454417,1,96,97,4,658.0,3,3,1,"{""COW"":1,""SHEEP"":4}",5,14,6,6,0,0,0,32,139,266
93454417,1,192,193,8,541.0,6,6,2,"{""COW"":6,""SHEEP"":4}",10,33,11,11,0,0,0,36,159,270
93454417,1,288,289,12,6135.0,8,8,3,"{""COW"":8,""SHEEP"":4}",12,60,13,13,24,0,0,39,180,228
93454417,1,384,385,16,15218.0,6,6,3,"{""COW"":8,""SHEEP"":4}",12,60,13,13,24,0,0,41,187,232
93454417,1,480,481,20,28650.0,7,7,3,"{""COW"":8,""SHEEP"":4}",12,60,13,13,24,0,0,43,74,235
93454417,1,576,577,24,39555.0,7,7,3,"{""COW"":9,""SHEEP"":4}",13,62,14,14,18,0,0,46,9,10
93454417,1,719,719,29,57442.0,10,10,3,"{""COW"":9,""SHEEP"":4}",13,1,0,0,0,0,0,38,76,25
93458883,0,0,1,0,10.0,4,4,1,{},0,0,5,5,0,0,0,28,128,256
93458883,0,24,25,1,9.0,1,1,1,"{""COW"":1,""SHEEP"":4}",5,10,0,0,0,0,0,28,132,260
93458883,0,96,97,4,665.0,3,3,1,"{""COW"":1,""SHEEP"":4}",5,14,6,6,0,0,0,32,139,266
93458883,0,192,193,8,661.0,6,6,2,"{""COW"":6,""SHEEP"":4}",10,32,11,11,0,0,0,35,145,270
93458883,0,288,289,12,6957.0,8,8,3,"{""COW"":8,""SHEEP"":4}",12,62,13,13,24,0,0,40,151,171
93458883,0,384,385,16,21063.0,6,6,3,"{""COW"":8,""SHEEP"":4}",12,62,13,13,24,0,0,43,151,178
93458883,0,480,481,20,40604.0,7,7,3,"{""COW"":8,""SHEEP"":4}",12,62,13,13,25,0,0,47,5,84
93458883,0,576,577,24,49333.0,7,7,3,"{""COW"":9,""SHEEP"":4}",13,62,14,14,20,0,0,49,9,10
93458883,0,719,719,29,82742.0,10,10,3,"{""COW"":9,""SHEEP"":4}",13,1,0,0,0,0,0,47,51,25
93458883,1,0,1,0,19.0,5,5,1,{},1,0,5,5,0,0,0,28,128,256
93458883,1,24,25,1,19.0,0,0,1,"{""COW"":2,""SHEEP"":2}",4,19,3,0,0,0,0,28,132,260
93458883,1,96,97,4,136.0,5,5,1,"{""COW"":3,""SHEEP"":2}",5,19,6,6,0,0,0,32,139,266
93458883,1,192,193,8,238.0,5,5,2,"{""COW"":6,""SHEEP"":3}",10,30,10,9,0,0,0,35,145,270
93458883,1,288,289,12,15631.0,5,5,3,"{""COW"":10,""SHEEP"":4}",14,51,14,8,18,0,0,40,151,171
93458883,1,384,385,16,29743.0,5,5,3,"{""COW"":10,""SHEEP"":4}",14,55,30,24,0,0,8,43,151,178
93458883,1,480,481,20,54978.0,5,5,3,"{""COW"":10,""SHEEP"":4}",14,58,24,18,11,0,4,47,5,84
93458883,1,576,577,24,70873.0,5,5,3,"{""COW"":10,""SHEEP"":4}",14,52,19,13,4,0,4,49,9,10
93458883,1,719,719,29,97381.0,8,8,3,"{""COW"":10,""SHEEP"":4}",14,1,0,0,1,0,0,47,51,25
93568879,0,0,1,0,3.0,4,4,1,{},0,0,14,14,0,0,0,30,128,256
93568879,0,24,25,1,8.0,1,1,1,"{""COW"":1,""SHEEP"":4}",5,10,0,0,0,0,0,28,132,260
93568879,0,96,97,4,502.0,3,3,1,"{""COW"":1,""SHEEP"":4}",5,14,11,11,0,0,0,33,139,266
93568879,0,192,193,8,567.0,6,6,2,"{""COW"":6,""SHEEP"":4}",10,32,12,12,0,0,0,33,145,270
93568879,0,288,289,12,6105.0,8,8,3,"{""COW"":8,""SHEEP"":4}",12,60,16,16,12,6,0,35,168,228
93568879,0,384,385,16,14729.0,6,6,3,"{""COW"":8,""SHEEP"":4}",12,60,38,38,15,3,16,39,197,232
93568879,0,480,481,20,33466.0,7,7,3,"{""COW"":8,""SHEEP"":4}",12,60,44,44,15,8,4,41,22,235
93568879,0,576,577,24,42473.0,7,7,3,"{""COW"":8,""SHEEP"":4}",13,62,36,36,11,6,12,41,9,10
93568879,0,719,719,29,53990.0,10,10,3,"{""COW"":8,""SHEEP"":4}",13,0,7,7,0,0,0,21,24,25
93568879,1,0,1,0,3.0,4,4,1,{},0,0,14,14,0,0,0,30,128,256
93568879,1,24,25,1,8.0,1,1,1,"{""COW"":1,""SHEEP"":4}",5,10,0,0,0,0,0,28,132,260
93568879,1,96,97,4,502.0,3,3,1,"{""COW"":1,""SHEEP"":4}",5,14,11,11,0,0,0,33,139,266
93568879,1,192,193,8,567.0,6,6,2,"{""COW"":6,""SHEEP"":4}",10,33,12,12,0,0,0,33,145,270
93568879,1,288,289,12,6105.0,8,8,3,"{""COW"":8,""SHEEP"":4}",12,61,16,16,12,6,0,35,168,228
93568879,1,384,385,16,14729.0,6,6,3,"{""COW"":8,""SHEEP"":4}",12,61,38,38,15,3,16,39,197,232
93568879,1,480,481,20,33744.0,7,7,3,"{""COW"":8,""SHEEP"":4}",12,61,44,44,15,8,4,41,22,235
93568879,1,576,577,24,42711.0,7,7,3,"{""COW"":8,""SHEEP"":4}",13,62,36,36,11,6,12,41,9,10
93568879,1,719,719,29,54230.0,10,10,3,"{""COW"":8,""SHEEP"":4}",13,0,7,7,0,0,0,21,24,25
93570324,0,0,1,0,498.0,4,4,1,{},0,0,5,5,0,0,0,29,128,256
93570324,0,24,25,1,58.0,0,0,1,"{""COW"":1,""SHEEP"":3}",4,9,6,5,0,0,0,29,132,260
93570324,0,96,97,4,215.0,0,0,1,"{""COW"":1,""SHEEP"":3}",4,2,23,22,0,0,0,33,139,266
93570324,0,192,193,8,364.0,6,6,2,"{""COW"":3,""SHEEP"":3}",6,10,27,26,0,0,1,35,145,270
93570324,0,288,289,12,478.0,0,0,2,"{""COW"":6,""SHEEP"":3}",9,17,39,38,0,0,12,39,168,247
93570324,0,384,385,16,1210.0,8,8,3,"{""COW"":8,""SHEEP"":3}",11,8,45,44,0,0,36,43,185,248
93570324,0,480,481,20,10257.0,8,8,3,"{""COW"":8,""SHEEP"":3}",11,14,45,44,0,0,33,47,105,239
93570324,0,576,577,24,13061.0,8,8,3,"{""COW"":8,""SHEEP"":3}",11,8,45,44,0,0,33,49,7,136
93570324,0,719,719,29,17686.0,10,10,3,"{""COW"":8,""SHEEP"":3}",11,9,0,0,0,0,0,46,28,146
93570324,1,0,1,0,2.0,5,5,1,{},0,0,14,14,0,0,0,29,128,256
93570324,1,24,25,1,2.0,1,1,1,"{""COW"":1,""SHEEP"":4}",5,10,0,0,0,0,0,29,132,260
93570324,1,96,97,4,482.0,3,3,1,"{""COW"":1,""SHEEP"":4}",5,14,11,11,0,0,0,33,139,266
93570324,1,192,193,8,757.0,6,6,2,"{""COW"":6,""SHEEP"":4}",10,33,12,12,0,0,0,35,145,270
93570324,1,288,289,12,7578.0,8,8,3,"{""COW"":8,""SHEEP"":4}",12,61,16,16,12,6,0,39,168,247
93570324,1,384,385,16,18103.0,6,6,3,"{""COW"":8,""SHEEP"":4}",12,61,38,38,15,3,16,43,185,248
93570324,1,480,481,20,41741.0,7,7,3,"{""COW"":8,""SHEEP"":4}",12,61,44,44,15,8,4,47,105,239
93570324,1,576,577,24,63386.0,7,7,3,"{""COW"":8,""SHEEP"":4}",13,62,36,36,11,6,12,49,7,136
93570324,1,719,719,29,85967.0,10,10,3,"{""COW"":8,""SHEEP"":4}",13,1,7,7,0,0,0,46,28,146
93571219,0,0,1,0,2.0,5,5,1,{},0,0,14,14,0,0,0,30,128,256
93571219,0,24,25,1,1.0,1,1,1,"{""COW"":1,""SHEEP"":4}",5,10,0,0,0,0,0,29,132,260
93571219,0,96,97,4,501.0,3,3,1,"{""COW"":1,""SHEEP"":4}",5,14,11,11,0,0,0,32,149,266
93571219,0,192,193,8,663.0,6,6,2,"{""COW"":6,""SHEEP"":4}",10,32,12,12,0,0,0,36,173,270
93571219,0,288,289,12,6859.0,8,8,3,"{""COW"":8,""SHEEP"":4}",12,60,16,16,12,6,0,40,189,200
93571219,0,384,385,16,19161.0,6,6,3,"{""COW"":8,""SHEEP"":4}",12,60,38,38,16,3,16,44,205,205
93571219,0,480,481,20,53384.0,7,7,3,"{""COW"":8,""SHEEP"":4}",12,60,44,44,16,8,4,48,194,127
93571219,0,576,577,24,82540.0,7,7,3,"{""COW"":8,""SHEEP"":4}",13,62,36,36,11,6,12,51,166,4
93571219,0,719,719,29,136776.0,10,10,3,"{""COW"":8,""SHEEP"":4}",13,1,7,7,0,0,0,51,114,4
93571219,1,0,1,0,513.0,7,7,1,{},1,0,8,8,0,0,0,30,128,256
93571219,1,24,25,1,444.0,8,8,1,"{""SHEEP"":3}",3,9,5,5,0,0,0,29,132,260
93571219,1,96,97,4,553.0,8,8,1,"{""SHEEP"":3}",3,9,3,0,0,0,0,32,149,266
93571219,1,192,193,8,746.0,6,6,2,"{""COW"":4,""SHEEP"":3}",15,19,8,2,0,0,0,36,173,270
93571219,1,288,289,12,6612.0,6,6,3,"{""COW"":12,""SHEEP"":3}",15,19,20,14,0,0,1,40,189,200
93571219,1,384,385,16,14534.0,6,6,3,"{""COW"":12,""SHEEP"":3}",15,46,20,14,0,0,5,44,205,205
93571219,1,480,481,20,33816.0,5,5,3,"{""COW"":12,""SHEEP"":3}",15,33,20,14,0,15,0,48,194,127
93571219,1,576,577,24,49946.0,2,2,3,"{""COW"":10,""SHEEP"":3}",15,24,19,13,10,0,0,51,166,4
93571219,1,719,719,29,80800.0,12,12,3,"{""COW"":12,""SHEEP"":3}",15,11,5,0,0,0,0,51,114,4
93572099,0,0,1,0,2.0,5,5,1,{},0,0,14,14,0,0,0,29,128,256
93572099,0,24,25,1,6.0,1,1,1,"{""COW"":1,""SHEEP"":4}",5,10,0,0,0,0,0,28,132,260
93572099,0,96,97,4,518.0,3,3,1,"{""COW"":1,""SHEEP"":4}",5,14,12,12,0,0,0,31,139,266
93572099,0,192,193,8,984.0,6,6,2,"{""COW"":6,""SHEEP"":4}",10,33,13,13,0,0,0,34,145,270
93572099,0,288,289,12,6198.0,8,8,3,"{""COW"":8,""SHEEP"":4}",12,61,16,16,12,6,0,39,150,51
93572099,0,384,385,16,18594.0,6,6,3,"{""COW"":8,""SHEEP"":4}",12,61,38,38,15,3,16,46,161,51
93572099,0,480,481,20,39463.0,7,7,3,"{""COW"":8,""SHEEP"":4}",12,61,44,44,15,8,4,51,36,51
93572099,0,576,577,24,42454.0,7,7,3,"{""COW"":8,""SHEEP"":4}",13,62,36,36,11,6,12,56,7,13
93572099,0,719,719,29,60553.0,10,10,3,"{""COW"":8,""SHEEP"":4}",13,0,7,7,0,0,0,56,30,28
93572099,1,0,1,0,177.0,7,7,2,{},1,0,0,0,0,0,0,29,128,256
93572099,1,24,25,1,103.0,7,7,2,{},4,26,0,0,0,0,0,28,132,260
93572099,1,96,97,4,115.0,2,2,2,{},4,25,0,0,0,0,0,31,139,266
93572099,1,192,193,8,50.0,2,2,2,{},4,25,4,4,0,0,0,34,145,270
93572099,1,288,289,12,1382.0,7,7,4,"{""COW"":8,""GOOSE"":3,""SHEEP"":6}",21,3,37,19,2,0,0,39,150,51
93572099,1,384,385,16,618.0,7,7,4,"{""COW"":12,""GOOSE"":10,""SHEEP"":9}",25,6,46,46,13,0,0,46,161,51
93572099,1,480,481,20,10593.0,7,7,4,"{""COW"":17,""GOOSE"":10,""SHEEP"":9}",30,5,46,9,12,0,12,51,36,51
93572099,1,576,577,24,12540.0,7,7,4,"{""COW"":17,""GOOSE"":10,""SHEEP"":9}",30,17,46,9,11,12,32,56,7,13
93572099,1,719,719,29,16814.0,8,8,4,"{""COW"":17,""GOOSE"":10,""SHEEP"":9}",30,0,0,0,6,3,0,56,30,28
93572980,0,0,1,0,1318.0,2,2,1,{},0,0,0,0,0,0,0,29,128,256
93572980,0,24,25,1,434.0,2,2,1,"{""COW"":3,""SHEEP"":1}",4,6,9,7,0,0,0,29,132,260
93572980,0,96,97,4,713.0,2,2,1,"{""COW"":3,""SHEEP"":1}",4,12,8,6,0,0,0,33,139,266
93572980,0,192,193,8,1354.0,2,2,1,"{""COW"":5,""SHEEP"":1}",6,17,10,8,0,0,0,36,145,270
93572980,0,288,289,12,7625.0,3,3,3,"{""COW"":7,""SHEEP"":7}",15,31,20,18,10,0,0,41,168,215
93572980,0,384,385,16,21255.0,3,3,3,"{""COW"":8,""SHEEP"":7}",15,53,19,17,10,0,0,45,190,197
93572980,0,480,481,20,36070.0,3,3,3,"{""COW"":8,""SHEEP"":7}",15,49,19,17,10,0,0,49,91,202
93572980,0,576,577,24,48272.0,3,3,3,"{""COW"":8,""SHEEP"":7}",15,36,19,17,10,0,0,52,7,10
93572980,0,719,719,29,61604.0,10,10,3,"{""COW"":8,""SHEEP"":7}",15,10,0,0,0,0,0,51,5,25
93572980,1,0,1,0,2.0,5,5,1,{},0,0,14,14,0,0,0,29,128,256
93572980,1,24,25,1,2.0,1,1,1,"{""COW"":1,""SHEEP"":4}",5,10,0,0,0,0,0,29,132,260
93572980,1,96,97,4,484.0,3,3,1,"{""COW"":1,""SHEEP"":4}",5,14,11,11,0,0,0,33,139,266
93572980,1,192,193,8,734.0,6,6,2,"{""COW"":6,""SHEEP"":4}",10,33,12,12,0,0,0,36,145,270
93572980,1,288,289,12,7723.0,8,8,3,"{""COW"":8,""SHEEP"":4}",12,61,16,16,12,6,0,41,168,215
93572980,1,384,385,16,18032.0,6,6,3,"{""COW"":8,""SHEEP"":4}",12,61,38,38,15,3,16,45,190,197
93572980,1,480,481,20,45654.0,7,7,3,"{""COW"":8,""SHEEP"":4}",12,61,44,44,15,8,4,49,91,202
93572980,1,576,577,24,66840.0,7,7,3,"{""COW"":8,""SHEEP"":4}",13,62,36,36,11,6,12,52,7,10
93572980,1,719,719,29,100007.0,10,10,3,"{""COW"":8,""SHEEP"":4}",13,1,7,7,0,0,0,51,5,25
93573868,0,0,1,0,2.0,5,5,1,{},0,0,14,14,0,0,0,29,128,256
93573868,0,24,25,1,2.0,1,1,1,"{""COW"":1,""SHEEP"":4}",5,10,0,0,0,0,0,30,132,260
93573868,0,96,97,4,507.0,3,3,1,"{""COW"":1,""SHEEP"":4}",5,14,10,10,0,0,0,33,149,266
93573868,0,192,193,8,732.0,6,6,2,"{""COW"":6,""SHEEP"":4}",10,33,12,12,0,0,0,34,173,270
93573868,0,288,289,12,7590.0,8,8,3,"{""COW"":8,""SHEEP"":4}",12,61,16,16,12,6,0,40,198,215
93573868,0,384,385,16,16022.0,6,6,3,"{""COW"":8,""SHEEP"":4}",12,61,38,38,15,3,16,43,219,197
93573868,0,480,481,20,40289.0,7,7,3,"{""COW"":8,""SHEEP"":4}",12,61,44,44,15,8,4,46,184,195
93573868,0,576,577,24,60278.0,7,7,3,"{""COW"":8,""SHEEP"":4}",13,62,36,36,11,6,12,49,9,4
93573868,0,719,719,29,75385.0,10,10,3,"{""COW"":8,""SHEEP"":4}",13,1,7,7,0,0,0,46,12,4
93573868,1,0,1,0,2058.0,2,2,1,{},0,0,0,0,0,0,0,29,128,256
93573868,1,24,25,1,5.0,2,2,1,"{""COW"":3,""SHEEP"":1}",4,17,17,15,0,0,0,30,132,260
93573868,1,96,97,4,1017.0,2,2,1,"{""COW"":3,""SHEEP"":1}",4,19,7,5,0,0,0,33,149,266
93573868,1,192,193,8,1007.0,3,3,2,"{""COW"":5,""SHEEP"":2}",7,27,6,4,0,0,0,34,173,270
93573868,1,288,289,12,6302.0,3,3,3,"{""COW"":8,""SHEEP"":6}",14,39,78,76,0,9,0,40,198,215
93573868,1,384,385,16,17896.0,3,3,3,"{""COW"":8,""SHEEP"":6}",14,53,64,62,0,9,0,43,219,197
93573868,1,480,481,20,32491.0,3,3,3,"{""COW"":8,""SHEEP"":6}",14,52,42,40,7,0,0,46,184,195
93573868,1,576,577,24,41938.0,3,3,3,"{""COW"":8,""SHEEP"":6}",14,41,28,26,0,12,17,49,9,4
93573868,1,719,719,29,45082.0,12,12,3,"{""COW"":8,""SHEEP"":5}",14,7,0,0,0,0,0,46,12,4
93574752,0,0,1,0,2058.0,2,2,1,{},0,0,0,0,0,0,0,29,128,256
93574752,0,24,25,1,5.0,2,2,1,"{""COW"":3,""SHEEP"":1}",4,17,17,15,0,0,0,30,132,260
93574752,0,96,97,4,1017.0,2,2,1,"{""COW"":3,""SHEEP"":1}",4,19,7,5,0,0,0,33,149,266
93574752,0,192,193,8,1008.0,3,3,2,"{""COW"":5,""SHEEP"":2}",7,27,6,4,0,0,0,35,181,270
93574752,0,288,289,12,8158.0,3,3,3,"{""COW"":8,""SHEEP"":6}",14,39,78,76,0,0,0,41,214,215
93574752,0,384,385,16,19867.0,3,3,3,"{""COW"":8,""SHEEP"":6}",14,53,64,62,0,0,0,45,246,197
93574752,0,480,481,20,39102.0,3,3,3,"{""COW"":8,""SHEEP"":6}",14,52,42,40,8,15,0,48,236,197
93574752,0,576,577,24,72802.0,3,3,3,"{""COW"":8,""SHEEP"":6}",14,41,25,23,0,12,17,51,208,10
93574752,0,719,719,29,117720.0,12,12,3,"{""COW"":7,""SHEEP"":5}",14,7,0,0,0,0,0,50,193,1
93574752,1,0,1,0,2.0,5,5,1,{},0,0,14,14,0,0,0,29,128,256
93574752,1,24,25,1,2.0,1,1,1,"{""COW"":1,""SHEEP"":4}",5,10,0,0,0,0,0,30,132,260
93574752,1,96,97,4,507.0,3,3,1,"{""COW"":1,""SHEEP"":4}",5,14,10,10,0,0,0,33,149,266
93574752,1,192,193,8,728.0,6,6,2,"{""COW"":6,""SHEEP"":4}",10,33,12,12,0,0,0,35,181,270
93574752,1,288,289,12,7574.0,8,8,3,"{""COW"":8,""SHEEP"":4}",12,61,16,16,12,6,0,41,214,215
93574752,1,384,385,16,16538.0,6,6,3,"{""COW"":8,""SHEEP"":4}",12,61,38,38,15,3,16,45,246,197
93574752,1,480,481,20,50390.0,7,7,3,"{""COW"":8,""SHEEP"":4}",12,61,44,44,15,8,4,48,236,197
93574752,1,576,577,24,88959.0,7,7,3,"{""COW"":8,""SHEEP"":4}",13,62,36,36,11,6,12,51,208,10
93574752,1,719,719,29,140790.0,10,10,3,"{""COW"":8,""SHEEP"":4}",13,1,7,7,0,0,0,50,193,1
93575644,0,0,1,0,2.0,5,5,1,{},0,0,14,14,0,0,0,31,128,256
93575644,0,24,25,1,13.0,1,1,1,"{""COW"":1,""SHEEP"":4}",5,10,0,0,0,0,0,30,132,260
93575644,0,96,97,4,487.0,3,3,1,"{""COW"":1,""SHEEP"":4}",5,14,11,11,0,0,0,33,139,266
93575644,0,192,193,8,1491.0,6,6,2,"{""COW"":6,""SHEEP"":4}",10,33,12,12,0,0,0,32,145,270
93575644,0,288,289,12,9363.0,8,8,3,"{""COW"":8,""SHEEP"":4}",12,61,16,16,12,6,0,36,151,215
93575644,0,384,385,16,17802.0,6,6,3,"{""COW"":8,""SHEEP"":4}",12,61,38,38,15,3,16,37,172,205
93575644,0,480,481,20,33456.0,7,7,3,"{""COW"":8,""SHEEP"":4}",12,61,44,44,15,8,4,39,5,202
93575644,0,576,577,24,44050.0,7,7,3,"{""COW"":8,""SHEEP"":4}",13,62,36,36,11,6,12,42,3,28
93575644,0,719,719,29,67090.0,10,10,3,"{""COW"":8,""SHEEP"":4}",13,1,7,7,0,0,0,27,3,4
93575644,1,0,1,0,133.0,2,2,1,{},1,0,17,17,0,0,0,31,128,256
93575644,1,24,25,1,1.0,2,2,1,"{""COW"":3,""SHEEP"":1}",4,17,17,13,0,0,0,30,132,260
93575644,1,96,97,4,697.0,2,2,1,"{""COW"":3,""SHEEP"":1}",4,18,17,13,0,0,0,33,139,266
93575644,1,192,193,8,545.0,6,6,2,"{""COW"":5,""SHEEP"":2}",7,27,17,17,0,0,0,32,145,270
93575644,1,288,289,12,9431.0,7,7,3,"{""COW"":8,""SHEEP"":6}",14,38,56,42,10,0,0,36,151,215
93575644,1,384,385,16,24707.0,9,9,3,"{""COW"":8,""SHEEP"":6}",14,56,47,33,9,3,0,37,172,205
93575644,1,480,481,20,35036.0,9,9,3,"{""COW"":8,""SHEEP"":6}",14,56,43,43,12,6,0,39,5,202
93575644,1,576,577,24,42239.0,9,9,3,"{""COW"":8,""SHEEP"":6}",14,43,38,38,6,5,8,42,3,28
93575644,1,719,719,29,57612.0,10,10,3,"{""COW"":8,""SHEEP"":6}",14,11,0,0,0,0,0,27,3,4
93576533,0,0,1,0,22.0,5,5,1,{},0,0,4,4,0,0,0,29,128,256
93576533,0,24,25,1,21.0,1,1,1,"{""COW"":1,""SHEEP"":4}",5,10,0,0,0,0,0,28,132,260
93576533,0,96,97,4,483.0,3,3,1,"{""COW"":1,""SHEEP"":3}",5,14,8,8,0,0,0,33,149,266
93576533,0,192,193,8,144.0,6,6,2,"{""COW"":5,""SHEEP"":3}",10,32,18,18,0,0,0,36,173,270
93576533,0,288,289,12,7285.0,8,8,3,"{""COW"":6,""SHEEP"":3}",12,53,27,27,15,0,0,38,190,228
93576533,0,384,385,16,24992.0,5,5,3,"{""COW"":6,""SHEEP"":3}",12,53,39,39,4,0,0,41,208,232
93576533,0,480,481,20,46025.0,7,7,3,"{""COW"":6,""SHEEP"":3}",12,53,51,51,9,0,0,44,186,218
93576533,0,576,577,24,71046.0,7,7,3,"{""COW"":7,""SHEEP"":3}",13,51,50,50,11,0,0,47,156,7
93576533,0,719,719,29,106372.0,10,10,3,"{""COW"":7,""SHEEP"":3}",14,6,0,0,0,0,0,37,207,7
93576533,1,0,1,0,2.0,5,5,1,{},0,0,14,14,0,0,0,29,128,256
93576533,1,24,25,1,0.0,1,1,1,"{""COW"":1,""SHEEP"":4}",5,10,0,0,0,0,0,28,132,260
93576533,1,96,97,4,500.0,3,3,1,"{""COW"":1,""SHEEP"":4}",5,14,11,11,0,0,0,33,149,266
93576533,1,192,193,8,600.0,6,6,2,"{""COW"":6,""SHEEP"":4}",10,33,12,12,0,0,0,36,173,270
93576533,1,288,289,12,7445.0,8,8,3,"{""COW"":8,""SHEEP"":4}",12,61,16,16,12,6,0,38,190,228
93576533,1,384,385,16,20238.0,6,6,3,"{""COW"":8,""SHEEP"":4}",12,61,38,38,15,3,16,41,208,232
93576533,1,480,481,20,56224.0,7,7,3,"{""COW"":8,""SHEEP"":4}",12,61,44,44,15,8,4,44,186,218
93576533,1,576,577,24,90106.0,7,7,3,"{""COW"":8,""SHEEP"":4}",13,62,36,36,11,6,12,47,156,7
93576533,1,719,719,29,147957.0,10,10,3,"{""COW"":8,""SHEEP"":4}",13,1,7,7,0,0,0,37,207,7
93577431,0,0,1,0,13.0,5,5,1,{},0,0,5,5,0,0,0,29,128,256
93577431,0,24,25,1,14.0,0,0,1,"{""COW"":2,""SHEEP"":2}",6,19,1,1,0,0,0,28,132,260
93577431,0,96,97,4,779.0,4,4,1,"{""COW"":2,""SHEEP"":2}",6,19,5,5,0,0,0,32,149,266
93577431,0,192,193,8,127.0,5,5,2,"{""COW"":4,""SHEEP"":2}",12,38,9,9,0,0,0,35,173,270
93577431,0,288,289,12,11263.0,7,7,3,"{""COW"":8,""SHEEP"":6}",14,61,14,14,8,6,0,38,189,171
93577431,0,384,385,16,18825.0,7,7,3,"{""COW"":8,""SHEEP"":6}",14,61,14,14,19,1,0,42,202,178
93577431,0,480,481,20,32134.0,7,7,3,"{""COW"":8,""SHEEP"":6}",14,61,14,14,24,1,0,45,28,184
93577431,0,576,577,24,37201.0,6,6,3,"{""COW"":8,""SHEEP"":6}",14,57,14,14,2,3,0,48,5,10
93577431,0,719,719,29,55100.0,11,11,3,"{""COW"":8,""SHEEP"":6}",14,4,0,0,0,0,0,41,16,25
93577431,1,0,1,0,2.0,5,5,1,{},0,0,14,14,0,0,0,29,128,256
93577431,1,24,25,1,0.0,1,1,1,"{""COW"":1,""SHEEP"":4}",5,10,0,0,0,0,0,28,132,260
93577431,1,96,97,4,501.0,3,3,1,"{""COW"":1,""SHEEP"":4}",5,14,11,11,0,0,0,32,149,266
93577431,1,192,193,8,765.0,6,6,2,"{""COW"":6,""SHEEP"":4}",10,33,12,12,0,0,0,35,173,270
93577431,1,288,289,12,7026.0,8,8,3,"{""COW"":8,""SHEEP"":4}",12,61,16,16,12,6,0,38,189,171
93577431,1,384,385,16,16684.0,6,6,3,"{""COW"":8,""SHEEP"":4}",12,61,38,38,15,3,16,42,202,178
93577431,1,480,481,20,38873.0,7,7,3,"{""COW"":8,""SHEEP"":4}",12,61,44,44,15,8,4,45,28,184
93577431,1,576,577,24,46581.0,7,7,3,"{""COW"":8,""SHEEP"":4}",13,62,36,36,11,6,12,48,5,10
93577431,1,719,719,29,70337.0,10,10,3,"{""COW"":8,""SHEEP"":4}",13,1,7,7,0,0,0,41,16,25
93578320,0,0,1,0,2.0,5,5,1,{},0,0,14,14,0,0,0,29,128,256
93578320,0,24,25,1,0.0,1,1,1,"{""COW"":1,""SHEEP"":4}",5,10,0,0,0,0,0,29,132,260
93578320,0,96,97,4,491.0,3,3,1,"{""COW"":1,""SHEEP"":4}",5,14,11,11,0,0,0,33,149,266
93578320,0,192,193,8,886.0,6,6,2,"{""COW"":6,""SHEEP"":4}",10,33,12,12,0,0,0,35,173,270
93578320,0,288,289,12,8673.0,8,8,3,"{""COW"":8,""SHEEP"":4}",12,61,16,16,12,6,0,39,189,228
93578320,0,384,385,16,19180.0,6,6,3,"{""COW"":8,""SHEEP"":4}",12,61,38,38,15,3,16,44,201,167
93578320,0,480,481,20,45170.0,7,7,3,"{""COW"":8,""SHEEP"":4}",12,61,44,44,15,8,4,46,66,174
93578320,0,576,577,24,57449.0,7,7,3,"{""COW"":8,""SHEEP"":4}",13,62,36,36,11,6,12,48,7,13
93578320,0,719,719,29,86192.0,10,10,3,"{""COW"":8,""SHEEP"":4}",13,1,7,7,0,0,0,38,30,28
93578320,1,0,1,0,743.0,4,4,1,{},1,0,0,0,0,0,0,29,128,256
93578320,1,24,25,1,77.0,4,4,1,"{""COW"":3,""SHEEP"":2}",5,10,5,0,0,0,0,29,132,260
93578320,1,96,97,4,481.0,0,0,1,"{""COW"":3,""SHEEP"":2}",5,18,3,0,0,0,0,33,149,266
93578320,1,192,193,8,609.0,0,0,2,"{""COW"":3,""SHEEP"":5}",8,27,3,0,0,0,0,35,173,270
93578320,1,288,289,12,3311.0,10,10,3,"{""COW"":3,""SHEEP"":12}",19,34,20,20,20,0,1,39,189,228
93578320,1,384,385,16,24183.0,10,10,3,"{""COW"":3,""SHEEP"":16}",20,46,26,26,18,0,5,44,201,167
93578320,1,480,481,20,50165.0,10,10,3,"{""COW"":3,""SHEEP"":16}",20,47,19,19,23,0,2,46,66,174
93578320,1,576,577,24,68843.0,10,10,3,"{""COW"":3,""SHEEP"":17}",20,46,30,24,23,0,19,48,7,13
93578320,1,719,719,29,114770.0,12,12,3,"{""COW"":3,""SHEEP"":17}",20,0,6,0,0,0,0,38,30,28
93579220,0,0,1,0,2.0,5,5,1,{},0,0,14,14,0,0,0,29,128,256
93579220,0,24,25,1,0.0,1,1,1,"{""COW"":1,""SHEEP"":4}",5,10,0,0,0,0,0,28,132,260
93579220,0,96,97,4,501.0,3,3,1,"{""COW"":1,""SHEEP"":4}",5,14,11,11,0,0,0,32,149,266
93579220,0,192,193,8,1069.0,6,6,2,"{""COW"":6,""SHEEP"":4}",10,33,12,12,0,0,0,34,173,270
93579220,0,288,289,12,8823.0,8,8,3,"{""COW"":8,""SHEEP"":4}",12,61,16,16,12,6,0,37,199,171
93579220,0,384,385,16,22747.0,6,6,3,"{""COW"":8,""SHEEP"":4}",12,61,38,38,15,3,16,40,230,178
93579220,0,480,481,20,63531.0,7,7,3,"{""COW"":8,""SHEEP"":4}",12,61,44,44,15,8,4,43,209,184
93579220,0,576,577,24,100704.0,7,7,3,"{""COW"":8,""SHEEP"":4}",13,62,36,36,11,6,12,46,180,10
93579220,0,719,719,29,157339.0,10,10,3,"{""COW"":8,""SHEEP"":4}",13,1,7,7,0,0,0,39,142,25
93579220,1,0,1,0,13.0,5,5,1,{},0,0,5,5,0,0,0,29,128,256
93579220,1,24,25,1,14.0,0,0,1,"{""COW"":2,""SHEEP"":2}",6,19,1,1,0,0,0,28,132,260
93579220,1,96,97,4,779.0,4,4,1,"{""COW"":2,""SHEEP"":2}",6,19,5,5,0,0,0,32,149,266
93579220,1,192,193,8,293.0,5,5,2,"{""COW"":4,""SHEEP"":2}",12,38,9,9,0,0,0,34,173,270
93579220,1,288,289,12,12096.0,7,7,3,"{""COW"":8,""SHEEP"":6}",14,60,15,15,8,6,0,37,199,171
93579220,1,384,385,16,24229.0,7,7,3,"{""COW"":8,""SHEEP"":6}",14,60,15,15,19,0,0,40,230,178
93579220,1,480,481,20,60467.0,7,7,3,"{""COW"":8,""SHEEP"":6}",14,60,15,15,24,0,0,43,209,184
93579220,1,576,577,24,94962.0,6,6,3,"{""COW"":8,""SHEEP"":6}",14,57,15,15,5,0,0,46,180,10
93579220,1,719,719,29,148356.0,11,11,3,"{""COW"":8,""SHEEP"":6}",14,4,0,0,0,0,0,39,142,25
93580127,0,0,1,0,0.0,5,5,1,{},0,0,14,14,0,0,0,30,128,256
93580127,0,24,25,1,3.0,1,1,1,"{""COW"":1,""SHEEP"":4}",5,10,0,0,0,0,0,29,132,260
93580127,0,96,97,4,496.0,3,3,1,"{""COW"":1,""SHEEP"":4}",5,14,11,11,0,0,0,32,139,266
93580127,0,192,193,8,269.0,6,6,2,"{""COW"":6,""SHEEP"":4}",10,33,12,12,0,0,0,34,159,270
93580127,0,288,289,12,4251.0,8,8,3,"{""COW"":8,""SHEEP"":4}",12,53,16,16,12,6,0,37,179,238
93580127,0,384,385,16,9390.0,6,6,3,"{""COW"":8,""SHEEP"":4}",12,59,34,34,15,2,12,41,184,240
93580127,0,480,481,20,21113.0,7,7,3,"{""COW"":8,""SHEEP"":4}",12,59,40,40,15,8,4,43,7,243
93580127,0,576,577,24,30861.0,7,7,3,"{""COW"":8,""SHEEP"":4}",13,62,32,32,11,6,12,45,5,62
93580127,0,719,719,29,46894.0,10,10,3,"{""COW"":8,""SHEEP"":4}",13,0,7,7,0,0,0,31,11,76
93580127,1,0,1,0,1.0,4,4,1,{},0,0,8,8,0,0,0,30,128,256
93580127,1,24,25,1,29.0,1,1,1,"{""COW"":1,""SHEEP"":4}",5,9,2,2,0,0,0,29,132,260
93580127,1,96,97,4,676.0,3,3,1,"{""COW"":1,""SHEEP"":4}",5,13,8,8,0,0,0,32,139,266
93580127,1,192,193,8,817.0,6,6,2,"{""COW"":6,""SHEEP"":4}",10,32,13,13,0,0,0,34,159,270
93580127,1,288,289,12,6462.0,8,8,3,"{""COW"":8,""SHEEP"":4}",12,58,15,15,15,0,0,37,179,238
93580127,1,384,385,16,15917.0,6,6,3,"{""COW"":8,""SHEEP"":4}",12,58,16,16,22,0,0,41,184,240
93580127,1,480,481,20,24398.0,7,7,3,"{""COW"":8,""SHEEP"":4}",12,58,15,15,21,0,0,43,7,243
93580127,1,576,577,24,32644.0,7,7,3,"{""COW"":9,""SHEEP"":4}",13,62,16,16,5,0,0,45,5,62
93580127,1,719,719,29,44760.0,10,10,3,"{""COW"":9,""SHEEP"":4}",13,1,0,0,0,0,0,31,11,76
93581029,0,0,1,0,27.0,4,4,1,{},0,0,4,4,0,0,0,29,128,256
93581029,0,24,25,1,26.0,1,1,1,"{""COW"":1,""SHEEP"":4}",5,10,0,0,0,0,0,28,132,260
93581029,0,96,97,4,488.0,3,3,1,"{""COW"":1,""SHEEP"":3}",5,14,8,8,0,0,0,32,139,266
93581029,0,192,193,8,151.0,6,6,2,"{""COW"":6,""SHEEP"":3}",10,32,15,15,0,0,0,33,145,270
93581029,0,288,289,12,7106.0,8,8,3,"{""COW"":7,""SHEEP"":3}",12,61,21,21,18,0,0,35,168,228
93581029,0,384,385,16,22394.0,6,6,3,"{""COW"":7,""SHEEP"":3}",12,61,29,29,11,0,0,38,188,232
93581029,0,480,481,20,34179.0,7,7,3,"{""COW"":7,""SHEEP"":3}",12,61,37,37,11,0,0,40,34,235
93581029,0,576,577,24,44149.0,7,7,3,"{""COW"":8,""SHEEP"":3}",13,61,46,46,11,0,0,41,7,10
93581029,0,719,719,29,58896.0,10,10,3,"{""COW"":8,""SHEEP"":3}",13,1,0,0,0,0,0,21,16,25
93581029,1,0,1,0,2.0,5,5,1,{},0,0,14,14,0,0,0,29,128,256
93581029,1,24,25,1,0.0,1,1,1,"{""COW"":1,""SHEEP"":4}",5,10,0,0,0,0,0,28,132,260
93581029,1,96,97,4,500.0,3,3,1,"{""COW"":1,""SHEEP"":4}",5,14,11,11,0,0,0,32,139,266
93581029,1,192,193,8,963.0,6,6,2,"{""COW"":6,""SHEEP"":4}",10,33,12,12,0,0,0,33,145,270
93581029,1,288,289,12,8758.0,8,8,3,"{""COW"":8,""SHEEP"":4}",12,61,16,16,12,6,0,35,168,228
93581029,1,384,385,16,18972.0,6,6,3,"{""COW"":8,""SHEEP"":4}",12,61,38,38,15,3,16,38,188,232
93581029,1,480,481,20,40171.0,7,7,3,"{""COW"":8,""SHEEP"":4}",12,61,44,44,15,8,4,40,34,235
93581029,1,576,577,24,50098.0,7,7,3,"{""COW"":8,""SHEEP"":4}",13,62,36,36,11,6,12,41,7,10
93581029,1,719,719,29,72003.0,10,10,3,"{""COW"":8,""SHEEP"":4}",13,1,7,7,0,0,0,21,16,25
93581923,0,0,1,0,13.0,5,5,1,{},1,0,5,5,0,0,0,29,128,256
93581923,0,24,25,1,16.0,0,0,1,"{""COW"":2,""SHEEP"":2}",4,19,3,0,0,0,0,28,132,260
93581923,0,96,97,4,131.0,5,5,1,"{""COW"":3,""SHEEP"":2}",5,19,6,6,0,0,0,33,149,266
93581923,0,192,193,8,184.0,5,5,2,"{""COW"":6,""SHEEP"":3}",10,30,10,9,0,0,0,35,181,270
93581923,0,288,289,12,14674.0,5,5,3,"{""COW"":10,""SHEEP"":4}",14,52,14,8,18,0,0,39,214,171
93581923,0,384,385,16,29682.0,5,5,3,"{""COW"":10,""SHEEP"":4}",14,55,27,21,0,0,8,41,238,178
93581923,0,480,481,20,48120.0,5,5,3,"{""COW"":10,""SHEEP"":4}",14,58,19,13,11,0,4,44,229,122
93581923,0,576,577,24,76042.0,5,5,3,"{""COW"":10,""SHEEP"":4}",14,52,8,2,4,0,4,44,187,10
93581923,0,719,719,29,106410.0,8,8,3,"{""COW"":9,""SHEEP"":4}",14,1,0,0,0,0,0,35,150,25
93581923,1,0,1,0,2.0,5,5,1,{},0,0,14,14,0,0,0,29,128,256
93581923,1,24,25,1,8.0,1,1,1,"{""COW"":1,""SHEEP"":4}",5,10,0,0,0,0,0,28,132,260
93581923,1,96,97,4,508.0,3,3,1,"{""COW"":1,""SHEEP"":4}",5,14,11,11,0,0,0,33,149,266
93581923,1,192,193,8,564.0,6,6,2,"{""COW"":6,""SHEEP"":4}",10,33,12,12,0,0,0,35,181,270
93581923,1,288,289,12,6597.0,8,8,3,"{""COW"":8,""SHEEP"":4}",12,61,16,16,12,6,0,39,214,171
93581923,1,384,385,16,16869.0,6,6,3,"{""COW"":8,""SHEEP"":4}",12,61,38,38,15,3,16,41,238,178
93581923,1,480,481,20,46223.0,7,7,3,"{""COW"":8,""SHEEP"":4}",12,61,44,44,15,8,4,44,229,122
93581923,1,576,577,24,70684.0,7,7,3,"{""COW"":8,""SHEEP"":4}",13,62,36,36,11,6,12,44,187,10
93581923,1,719,719,29,108247.0,10,10,3,"{""COW"":8,""SHEEP"":4}",13,0,7,7,0,0,0,35,150,25
93582826,0,0,1,0,2.0,5,5,1,{},0,0,14,14,0,0,0,29,128,256
93582826,0,24,25,1,0.0,1,1,1,"{""COW"":1,""SHEEP"":4}",5,10,0,0,0,0,0,28,132,260
93582826,0,96,97,4,500.0,3,3,1,"{""COW"":1,""SHEEP"":4}",5,14,11,11,0,0,0,33,139,266
93582826,0,192,193,8,606.0,6,6,2,"{""COW"":6,""SHEEP"":4}",10,33,12,12,0,0,0,35,159,270
93582826,0,288,289,12,6708.0,8,8,3,"{""COW"":8,""SHEEP"":4}",12,61,16,16,12,6,0,38,190,228
93582826,0,384,385,16,15429.0,6,6,3,"{""COW"":8,""SHEEP"":4}",12,61,38,38,15,3,16,41,204,232
93582826,0,480,481,20,37660.0,7,7,3,"{""COW"":8,""SHEEP"":4}",12,61,44,44,15,8,4,44,147,235
93582826,0,576,577,24,51752.0,7,7,3,"{""COW"":8,""SHEEP"":4}",13,62,36,36,11,6,12,47,12,10
93582826,0,719,719,29,69439.0,10,10,3,"{""COW"":8,""SHEEP"":4}",13,1,7,7,0,0,0,39,108,25
93582826,1,0,1,0,27.0,4,4,1,{},0,0,4,4,0,0,0,29,128,256
93582826,1,24,25,1,26.0,1,1,1,"{""COW"":1,""SHEEP"":4}",5,10,0,0,0,0,0,28,132,260
93582826,1,96,97,4,488.0,3,3,1,"{""COW"":1,""SHEEP"":3}",5,14,8,8,0,0,0,33,139,266
93582826,1,192,193,8,147.0,6,6,2,"{""COW"":5,""SHEEP"":3}",10,33,15,15,0,0,0,35,159,270
93582826,1,288,289,12,6263.0,8,8,3,"{""COW"":6,""SHEEP"":3}",12,60,25,25,15,0,0,38,190,228
93582826,1,384,385,16,18708.0,6,6,3,"{""COW"":6,""SHEEP"":3}",12,60,36,36,7,0,0,41,204,232
93582826,1,480,481,20,31816.0,7,7,3,"{""COW"":6,""SHEEP"":3}",12,60,48,48,9,0,0,44,147,235
93582826,1,576,577,24,43982.0,7,7,3,"{""COW"":7,""SHEEP"":3}",13,60,50,50,10,0,0,47,12,10
93582826,1,719,719,29,57239.0,10,10,3,"{""COW"":7,""SHEEP"":3}",13,1,0,0,0,0,0,39,108,25
93583747,0,0,1,0,3.0,4,4,1,{},0,0,14,14,0,0,0,30,128,256
93583747,0,24,25,1,8.0,1,1,1,"{""COW"":1,""SHEEP"":4}",5,10,0,0,0,0,0,28,132,260
93583747,0,96,97,4,657.0,3,3,1,"{""COW"":1,""SHEEP"":4}",5,14,6,6,0,0,0,33,149,266
93583747,0,192,193,8,540.0,6,6,2,"{""COW"":6,""SHEEP"":4}",10,33,11,11,0,0,0,35,173,270
93583747,0,288,289,12,6997.0,8,8,3,"{""COW"":8,""SHEEP"":4}",12,63,13,13,15,0,0,38,189,228
93583747,0,384,385,16,21713.0,6,6,3,"{""COW"":8,""SHEEP"":4}",12,63,13,13,15,0,0,40,193,232
93583747,0,480,481,20,36980.0,7,7,3,"{""COW"":8,""SHEEP"":4}",12,63,13,13,20,0,0,42,5,235
93583747,0,576,577,24,47307.0,7,7,3,"{""COW"":9,""SHEEP"":4}",13,62,14,14,13,0,0,44,5,10
93583747,0,719,719,29,65010.0,10,10,3,"{""COW"":9,""SHEEP"":4}",13,1,0,0,0,0,0,22,9,25
93583747,1,0,1,0,3.0,4,4,1,{},0,0,14,14,0,0,0,30,128,256
93583747,1,24,25,1,8.0,1,1,1,"{""COW"":1,""SHEEP"":4}",5,10,0,0,0,0,0,28,132,260
93583747,1,96,97,4,504.0,3,3,1,"{""COW"":1,""SHEEP"":4}",5,14,11,11,0,0,0,33,149,266
93583747,1,192,193,8,561.0,6,6,2,"{""COW"":6,""SHEEP"":4}",10,33,12,12,0,0,0,35,173,270
93583747,1,288,289,12,6161.0,8,8,3,"{""COW"":8,""SHEEP"":4}",12,61,16,16,12,6,0,38,189,228
93583747,1,384,385,16,17403.0,6,6,3,"{""COW"":8,""SHEEP"":4}",12,61,38,38,15,3,16,40,193,232
93583747,1,480,481,20,38431.0,7,7,3,"{""COW"":8,""SHEEP"":4}",12,61,44,44,15,8,4,42,5,235
93583747,1,576,577,24,48120.0,7,7,3,"{""COW"":8,""SHEEP"":4}",13,62,36,36,11,6,12,44,5,10
93583747,1,719,719,29,70107.0,10,10,3,"{""COW"":8,""SHEEP"":4}",13,0,7,7,0,0,0,22,9,25
93584653,0,0,1,0,3.0,4,4,1,{},0,0,14,14,0,0,0,30,128,256
93584653,0,24,25,1,8.0,1,1,1,"{""COW"":1,""SHEEP"":4}",5,10,0,0,0,0,0,28,132,260
93584653,0,96,97,4,500.0,3,3,1,"{""COW"":1,""SHEEP"":4}",5,14,11,11,0,0,0,33,139,266
93584653,0,192,193,8,594.0,6,6,2,"{""COW"":6,""SHEEP"":4}",10,33,12,12,0,0,0,35,145,270
93584653,0,288,289,12,6116.0,8,8,3,"{""COW"":8,""SHEEP"":4}",12,61,16,16,12,6,0,38,168,228
93584653,0,384,385,16,14717.0,6,6,3,"{""COW"":8,""SHEEP"":4}",12,61,38,38,15,3,16,41,201,232
93584653,0,480,481,20,36786.0,7,7,3,"{""COW"":8,""SHEEP"":4}",12,61,44,44,15,8,4,43,99,235
93584653,0,576,577,24,49299.0,7,7,3,"{""COW"":8,""SHEEP"":4}",13,62,36,36,11,6,12,46,12,10
93584653,0,719,719,29,65881.0,10,10,3,"{""COW"":8,""SHEEP"":4}",13,0,0,0,0,0,0,34,85,25
93584653,1,0,1,0,3.0,4,4,1,{},0,0,14,14,0,0,0,30,128,256
93584653,1,24,25,1,8.0,1,1,1,"{""COW"":1,""SHEEP"":4}",5,10,0,0,0,0,0,28,132,260
93584653,1,96,97,4,500.0,3,3,1,"{""COW"":1,""SHEEP"":4}",5,14,11,11,0,0,0,33,139,266
93584653,1,192,193,8,594.0,6,6,2,"{""COW"":6,""SHEEP"":4}",10,33,12,12,0,0,0,35,145,270
93584653,1,288,289,12,6116.0,8,8,3,"{""COW"":8,""SHEEP"":4}",12,61,16,16,12,6,0,38,168,228
93584653,1,384,385,16,14717.0,6,6,3,"{""COW"":8,""SHEEP"":4}",12,61,38,38,15,3,16,41,201,232
93584653,1,480,481,20,36801.0,7,7,3,"{""COW"":8,""SHEEP"":4}",12,61,44,44,15,8,4,43,99,235
93584653,1,576,577,24,49311.0,7,7,3,"{""COW"":8,""SHEEP"":4}",13,62,36,36,11,6,12,46,12,10
93584653,1,719,719,29,66673.0,10,10,3,"{""COW"":8,""SHEEP"":4}",13,0,7,7,0,0,0,34,85,25
93585555,0,0,1,0,3.0,4,4,1,{},0,0,14,14,0,0,0,30,128,256
93585555,0,24,25,1,8.0,1,1,1,"{""COW"":1,""SHEEP"":4}",5,10,0,0,0,0,0,28,132,260
93585555,0,96,97,4,502.0,3,3,1,"{""COW"":1,""SHEEP"":4}",5,14,11,11,0,0,0,33,149,266
93585555,0,192,193,8,777.0,6,6,2,"{""COW"":6,""SHEEP"":4}",10,32,12,12,0,0,0,34,173,270
93585555,0,288,289,12,7045.0,8,8,3,"{""COW"":8,""SHEEP"":4}",12,61,12,12,12,3,1,36,198,228
93585555,0,384,385,16,20529.0,6,6,3,"{""COW"":8,""SHEEP"":4}",12,60,38,38,15,0,17,39,219,232
93585555,0,480,481,20,52537.0,7,7,3,"{""COW"":8,""SHEEP"":4}",12,60,44,44,16,8,5,40,178,235
93585555,0,576,577,24,82964.0,7,7,3,"{""COW"":8,""SHEEP"":4}",13,62,36,36,12,6,13,42,66,10
93585555,0,719,719,29,128092.0,10,10,3,"{""COW"":8,""SHEEP"":4}",13,0,0,0,0,0,0,21,144,25
93585555,1,0,1,0,3.0,4,4,1,{},0,0,14,14,0,0,0,30,128,256
93585555,1,24,25,1,8.0,1,1,1,"{""COW"":1,""SHEEP"":4}",5,10,0,0,0,0,0,28,132,260
93585555,1,96,97,4,502.0,3,3,1,"{""COW"":1,""SHEEP"":4}",5,14,11,11,0,0,0,33,149,266
93585555,1,192,193,8,321.0,6,6,2,"{""COW"":6,""SHEEP"":4}",10,33,12,12,0,0,0,34,173,270
93585555,1,288,289,12,5975.0,8,8,3,"{""COW"":8,""SHEEP"":4}",12,56,16,16,12,6,0,36,198,228
93585555,1,384,385,16,16153.0,6,6,3,"{""COW"":8,""SHEEP"":4}",12,61,34,34,15,2,12,39,219,232
93585555,1,480,481,20,49436.0,7,7,3,"{""COW"":8,""SHEEP"":4}",12,61,40,40,15,8,4,40,178,235
93585555,1,576,577,24,80235.0,7,7,3,"{""COW"":8,""SHEEP"":4}",13,62,32,32,11,6,12,42,66,10
93585555,1,719,719,29,123362.0,10,10,3,"{""COW"":8,""SHEEP"":4}",13,0,7,7,0,0,0,21,144,25
93586454,0,0,1,0,3.0,4,4,1,{},0,0,14,14,0,0,0,30,128,256
93586454,0,24,25,1,8.0,1,1,1,"{""COW"":1,""SHEEP"":4}",5,10,0,0,0,0,0,28,132,260
93586454,0,96,97,4,500.0,3,3,1,"{""COW"":1,""SHEEP"":4}",5,14,11,11,0,0,0,33,149,266
93586454,0,192,193,8,588.0,6,6,2,"{""COW"":6,""SHEEP"":4}",10,33,12,12,0,0,0,36,173,270
93586454,0,288,289,12,6080.0,8,8,3,"{""COW"":8,""SHEEP"":4}",12,61,16,16,12,6,0,38,189,228
93586454,0,384,385,16,11212.0,6,6,3,"{""COW"":8,""SHEEP"":4}",12,61,38,38,15,3,16,42,205,232
93586454,0,480,481,20,26641.0,7,7,3,"{""COW"":8,""SHEEP"":4}",12,61,44,44,15,8,4,45,74,235
93586454,0,576,577,24,36108.0,7,7,3,"{""COW"":8,""SHEEP"":4}",13,62,36,36,11,6,12,48,11,10
93586454,0,719,719,29,51622.0,10,10,3,"{""COW"":8,""SHEEP"":4}",13,0,7,7,0,0,0,38,53,25
93586454,1,0,1,0,3.0,4,4,1,{},0,0,14,14,0,0,0,30,128,256
93586454,1,24,25,1,8.0,1,1,1,"{""COW"":1,""SHEEP"":4}",5,10,0,0,0,0,0,28,132,260
93586454,1,96,97,4,500.0,3,3,1,"{""COW"":1,""SHEEP"":4}",5,14,11,11,0,0,0,33,149,266
93586454,1,192,193,8,588.0,6,6,2,"{""COW"":6,""SHEEP"":4}",10,33,12,12,0,0,0,36,173,270
93586454,1,288,289,12,6080.0,8,8,3,"{""COW"":8,""SHEEP"":4}",12,61,16,16,12,6,0,38,189,228
93586454,1,384,385,16,11212.0,6,6,3,"{""COW"":8,""SHEEP"":4}",12,61,38,38,15,3,16,42,205,232
93586454,1,480,481,20,26641.0,7,7,3,"{""COW"":8,""SHEEP"":4}",12,61,44,44,15,8,4,45,74,235
93586454,1,576,577,24,36007.0,7,7,3,"{""COW"":8,""SHEEP"":4}",13,62,36,36,11,6,12,48,11,10
93586454,1,719,719,29,51250.0,10,10,3,"{""COW"":8,""SHEEP"":4}",13,0,0,0,0,0,0,38,53,25
93587364,0,0,1,0,2.0,5,5,1,{},0,0,14,14,0,0,0,29,128,256
93587364,0,24,25,1,8.0,1,1,1,"{""COW"":1,""SHEEP"":4}",5,10,0,0,0,0,0,28,132,260
93587364,0,96,97,4,510.0,3,3,1,"{""COW"":1,""SHEEP"":4}",5,14,11,11,0,0,0,32,139,266
93587364,0,192,193,8,1459.0,6,6,2,"{""COW"":6,""SHEEP"":4}",10,33,12,12,0,0,0,32,145,270
93587364,0,288,289,12,9275.0,8,8,3,"{""COW"":8,""SHEEP"":4}",12,61,16,16,12,6,0,36,168,171
93587364,0,384,385,16,19669.0,6,6,3,"{""COW"":8,""SHEEP"":4}",12,61,38,38,15,3,16,40,186,178
93587364,0,480,481,20,45802.0,7,7,3,"{""COW"":8,""SHEEP"":4}",12,61,44,44,15,8,4,42,114,84
93587364,0,576,577,24,55766.0,7,7,3,"{""COW"":8,""SHEEP"":4}",13,62,36,36,11,6,12,44,12,13
93587364,0,719,719,29,89937.0,10,10,3,"{""COW"":8,""SHEEP"":4}",13,0,7,7,0,0,0,37,68,28
93587364,1,0,1,0,13.0,5,5,1,{},1,0,5,5,0,0,0,29,128,256
93587364,1,24,25,1,16.0,0,0,1,"{""COW"":2,""SHEEP"":2}",4,19,3,0,0,0,0,28,132,260
93587364,1,96,97,4,131.0,5,5,1,"{""COW"":3,""SHEEP"":2}",5,19,6,6,0,0,0,32,139,266
93587364,1,192,193,8,53.0,3,3,2,"{""COW"":6,""SHEEP"":3}",10,32,0,0,0,0,0,32,145,270
93587364,1,288,289,12,9697.0,5,5,4,"{""COW"":6,""SHEEP"":8}",14,55,14,8,18,0,0,36,168,171
93587364,1,384,385,16,26297.0,5,5,4,"{""COW"":6,""SHEEP"":11}",18,63,26,20,10,0,0,40,186,178
93587364,1,480,481,20,54363.0,5,5,4,"{""COW"":6,""SHEEP"":12}",18,58,18,12,10,12,0,42,114,84
93587364,1,576,577,24,73298.0,5,5,4,"{""COW"":6,""SHEEP"":12}",18,54,11,5,13,12,0,44,12,13
93587364,1,719,719,29,104311.0,8,8,4,"{""COW"":6,""SHEEP"":8}",18,1,0,0,0,0,0,37,68,28
93588266,0,0,1,0,2.0,5,5,1,{},0,0,14,14,0,0,0,29,128,256
93588266,0,24,25,1,0.0,1,1,1,"{""COW"":1,""SHEEP"":4}",5,10,0,0,0,0,0,28,132,260
93588266,0,96,97,4,500.0,3,3,1,"{""COW"":1,""SHEEP"":4}",5,14,11,11,0,0,0,32,139,266
93588266,0,192,193,8,1434.0,6,6,2,"{""COW"":6,""SHEEP"":4}",10,33,12,12,0,0,0,34,145,270
93588266,0,288,289,12,9462.0,8,8,3,"{""COW"":8,""SHEEP"":4}",12,61,16,16,12,6,0,37,150,228
93588266,0,384,385,16,21225.0,6,6,3,"{""COW"":8,""SHEEP"":4}",12,61,38,38,15,3,16,40,141,232
93588266,0,480,481,20,35361.0,7,7,3,"{""COW"":8,""SHEEP"":4}",12,61,44,44,15,8,4,43,7,235
93588266,0,576,577,24,45169.0,7,7,3,"{""COW"":8,""SHEEP"":4}",13,62,36,36,11,6,12,46,7,10
93588266,0,719,719,29,69387.0,10,10,3,"{""COW"":8,""SHEEP"":4}",13,1,7,7,0,0,0,29,30,25
93588266,1,0,1,0,27.0,4,4,1,{},0,0,4,4,0,0,0,29,128,256
93588266,1,24,25,1,26.0,1,1,1,"{""COW"":1,""SHEEP"":4}",5,10,0,0,0,0,0,28,132,260
93588266,1,96,97,4,488.0,3,3,1,"{""COW"":1,""SHEEP"":3}",5,14,8,8,0,0,0,32,139,266
93588266,1,192,193,8,5.0,6,6,2,"{""COW"":6,""SHEEP"":3}",10,31,17,17,0,0,0,34,145,270
93588266,1,288,289,12,8257.0,8,8,3,"{""COW"":8,""SHEEP"":3}",12,52,16,16,12,0,0,37,150,228
93588266,1,384,385,16,22522.0,5,5,3,"{""COW"":8,""SHEEP"":3}",12,58,13,13,9,0,0,40,141,232
93588266,1,480,481,20,27673.0,7,7,3,"{""COW"":8,""SHEEP"":3}",12,58,17,17,11,0,0,43,7,235
93588266,1,576,577,24,37523.0,7,7,3,"{""COW"":9,""SHEEP"":3}",14,56,23,23,10,0,0,46,7,10
93588266,1,719,719,29,54796.0,10,10,3,"{""COW"":9,""SHEEP"":3}",14,0,0,0,0,0,0,29,30,25
93589167,0,0,1,0,3.0,4,4,1,{},0,0,14,14,0,0,0,30,128,256
93589167,0,24,25,1,8.0,1,1,1,"{""COW"":1,""SHEEP"":4}",5,10,0,0,0,0,0,28,132,260
93589167,0,96,97,4,504.0,3,3,1,"{""COW"":1,""SHEEP"":4}",5,14,11,11,0,0,0,33,149,266
93589167,0,192,193,8,551.0,6,6,2,"{""COW"":6,""SHEEP"":4}",10,33,12,12,0,0,0,36,173,270
93589167,0,288,289,12,6138.0,8,8,3,"{""COW"":8,""SHEEP"":4}",12,61,16,16,12,6,0,39,199,228
93589167,0,384,385,16,14950.0,6,6,3,"{""COW"":8,""SHEEP"":4}",12,61,38,38,15,3,16,43,221,232
93589167,0,480,481,20,40538.0,7,7,3,"{""COW"":8,""SHEEP"":4}",12,61,44,44,15,8,4,46,188,235
93589167,0,576,577,24,64493.0,7,7,3,"{""COW"":8,""SHEEP"":4}",13,62,36,36,11,6,12,48,57,10
93589167,0,719,719,29,92955.0,10,10,3,"{""COW"":8,""SHEEP"":4}",13,0,7,7,0,0,0,38,108,25
93589167,1,0,1,0,3.0,4,4,1,{},0,0,14,14,0,0,0,30,128,256
93589167,1,24,25,1,18.0,1,1,1,"{""COW"":1,""SHEEP"":4}",5,9,0,0,0,0,0,28,132,260
93589167,1,96,97,4,667.0,3,3,1,"{""COW"":1,""SHEEP"":4}",5,13,6,6,0,0,0,33,149,266
93589167,1,192,193,8,583.0,6,6,2,"{""COW"":6,""SHEEP"":4}",10,32,12,12,0,0,0,36,173,270
93589167,1,288,289,12,6960.0,8,8,3,"{""COW"":8,""SHEEP"":4}",12,61,14,14,15,0,0,39,199,228
93589167,1,384,385,16,19570.0,6,6,3,"{""COW"":8,""SHEEP"":4}",12,61,14,14,15,0,0,43,221,232
93589167,1,480,481,20,37954.0,7,7,3,"{""COW"":8,""SHEEP"":4}",12,61,14,14,21,0,0,46,188,235
93589167,1,576,577,24,63264.0,7,7,3,"{""COW"":9,""SHEEP"":4}",13,62,15,15,15,0,0,48,57,10
93589167,1,719,719,29,84390.0,10,10,3,"{""COW"":9,""SHEEP"":4}",13,1,0,0,0,0,0,38,108,25
93590079,0,0,1,0,3.0,4,4,1,{},0,0,14,14,0,0,0,30,128,256
93590079,0,24,25,1,8.0,1,1,1,"{""COW"":1,""SHEEP"":4}",5,10,0,0,0,0,0,28,132,260
93590079,0,96,97,4,505.0,3,3,1,"{""COW"":1,""SHEEP"":4}",5,14,11,11,0,0,0,32,149,266
93590079,0,192,193,8,567.0,6,6,2,"{""COW"":6,""SHEEP"":4}",10,33,12,12,0,0,0,33,173,270
93590079,0,288,289,12,6214.0,8,8,3,"{""COW"":8,""SHEEP"":4}",12,61,16,16,12,6,0,35,189,228
93590079,0,384,385,16,17501.0,6,6,3,"{""COW"":8,""SHEEP"":4}",12,61,38,38,15,3,16,37,193,232
93590079,0,480,481,20,38153.0,7,7,3,"{""COW"":8,""SHEEP"":4}",12,61,44,44,15,8,4,40,5,235
93590079,0,576,577,24,47116.0,7,7,3,"{""COW"":8,""SHEEP"":4}",13,62,36,36,11,6,12,42,7,10
93590079,0,719,719,29,67614.0,10,10,3,"{""COW"":8,""SHEEP"":4}",13,0,7,7,0,0,0,22,16,25
93590079,1,0,1,0,3.0,4,4,1,{},0,0,14,14,0,0,0,30,128,256
93590079,1,24,25,1,8.0,1,1,1,"{""COW"":1,""SHEEP"":4}",5,10,0,0,0,0,0,28,132,260
93590079,1,96,97,4,658.0,3,3,1,"{""COW"":1,""SHEEP"":4}",5,14,6,6,0,0,0,32,149,266
93590079,1,192,193,8,564.0,6,6,2,"{""COW"":6,""SHEEP"":4}",10,33,11,11,0,0,0,33,173,270
93590079,1,288,289,12,7010.0,8,8,3,"{""COW"":8,""SHEEP"":4}",12,63,13,13,15,0,0,35,189,228
93590079,1,384,385,16,21715.0,6,6,3,"{""COW"":8,""SHEEP"":4}",12,63,13,13,15,0,0,37,193,232
93590079,1,480,481,20,36467.0,7,7,3,"{""COW"":8,""SHEEP"":4}",12,63,13,13,20,0,0,40,5,235
93590079,1,576,577,24,46108.0,7,7,3,"{""COW"":9,""SHEEP"":4}",13,62,14,14,13,0,0,42,7,10
93590079,1,719,719,29,62173.0,10,10,3,"{""COW"":9,""SHEEP"":4}",13,1,0,0,0,0,0,22,16,25
93590979,0,0,1,0,3.0,4,4,1,{},0,0,14,14,0,0,0,30,128,256
93590979,0,24,25,1,8.0,1,1,1,"{""COW"":1,""SHEEP"":4}",5,10,0,0,0,0,0,28,132,260
93590979,0,96,97,4,500.0,3,3,1,"{""COW"":1,""SHEEP"":4}",5,14,11,11,0,0,0,33,139,266
93590979,0,192,193,8,588.0,6,6,2,"{""COW"":6,""SHEEP"":4}",10,33,12,12,0,0,0,36,145,270
93590979,0,288,289,12,6188.0,8,8,3,"{""COW"":8,""SHEEP"":4}",12,60,16,16,12,6,0,39,168,228
93590979,0,384,385,16,15701.0,6,6,3,"{""COW"":8,""SHEEP"":4}",12,60,38,38,15,3,16,43,201,232
93590979,0,480,481,20,42313.0,7,7,3,"{""COW"":8,""SHEEP"":4}",12,60,44,44,15,8,4,47,74,235
93590979,0,576,577,24,60863.0,7,7,3,"{""COW"":8,""SHEEP"":4}",13,61,36,36,11,6,12,50,11,10
93590979,0,719,719,29,98103.0,10,10,3,"{""COW"":8,""SHEEP"":4}",13,0,0,0,0,0,0,42,57,25
93590979,1,0,1,0,3.0,4,4,1,{},0,0,14,14,0,0,0,30,128,256
93590979,1,24,25,1,8.0,1,1,1,"{""COW"":1,""SHEEP"":4}",5,10,0,0,0,0,0,28,132,260
93590979,1,96,97,4,500.0,3,3,1,"{""COW"":1,""SHEEP"":4}",5,14,11,11,0,0,0,33,139,266
93590979,1,192,193,8,588.0,6,6,2,"{""COW"":6,""SHEEP"":4}",10,33,12,12,0,0,0,36,145,270
93590979,1,288,289,12,6188.0,8,8,3,"{""COW"":8,""SHEEP"":4}",12,61,16,16,12,6,0,39,168,228
93590979,1,384,385,16,15701.0,6,6,3,"{""COW"":8,""SHEEP"":4}",12,61,38,38,15,3,16,43,201,232
93590979,1,480,481,20,42317.0,7,7,3,"{""COW"":8,""SHEEP"":4}",12,61,44,44,15,8,4,47,74,235
93590979,1,576,577,24,60894.0,7,7,3,"{""COW"":8,""SHEEP"":4}",13,62,36,36,11,6,12,50,11,10
93590979,1,719,719,29,99201.0,10,10,3,"{""COW"":8,""SHEEP"":4}",13,0,7,7,0,0,0,42,57,25
93591889,0,0,1,0,3.0,4,4,1,{},0,0,14,14,0,0,0,30,128,256
93591889,0,24,25,1,8.0,1,1,1,"{""COW"":1,""SHEEP"":4}",5,10,0,0,0,0,0,28,132,260
93591889,0,96,97,4,500.0,3,3,1,"{""COW"":1,""SHEEP"":4}",5,14,11,11,0,0,0,33,139,266
93591889,0,192,193,8,960.0,6,6,2,"{""COW"":6,""SHEEP"":4}",10,33,12,12,0,0,0,35,145,270
93591889,0,288,289,12,8482.0,8,8,3,"{""COW"":8,""SHEEP"":4}",12,61,16,16,12,6,0,37,150,228
93591889,0,384,385,16,21340.0,6,6,3,"{""COW"":8,""SHEEP"":4}",12,61,38,38,15,3,16,40,161,232
93591889,0,480,481,20,40370.0,7,7,3,"{""COW"":8,""SHEEP"":4}",12,61,44,44,15,8,4,43,7,235
93591889,0,576,577,24,54543.0,7,7,3,"{""COW"":8,""SHEEP"":4}",13,62,36,36,11,6,12,44,11,10
93591889,0,719,719,29,94074.0,10,10,3,"{""COW"":8,""SHEEP"":4}",13,0,7,7,0,0,0,24,53,25
93591889,1,0,1,0,3.0,4,4,1,{},0,0,14,14,0,0,0,30,128,256
93591889,1,24,25,1,8.0,1,1,1,"{""COW"":1,""SHEEP"":4}",5,10,0,0,0,0,0,28,132,260
93591889,1,96,97,4,500.0,3,3,1,"{""COW"":1,""SHEEP"":4}",5,14,11,11,0,0,0,33,139,266
93591889,1,192,193,8,960.0,6,6,2,"{""COW"":6,""SHEEP"":4}",10,33,12,12,0,0,0,35,145,270
93591889,1,288,289,12,8482.0,8,8,3,"{""COW"":8,""SHEEP"":4}",12,61,16,16,12,6,0,37,150,228
93591889,1,384,385,16,21329.0,6,6,3,"{""COW"":8,""SHEEP"":4}",12,61,38,38,15,3,16,40,161,232
93591889,1,480,481,20,40266.0,7,7,3,"{""COW"":8,""SHEEP"":4}",12,61,44,44,15,8,4,43,7,235
93591889,1,576,577,24,54441.0,7,7,3,"{""COW"":8,""SHEEP"":4}",13,62,36,36,11,6,12,44,11,10
93591889,1,719,719,29,93340.0,10,10,3,"{""COW"":8,""SHEEP"":4}",13,0,0,0,0,0,0,24,53,25
93592800,0,0,1,0,3.0,4,4,1,{},0,0,14,14,0,0,0,30,128,256
93592800,0,24,25,1,8.0,1,1,1,"{""COW"":1,""SHEEP"":4}",5,10,0,0,0,0,0,28,132,260
93592800,0,96,97,4,504.0,3,3,1,"{""COW"":1,""SHEEP"":4}",5,14,11,11,0,0,0,33,149,266
93592800,0,192,193,8,555.0,6,6,2,"{""COW"":6,""SHEEP"":4}",10,33,12,12,0,0,0,36,181,270
93592800,0,288,289,12,6215.0,8,8,3,"{""COW"":8,""SHEEP"":4}",12,61,16,16,12,6,0,39,214,228
93592800,0,384,385,16,16616.0,6,6,3,"{""COW"":8,""SHEEP"":4}",12,61,38,38,15,3,16,43,241,232
93592800,0,480,481,20,52158.0,7,7,3,"{""COW"":8,""SHEEP"":4}",12,61,44,44,15,8,4,46,224,235
93592800,0,576,577,24,91527.0,7,7,3,"{""COW"":8,""SHEEP"":4}",13,62,36,36,11,6,12,48,183,10
93592800,0,719,719,29,148345.0,10,10,3,"{""COW"":8,""SHEEP"":4}",13,0,7,7,0,0,0,39,194,25
93592800,1,0,1,0,3.0,4,4,1,{},0,0,14,14,0,0,0,30,128,256
93592800,1,24,25,1,8.0,1,1,1,"{""COW"":1,""SHEEP"":4}",5,10,0,0,0,0,0,28,132,260
93592800,1,96,97,4,657.0,3,3,1,"{""COW"":1,""SHEEP"":4}",5,14,6,6,0,0,0,33,149,266
93592800,1,192,193,8,540.0,6,6,2,"{""COW"":6,""SHEEP"":4}",10,33,11,11,0,0,0,36,181,270
93592800,1,288,289,12,7072.0,8,8,3,"{""COW"":8,""SHEEP"":4}",12,62,13,13,15,0,0,39,214,228
93592800,1,384,385,16,21460.0,6,6,3,"{""COW"":8,""SHEEP"":4}",12,62,13,13,16,0,0,43,241,232
93592800,1,480,481,20,52262.0,7,7,3,"{""COW"":8,""SHEEP"":4}",12,62,13,13,22,0,0,46,224,235
93592800,1,576,577,24,94227.0,7,7,3,"{""COW"":9,""SHEEP"":4}",13,62,14,14,15,0,0,48,183,10
93592800,1,719,719,29,143645.0,10,10,3,"{""COW"":9,""SHEEP"":4}",13,1,0,0,0,0,0,39,194,25
93593700,0,0,1,0,3.0,4,4,1,{},0,0,14,14,0,0,0,30,128,256
93593700,0,24,25,1,8.0,1,1,1,"{""COW"":1,""SHEEP"":4}",5,10,0,0,0,0,0,28,132,260
93593700,0,96,97,4,500.0,3,3,1,"{""COW"":1,""SHEEP"":4}",5,14,11,11,0,0,0,33,139,266
93593700,0,192,193,8,960.0,6,6,2,"{""COW"":6,""SHEEP"":4}",10,33,12,12,0,0,0,35,145,270
93593700,0,288,289,12,8485.0,8,8,3,"{""COW"":8,""SHEEP"":4}",12,61,16,16,12,6,0,37,168,228
93593700,0,384,385,16,22842.0,6,6,3,"{""COW"":8,""SHEEP"":4}",12,61,38,38,15,1,16,40,197,232
93593700,0,480,481,20,52506.0,7,7,3,"{""COW"":8,""SHEEP"":4}",12,61,44,44,15,8,4,42,14,235
93593700,0,576,577,24,71748.0,7,7,3,"{""COW"":8,""SHEEP"":4}",13,62,36,36,11,6,4,44,9,10
93593700,0,719,719,29,111492.0,10,10,3,"{""COW"":8,""SHEEP"":4}",13,0,0,0,0,0,0,22,55,25
93593700,1,0,1,0,3.0,4,4,1,{},0,0,14,14,0,0,0,30,128,256
93593700,1,24,25,1,8.0,1,1,1,"{""COW"":1,""SHEEP"":4}",5,10,0,0,0,0,0,28,132,260
93593700,1,96,97,4,500.0,3,3,1,"{""COW"":1,""SHEEP"":4}",5,14,11,11,0,0,0,33,139,266
93593700,1,192,193,8,960.0,6,6,2,"{""COW"":6,""SHEEP"":4}",10,33,12,12,0,0,0,35,145,270
93593700,1,288,289,12,8487.0,8,8,3,"{""COW"":8,""SHEEP"":4}",12,61,16,16,12,6,0,37,168,228
93593700,1,384,385,16,21978.0,6,6,3,"{""COW"":8,""SHEEP"":4}",12,61,38,38,15,3,16,40,197,232
93593700,1,480,481,20,52237.0,7,7,3,"{""COW"":8,""SHEEP"":4}",12,61,44,44,15,8,4,42,14,235
93593700,1,576,577,24,69545.0,7,7,3,"{""COW"":8,""SHEEP"":4}",13,62,36,36,11,6,12,44,9,10
93593700,1,719,719,29,110046.0,10,10,3,"{""COW"":8,""SHEEP"":4}",13,0,7,7,0,0,0,22,55,25
93594579,0,0,1,0,2.0,5,5,1,{},0,0,14,14,0,0,0,29,128,256
93594579,0,24,25,1,8.0,1,1,1,"{""COW"":1,""SHEEP"":4}",5,10,0,0,0,0,0,28,132,260
93594579,0,96,97,4,508.0,3,3,1,"{""COW"":1,""SHEEP"":4}",5,14,11,11,0,0,0,33,139,266
93594579,0,192,193,8,563.0,6,6,2,"{""COW"":6,""SHEEP"":4}",10,33,12,12,0,0,0,35,159,270
93594579,0,288,289,12,6599.0,8,8,3,"{""COW"":8,""SHEEP"":4}",12,61,16,16,12,6,0,40,190,171
93594579,0,384,385,16,16051.0,6,6,3,"{""COW"":8,""SHEEP"":4}",12,61,38,38,15,3,16,43,219,178
93594579,0,480,481,20,47433.0,7,7,3,"{""COW"":8,""SHEEP"":4}",12,61,44,44,15,8,4,45,197,84
93594579,0,576,577,24,69353.0,7,7,3,"{""COW"":8,""SHEEP"":4}",13,62,36,36,11,6,12,46,22,13
93594579,0,719,719,29,99161.0,10,10,3,"{""COW"":8,""SHEEP"":4}",13,0,7,7,0,0,0,40,24,28
93594579,1,0,1,0,13.0,5,5,1,{},1,0,5,5,0,0,0,29,128,256
93594579,1,24,25,1,16.0,0,0,1,"{""COW"":2,""SHEEP"":2}",4,19,3,0,0,0,0,28,132,260
93594579,1,96,97,4,131.0,5,5,1,"{""COW"":3,""SHEEP"":2}",5,19,6,6,0,0,0,33,139,266
93594579,1,192,193,8,170.0,5,5,2,"{""COW"":6,""SHEEP"":3}",10,30,10,9,0,0,0,35,159,270
93594579,1,288,289,12,14763.0,5,5,3,"{""COW"":10,""SHEEP"":4}",14,52,14,8,18,0,0,40,190,171
93594579,1,384,385,16,29128.0,5,5,3,"{""COW"":10,""SHEEP"":4}",14,56,27,21,0,0,14,43,219,178
93594579,1,480,481,20,55749.0,5,5,3,"{""COW"":10,""SHEEP"":4}",14,59,23,17,11,5,4,45,197,84
93594579,1,576,577,24,81673.0,5,5,3,"{""COW"":10,""SHEEP"":4}",14,53,11,5,4,24,4,46,22,13
93594579,1,719,719,29,105606.0,8,8,3,"{""COW"":10,""SHEEP"":4}",14,1,0,0,0,0,0,40,24,28
93595493,0,0,1,0,3.0,4,4,1,{},0,0,14,14,0,0,0,30,128,256
93595493,0,24,25,1,8.0,1,1,1,"{""COW"":1,""SHEEP"":4}",5,10,0,0,0,0,0,28,132,260
93595493,0,96,97,4,500.0,3,3,1,"{""COW"":1,""SHEEP"":4}",5,14,11,11,0,0,0,33,149,266
93595493,0,192,193,8,588.0,6,6,2,"{""COW"":6,""SHEEP"":4}",10,32,12,12,0,0,0,36,181,270
93595493,0,288,289,12,6078.0,8,8,3,"{""COW"":8,""SHEEP"":4}",12,60,16,16,12,6,0,39,214,228
93595493,0,384,385,16,12610.0,6,6,3,"{""COW"":8,""SHEEP"":4}",12,60,38,38,16,3,16,43,241,232
93595493,0,480,481,20,35341.0,7,7,3,"{""COW"":8,""SHEEP"":4}",12,60,44,44,16,8,4,46,217,235
93595493,0,576,577,24,62810.0,7,7,3,"{""COW"":8,""SHEEP"":4}",13,62,36,36,11,6,12,48,186,10
93595493,0,719,719,29,96231.0,10,10,3,"{""COW"":8,""SHEEP"":4}",13,0,7,7,0,0,0,38,185,25
93595493,1,0,1,0,3.0,4,4,1,{},0,0,14,14,0,0,0,30,128,256
93595493,1,24,25,1,8.0,1,1,1,"{""COW"":1,""SHEEP"":4}",5,10,0,0,0,0,0,28,132,260
93595493,1,96,97,4,500.0,3,3,1,"{""COW"":1,""SHEEP"":4}",5,14,11,11,0,0,0,33,149,266
93595493,1,192,193,8,588.0,6,6,2,"{""COW"":6,""SHEEP"":4}",10,33,12,12,0,0,0,36,181,270
93595493,1,288,289,12,6078.0,8,8,3,"{""COW"":8,""SHEEP"":4}",12,61,16,16,12,6,0,39,214,228
93595493,1,384,385,16,12610.0,6,6,3,"{""COW"":8,""SHEEP"":4}",12,61,38,38,15,3,16,43,241,232
93595493,1,480,481,20,36626.0,7,7,3,"{""COW"":8,""SHEEP"":4}",12,61,44,44,15,8,4,46,217,235
93595493,1,576,577,24,64465.0,7,7,3,"{""COW"":8,""SHEEP"":4}",13,62,36,36,11,6,12,48,186,10
93595493,1,719,719,29,96725.0,10,10,3,"{""COW"":8,""SHEEP"":4}",13,0,0,0,0,0,0,38,185,25
93596394,0,0,1,0,3.0,4,4,1,{},0,0,14,14,0,0,0,30,128,256
93596394,0,24,25,1,5.0,1,1,1,"{""COW"":1,""SHEEP"":4}",5,10,0,0,0,0,0,28,132,260
93596394,0,96,97,4,502.0,3,3,1,"{""COW"":1,""SHEEP"":4}",5,14,11,11,0,0,0,32,139,266
93596394,0,192,193,8,561.0,6,6,2,"{""COW"":6,""SHEEP"":4}",10,33,12,12,0,0,0,34,159,270
93596394,0,288,289,12,6110.0,8,8,3,"{""COW"":8,""SHEEP"":4}",12,61,16,16,12,6,0,36,190,229
93596394,0,384,385,16,15833.0,6,6,3,"{""COW"":8,""SHEEP"":4}",12,61,38,38,15,3,16,39,214,232
93596394,0,480,481,20,46322.0,7,7,3,"{""COW"":8,""SHEEP"":4}",12,61,44,44,15,8,4,41,175,235
93596394,0,576,577,24,70280.0,7,7,3,"{""COW"":8,""SHEEP"":4}",13,62,36,36,11,6,12,43,12,4
93596394,0,719,719,29,97207.0,10,10,3,"{""COW"":8,""SHEEP"":4}",13,0,7,7,0,0,0,27,74,19
93596394,1,0,1,0,43.0,4,4,1,{},0,0,11,11,0,0,0,30,128,256
93596394,1,24,25,1,9.0,1,1,1,"{""COW"":1,""SHEEP"":4}",5,10,0,0,0,0,0,28,132,260
93596394,1,96,97,4,627.0,3,3,1,"{""COW"":1,""SHEEP"":4}",5,14,7,7,0,0,0,32,139,266
93596394,1,192,193,8,267.0,6,6,2,"{""COW"":6,""SHEEP"":4}",10,32,18,18,0,0,0,34,159,270
93596394,1,288,289,12,6543.0,8,8,3,"{""COW"":8,""SHEEP"":4}",12,61,23,23,5,3,0,36,190,229
93596394,1,384,385,16,19781.0,6,6,3,"{""COW"":8,""SHEEP"":4}",12,61,35,35,13,0,8,39,214,232
93596394,1,480,481,20,44521.0,7,7,3,"{""COW"":8,""SHEEP"":4}",12,61,25,25,13,0,0,41,175,235
93596394,1,576,577,24,67552.0,6,6,3,"{""COW"":9,""SHEEP"":5}",14,57,13,13,5,9,4,43,12,4
93596394,1,719,719,29,90747.0,9,9,3,"{""COW"":9,""SHEEP"":5}",15,2,0,0,0,0,0,27,74,19
93597307,0,0,1,0,13.0,5,5,1,{},1,0,5,5,0,0,0,29,128,256
93597307,0,24,25,1,16.0,0,0,1,"{""COW"":2,""SHEEP"":2}",4,19,3,0,0,0,0,28,132,260
93597307,0,96,97,4,131.0,5,5,1,"{""COW"":3,""SHEEP"":2}",5,19,6,6,0,0,0,32,149,266
93597307,0,192,193,8,194.0,5,5,2,"{""COW"":6,""SHEEP"":3}",10,30,10,10,0,0,0,33,181,270
93597307,0,288,289,12,15431.0,5,5,3,"{""COW"":10,""SHEEP"":4}",14,55,16,10,18,0,0,37,206,171
93597307,0,384,385,16,32769.0,5,5,3,"{""COW"":10,""SHEEP"":4}",14,57,23,17,9,0,8,39,223,178
93597307,0,480,481,20,67498.0,5,5,3,"{""COW"":10,""SHEEP"":4}",14,58,27,21,0,0,0,41,199,84
93597307,0,576,577,24,92814.0,5,5,3,"{""COW"":10,""SHEEP"":4}",14,58,7,1,5,24,0,42,139,13
93597307,0,719,719,29,139712.0,8,8,3,"{""COW"":10,""SHEEP"":4}",14,3,0,0,0,0,0,35,74,28
93597307,1,0,1,0,2.0,5,5,1,{},0,0,14,14,0,0,0,29,128,256
93597307,1,24,25,1,8.0,1,1,1,"{""COW"":1,""SHEEP"":4}",5,10,0,0,0,0,0,28,132,260
93597307,1,96,97,4,510.0,3,3,1,"{""COW"":1,""SHEEP"":4}",5,14,11,11,0,0,0,32,149,266
93597307,1,192,193,8,578.0,6,6,2,"{""COW"":6,""SHEEP"":4}",10,32,12,12,0,0,0,33,181,270
93597307,1,288,289,12,6719.0,8,8,3,"{""COW"":8,""SHEEP"":4}",12,60,16,16,12,6,0,37,206,171
93597307,1,384,385,16,19901.0,6,6,3,"{""COW"":8,""SHEEP"":4}",12,60,38,38,16,3,16,39,223,178
93597307,1,480,481,20,56050.0,7,7,3,"{""COW"":8,""SHEEP"":4}",12,60,44,44,16,8,4,41,199,84
93597307,1,576,577,24,84066.0,7,7,3,"{""COW"":8,""SHEEP"":4}",13,62,36,36,11,6,12,42,139,13
93597307,1,719,719,29,131589.0,10,10,3,"{""COW"":8,""SHEEP"":4}",13,0,7,7,0,0,0,35,74,28
93598193,0,0,1,0,3.0,4,4,1,{},0,0,14,14,0,0,0,30,128,256
93598193,0,24,25,1,8.0,1,1,1,"{""COW"":1,""SHEEP"":4}",5,10,0,0,0,0,0,28,132,260
93598193,0,96,97,4,500.0,3,3,1,"{""COW"":1,""SHEEP"":4}",5,14,11,11,0,0,0,33,149,266
93598193,0,192,193,8,603.0,6,6,2,"{""COW"":6,""SHEEP"":4}",10,31,12,12,0,0,0,35,181,270
93598193,0,288,289,12,6279.0,8,8,3,"{""COW"":8,""SHEEP"":4}",12,60,12,12,12,6,0,38,214,228
93598193,0,384,385,16,17031.0,6,6,3,"{""COW"":8,""SHEEP"":4}",12,59,38,38,16,3,16,41,241,232
93598193,0,480,481,20,51254.0,7,7,3,"{""COW"":8,""SHEEP"":4}",12,59,44,44,16,8,4,44,213,235
93598193,0,576,577,24,87856.0,7,7,3,"{""COW"":8,""SHEEP"":4}",13,62,36,36,11,6,12,45,166,10
93598193,0,719,719,29,134275.0,10,10,3,"{""COW"":8,""SHEEP"":4}",13,0,0,0,0,0,0,24,112,25
93598193,1,0,1,0,3.0,4,4,1,{},0,0,14,14,0,0,0,30,128,256
93598193,1,24,25,1,8.0,1,1,1,"{""COW"":1,""SHEEP"":4}",5,10,0,0,0,0,0,28,132,260
93598193,1,96,97,4,500.0,3,3,1,"{""COW"":1,""SHEEP"":4}",5,14,11,11,0,0,0,33,149,266
93598193,1,192,193,8,583.0,6,6,2,"{""COW"":6,""SHEEP"":4}",10,33,12,12,0,0,0,35,181,270
93598193,1,288,289,12,6217.0,8,8,3,"{""COW"":8,""SHEEP"":4}",12,61,16,16,12,6,0,38,214,228
93598193,1,384,385,16,17074.0,6,6,3,"{""COW"":8,""SHEEP"":4}",12,61,38,38,15,3,16,41,241,232
93598193,1,480,481,20,53017.0,7,7,3,"{""COW"":8,""SHEEP"":4}",12,61,44,44,15,8,4,44,213,235
93598193,1,576,577,24,90543.0,7,7,3,"{""COW"":8,""SHEEP"":4}",13,62,36,36,11,6,12,45,166,10
93598193,1,719,719,29,137352.0,10,10,3,"{""COW"":8,""SHEEP"":4}",13,0,7,7,0,0,0,24,112,25
93599012,0,0,1,0,3.0,4,4,1,{},0,0,14,14,0,0,0,30,128,256
93599012,0,24,25,1,8.0,1,1,1,"{""COW"":1,""SHEEP"":4}",5,10,0,0,0,0,0,28,132,260
93599012,0,96,97,4,500.0,3,3,1,"{""COW"":1,""SHEEP"":4}",5,14,11,11,0,0,0,33,139,266
93599012,0,192,193,8,588.0,6,6,2,"{""COW"":6,""SHEEP"":4}",10,33,12,12,0,0,0,36,145,270
93599012,0,288,289,12,7023.0,8,8,3,"{""COW"":8,""SHEEP"":4}",12,61,16,16,12,6,0,38,151,228
93599012,0,384,385,16,20743.0,6,6,3,"{""COW"":8,""SHEEP"":4}",12,61,38,38,15,3,16,42,179,232
93599012,0,480,481,20,47567.0,7,7,3,"{""COW"":8,""SHEEP"":4}",12,61,44,44,12,8,4,45,7,235
93599012,0,576,577,24,66502.0,7,7,3,"{""COW"":8,""SHEEP"":4}",13,62,36,36,11,6,12,47,9,10
93599012,0,719,719,29,109720.0,10,10,3,"{""COW"":8,""SHEEP"":4}",13,0,0,0,0,0,0,32,22,25
93599012,1,0,1,0,3.0,4,4,1,{},0,0,14,14,0,0,0,30,128,256
93599012,1,24,25,1,8.0,1,1,1,"{""COW"":1,""SHEEP"":4}",5,10,0,0,0,0,0,28,132,260
93599012,1,96,97,4,500.0,3,3,1,"{""COW"":1,""SHEEP"":4}",5,14,11,11,0,0,0,33,139,266
93599012,1,192,193,8,588.0,6,6,2,"{""COW"":6,""SHEEP"":4}",10,33,12,12,0,0,0,36,145,270
93599012,1,288,289,12,7023.0,8,8,3,"{""COW"":8,""SHEEP"":4}",12,61,16,16,12,6,0,38,151,228
93599012,1,384,385,16,20885.0,6,6,3,"{""COW"":8,""SHEEP"":4}",12,61,38,38,15,3,16,42,179,232
93599012,1,480,481,20,48116.0,7,7,3,"{""COW"":8,""SHEEP"":4}",12,61,44,44,15,8,4,45,7,235
93599012,1,576,577,24,67320.0,7,7,3,"{""COW"":8,""SHEEP"":4}",13,62,36,36,11,6,12,47,9,10
93599012,1,719,719,29,110751.0,10,10,3,"{""COW"":8,""SHEEP"":4}",13,0,7,7,0,0,0,32,22,25
93599091,0,0,1,0,73.0,4,4,1,{},0,0,11,11,0,0,0,30,128,256
93599091,0,24,25,1,9.0,1,1,1,"{""COW"":1,""SHEEP"":4}",5,10,0,0,0,0,0,28,132,260
93599091,0,96,97,4,664.0,3,3,1,"{""COW"":1,""SHEEP"":4}",5,14,6,6,0,0,0,33,149,266
93599091,0,192,193,8,793.0,6,6,2,"{""COW"":6,""SHEEP"":4}",10,33,14,14,0,0,0,36,181,270
93599091,0,288,289,12,7002.0,8,8,3,"{""COW"":8,""SHEEP"":4}",12,63,17,17,23,0,0,39,206,233
93599091,0,384,385,16,20365.0,6,6,3,"{""COW"":8,""SHEEP"":4}",12,63,17,17,23,0,0,43,218,236
93599091,0,480,481,20,43322.0,7,7,3,"{""COW"":8,""SHEEP"":4}",12,63,17,17,23,0,0,46,166,239
93599091,0,576,577,24,60730.0,6,6,3,"{""COW"":9,""SHEEP"":5}",14,59,19,19,5,0,0,48,9,10
93599091,0,719,719,29,75116.0,9,9,3,"{""COW"":9,""SHEEP"":1}",15,0,0,0,0,0,0,39,60,7
93599091,1,0,1,0,3.0,4,4,1,{},0,0,14,14,0,0,0,30,128,256
93599091,1,24,25,1,5.0,1,1,1,"{""COW"":1,""SHEEP"":4}",5,10,0,0,0,0,0,28,132,260
93599091,1,96,97,4,493.0,3,3,1,"{""COW"":1,""SHEEP"":4}",5,14,11,11,0,0,0,33,149,266
93599091,1,192,193,8,288.0,6,6,2,"{""COW"":6,""SHEEP"":4}",10,33,12,12,0,0,0,36,181,270
93599091,1,288,289,12,4262.0,8,8,3,"{""COW"":8,""SHEEP"":4}",12,56,16,16,12,6,0,39,206,233
93599091,1,384,385,16,11628.0,6,6,3,"{""COW"":8,""SHEEP"":4}",12,61,34,34,15,2,12,43,218,236
93599091,1,480,481,20,38666.0,7,7,3,"{""COW"":8,""SHEEP"":4}",12,61,40,40,15,8,4,46,166,239
93599091,1,576,577,24,57085.0,7,7,3,"{""COW"":8,""SHEEP"":4}",13,62,32,32,11,6,12,48,9,10
93599091,1,719,719,29,72498.0,10,10,3,"{""COW"":8,""SHEEP"":4}",13,0,7,7,0,0,0,39,60,7
93599996,0,0,1,0,2.0,5,5,1,{},0,0,14,14,0,0,0,29,128,256
93599996,0,24,25,1,8.0,1,1,1,"{""COW"":1,""SHEEP"":4}",5,10,0,0,0,0,0,28,132,260
93599996,0,96,97,4,508.0,3,3,1,"{""COW"":1,""SHEEP"":4}",5,14,11,11,0,0,0,33,139,266
93599996,0,192,193,8,561.0,6,6,2,"{""COW"":6,""SHEEP"":4}",10,33,12,12,0,0,0,35,145,270
93599996,0,288,289,12,6596.0,8,8,3,"{""COW"":8,""SHEEP"":4}",12,61,16,16,12,6,0,39,168,171
93599996,0,384,385,16,16373.0,6,6,3,"{""COW"":8,""SHEEP"":4}",12,61,38,38,15,3,16,42,194,178
93599996,0,480,481,20,43963.0,7,7,3,"{""COW"":8,""SHEEP"":4}",12,61,44,44,15,8,4,45,147,84
93599996,0,576,577,24,57354.0,7,7,3,"{""COW"":8,""SHEEP"":4}",13,62,36,36,11,6,12,47,12,13
93599996,0,719,719,29,83065.0,10,10,3,"{""COW"":8,""SHEEP"":4}",13,0,7,7,0,0,0,41,64,28
93599996,1,0,1,0,13.0,5,5,1,{},1,0,5,5,0,0,0,29,128,256
93599996,1,24,25,1,16.0,0,0,1,"{""COW"":2,""SHEEP"":2}",4,19,3,0,0,0,0,28,132,260
93599996,1,96,97,4,131.0,5,5,1,"{""COW"":3,""SHEEP"":2}",5,19,6,6,0,0,0,33,139,266
93599996,1,192,193,8,182.0,5,5,2,"{""COW"":6,""SHEEP"":3}",10,30,10,10,0,0,0,35,145,270
93599996,1,288,289,12,14655.0,5,5,3,"{""COW"":10,""SHEEP"":4}",14,55,16,10,18,0,0,39,168,171
93599996,1,384,385,16,28261.0,5,5,3,"{""COW"":10,""SHEEP"":4}",14,57,23,17,9,0,8,42,194,178
93599996,1,480,481,20,54891.0,5,5,3,"{""COW"":10,""SHEEP"":4}",14,58,14,8,12,1,0,45,147,84
93599996,1,576,577,24,66338.0,5,5,3,"{""COW"":10,""SHEEP"":4}",14,58,15,9,12,24,4,47,12,13
93599996,1,719,719,29,87016.0,8,8,3,"{""COW"":10,""SHEEP"":4}",14,3,0,0,0,0,0,41,64,28
93600897,0,0,1,0,3.0,5,5,1,{},0,0,14,14,0,0,0,29,128,256
93600897,0,24,25,1,2.0,1,1,1,"{""COW"":1,""SHEEP"":4}",5,10,0,0,0,0,0,28,132,260
93600897,0,96,97,4,498.0,3,3,1,"{""COW"":1,""SHEEP"":4}",5,14,11,11,0,0,0,33,149,266
93600897,0,192,193,8,273.0,6,6,2,"{""COW"":6,""SHEEP"":4}",10,33,12,12,0,0,0,35,181,270
93600897,0,288,289,12,4228.0,8,8,3,"{""COW"":8,""SHEEP"":4}",12,54,16,16,12,6,0,38,206,233
93600897,0,384,385,16,11446.0,6,6,3,"{""COW"":8,""SHEEP"":4}",12,60,34,34,15,2,12,42,219,236
93600897,0,480,481,20,40411.0,7,7,3,"{""COW"":8,""SHEEP"":4}",12,60,40,40,15,8,4,44,169,239
93600897,0,576,577,24,65469.0,7,7,3,"{""COW"":8,""SHEEP"":4}",13,62,32,32,11,6,12,47,11,10
93600897,0,719,719,29,101251.0,10,10,3,"{""COW"":8,""SHEEP"":4}",13,0,7,7,0,0,0,36,49,25
93600897,1,0,1,0,7.0,4,4,1,{},0,0,5,5,0,0,0,29,128,256
93600897,1,24,25,1,6.0,1,1,1,"{""COW"":1,""SHEEP"":4}",5,10,0,0,0,0,0,28,132,260
93600897,1,96,97,4,655.0,3,3,1,"{""COW"":1,""SHEEP"":4}",5,14,6,6,0,0,0,33,149,266
93600897,1,192,193,8,780.0,6,6,2,"{""COW"":6,""SHEEP"":4}",10,32,11,11,0,0,0,35,181,270
93600897,1,288,289,12,7870.0,8,8,3,"{""COW"":8,""SHEEP"":4}",12,61,13,13,15,0,0,38,206,233
93600897,1,384,385,16,21680.0,5,5,3,"{""COW"":8,""SHEEP"":4}",12,61,17,17,15,0,4,42,219,236
93600897,1,480,481,20,45616.0,7,7,3,"{""COW"":8,""SHEEP"":4}",12,61,10,10,12,0,7,44,169,239
93600897,1,576,577,24,69336.0,7,7,3,"{""COW"":9,""SHEEP"":4}",14,58,12,12,11,2,8,47,11,10
93600897,1,719,719,29,100111.0,10,10,3,"{""COW"":9,""SHEEP"":4}",14,0,0,0,0,0,0,36,49,25
93601797,0,0,1,0,3.0,4,4,1,{},0,0,14,14,0,0,0,30,128,256
93601797,0,24,25,1,8.0,1,1,1,"{""COW"":1,""SHEEP"":4}",5,10,0,0,0,0,0,28,132,260
93601797,0,96,97,4,500.0,3,3,1,"{""COW"":1,""SHEEP"":4}",5,14,11,11,0,0,0,33,149,266
93601797,0,192,193,8,594.0,6,6,2,"{""COW"":6,""SHEEP"":4}",10,33,12,12,0,0,0,35,173,270
93601797,0,288,289,12,6214.0,8,8,3,"{""COW"":8,""SHEEP"":4}",12,61,16,16,12,6,0,38,198,228
93601797,0,384,385,16,18776.0,6,6,3,"{""COW"":8,""SHEEP"":4}",12,61,38,38,15,3,16,40,219,232
93601797,0,480,481,20,53703.0,7,7,3,"{""COW"":8,""SHEEP"":4}",12,61,44,44,15,8,4,42,149,235
93601797,0,576,577,24,75572.0,7,7,3,"{""COW"":8,""SHEEP"":4}",13,62,36,36,11,6,12,43,11,10
93601797,0,719,719,29,113799.0,10,10,3,"{""COW"":8,""SHEEP"":4}",13,0,7,7,0,0,0,21,53,25
93601797,1,0,1,0,3.0,4,4,1,{},0,0,14,14,0,0,0,30,128,256
93601797,1,24,25,1,8.0,1,1,1,"{""COW"":1,""SHEEP"":4}",5,10,0,0,0,0,0,28,132,260
93601797,1,96,97,4,500.0,3,3,1,"{""COW"":1,""SHEEP"":4}",5,14,11,11,0,0,0,33,149,266
93601797,1,192,193,8,594.0,6,6,2,"{""COW"":6,""SHEEP"":4}",10,33,12,12,0,0,0,35,173,270
93601797,1,288,289,12,6214.0,8,8,3,"{""COW"":8,""SHEEP"":4}",12,61,16,16,12,6,0,38,198,228
93601797,1,384,385,16,18776.0,6,6,3,"{""COW"":8,""SHEEP"":4}",12,61,38,38,15,3,16,40,219,232
93601797,1,480,481,20,53699.0,7,7,3,"{""COW"":8,""SHEEP"":4}",12,61,44,44,15,8,4,42,149,235
93601797,1,576,577,24,75537.0,7,7,3,"{""COW"":8,""SHEEP"":4}",13,62,36,36,11,6,12,43,11,10
93601797,1,719,719,29,113169.0,10,10,3,"{""COW"":8,""SHEEP"":4}",13,0,0,0,0,0,0,21,53,25
93602697,0,0,1,0,3.0,4,4,1,{},0,0,14,14,0,0,0,30,128,256
93602697,0,24,25,1,8.0,1,1,1,"{""COW"":1,""SHEEP"":4}",5,10,0,0,0,0,0,28,132,260
93602697,0,96,97,4,500.0,3,3,1,"{""COW"":1,""SHEEP"":4}",5,14,11,11,0,0,0,33,149,266
93602697,0,192,193,8,588.0,6,6,2,"{""COW"":6,""SHEEP"":4}",10,33,12,12,0,0,0,36,173,270
93602697,0,288,289,12,6078.0,8,8,3,"{""COW"":8,""SHEEP"":4}",12,61,16,16,12,6,0,39,199,228
93602697,0,384,385,16,11331.0,6,6,3,"{""COW"":8,""SHEEP"":4}",12,61,38,38,15,3,16,43,230,232
93602697,0,480,481,20,31914.0,7,7,3,"{""COW"":8,""SHEEP"":4}",12,61,44,44,15,8,4,46,195,235
93602697,0,576,577,24,54545.0,7,7,3,"{""COW"":8,""SHEEP"":4}",13,62,36,36,11,6,12,49,84,10
93602697,0,719,719,29,73599.0,10,10,3,"{""COW"":8,""SHEEP"":4}",13,0,0,0,0,0,0,38,55,25
93602697,1,0,1,0,3.0,4,4,1,{},0,0,14,14,0,0,0,30,128,256
93602697,1,24,25,1,8.0,1,1,1,"{""COW"":1,""SHEEP"":4}",5,10,0,0,0,0,0,28,132,260
93602697,1,96,97,4,500.0,3,3,1,"{""COW"":1,""SHEEP"":4}",5,14,11,11,0,0,0,33,149,266
93602697,1,192,193,8,588.0,6,6,2,"{""COW"":6,""SHEEP"":4}",10,33,12,12,0,0,0,36,173,270
93602697,1,288,289,12,6078.0,8,8,3,"{""COW"":8,""SHEEP"":4}",12,61,16,16,12,6,0,39,199,228
93602697,1,384,385,16,11331.0,6,6,3,"{""COW"":8,""SHEEP"":4}",12,61,38,38,15,3,16,43,230,232
93602697,1,480,481,20,31927.0,7,7,3,"{""COW"":8,""SHEEP"":4}",12,61,44,44,15,8,4,46,195,235
93602697,1,576,577,24,54647.0,7,7,3,"{""COW"":8,""SHEEP"":4}",13,62,36,36,11,6,12,49,84,10
93602697,1,719,719,29,75076.0,10,10,3,"{""COW"":8,""SHEEP"":4}",13,0,7,7,0,0,0,38,55,25
93603601,0,0,1,0,2.0,5,5,1,{},0,0,14,14,0,0,0,29,128,256
93603601,0,24,25,1,8.0,1,1,1,"{""COW"":1,""SHEEP"":4}",5,10,0,0,0,0,0,28,132,260
93603601,0,96,97,4,508.0,3,3,1,"{""COW"":1,""SHEEP"":4}",5,14,11,11,0,0,0,33,149,266
93603601,0,192,193,8,561.0,6,6,2,"{""COW"":6,""SHEEP"":4}",10,32,12,12,0,0,0,35,181,270
93603601,0,288,289,12,6581.0,8,8,3,"{""COW"":8,""SHEEP"":4}",12,60,16,16,12,6,0,39,206,171
93603601,0,384,385,16,16894.0,6,6,3,"{""COW"":8,""SHEEP"":4}",12,60,38,38,16,3,16,42,225,178
93603601,0,480,481,20,45184.0,7,7,3,"{""COW"":8,""SHEEP"":4}",12,60,44,44,16,8,4,44,206,84
93603601,0,576,577,24,65419.0,7,7,3,"{""COW"":8,""SHEEP"":4}",13,62,36,36,11,6,12,45,132,13
93603601,0,719,719,29,99397.0,10,10,3,"{""COW"":8,""SHEEP"":4}",13,0,7,7,0,0,0,37,112,28
93603601,1,0,1,0,13.0,5,5,1,{},1,0,5,5,0,0,0,29,128,256
93603601,1,24,25,1,16.0,0,0,1,"{""COW"":2,""SHEEP"":2}",4,19,3,0,0,0,0,28,132,260
93603601,1,96,97,4,131.0,5,5,1,"{""COW"":3,""SHEEP"":2}",5,19,6,6,0,0,0,33,149,266
93603601,1,192,193,8,173.0,5,5,2,"{""COW"":6,""SHEEP"":3}",10,30,10,9,0,0,0,35,181,270
93603601,1,288,289,12,14641.0,5,5,3,"{""COW"":10,""SHEEP"":4}",14,52,14,8,18,0,0,39,206,171
93603601,1,384,385,16,28973.0,5,5,3,"{""COW"":10,""SHEEP"":4}",14,56,30,24,2,0,8,42,225,178
93603601,1,480,481,20,51597.0,5,5,3,"{""COW"":10,""SHEEP"":4}",14,59,14,8,9,0,4,44,206,84
93603601,1,576,577,24,75656.0,5,5,3,"{""COW"":10,""SHEEP"":4}",14,55,12,6,10,0,4,45,132,13
93603601,1,719,719,29,98270.0,8,8,3,"{""COW"":10,""SHEEP"":4}",14,0,0,0,0,0,0,37,112,28
93604505,0,0,1,0,13.0,5,5,1,{},1,0,5,5,0,0,0,29,128,256
93604505,0,24,25,1,16.0,0,0,1,"{""COW"":2,""SHEEP"":2}",4,19,3,0,0,0,0,28,132,260
93604505,0,96,97,4,131.0,5,5,1,"{""COW"":3,""SHEEP"":2}",5,19,6,6,0,0,0,32,139,266
93604505,0,192,193,8,450.0,5,5,2,"{""COW"":6,""SHEEP"":3}",10,29,11,11,0,0,0,34,159,270
93604505,0,288,289,12,10017.0,5,5,4,"{""COW"":6,""SHEEP"":8}",14,54,20,14,18,0,0,38,180,171
93604505,0,384,385,16,30084.0,5,5,4,"{""COW"":6,""SHEEP"":11}",18,57,18,12,0,0,0,42,202,178
93604505,0,480,481,20,55631.0,5,5,4,"{""COW"":6,""SHEEP"":12}",18,67,27,21,22,0,0,46,169,84
93604505,0,576,577,24,80125.0,5,5,4,"{""COW"":6,""SHEEP"":12}",18,44,19,13,15,0,0,48,36,13
93604505,0,719,719,29,100664.0,8,8,4,"{""COW"":6,""SHEEP"":8}",18,1,0,0,0,0,0,44,47,28
93604505,1,0,1,0,2.0,5,5,1,{},0,0,14,14,0,0,0,29,128,256
93604505,1,24,25,1,8.0,1,1,1,"{""COW"":1,""SHEEP"":4}",5,10,0,0,0,0,0,28,132,260
93604505,1,96,97,4,510.0,3,3,1,"{""COW"":1,""SHEEP"":4}",5,14,11,11,0,0,0,32,139,266
93604505,1,192,193,8,1452.0,6,6,2,"{""COW"":6,""SHEEP"":4}",10,33,12,12,0,0,0,34,159,270
93604505,1,288,289,12,9335.0,8,8,3,"{""COW"":8,""SHEEP"":4}",12,61,16,16,12,6,0,38,180,171
93604505,1,384,385,16,21072.0,6,6,3,"{""COW"":8,""SHEEP"":4}",12,61,38,38,15,3,16,42,202,178
93604505,1,480,481,20,50269.0,7,7,3,"{""COW"":8,""SHEEP"":4}",12,61,44,44,15,8,4,46,169,84
93604505,1,576,577,24,64803.0,7,7,3,"{""COW"":8,""SHEEP"":4}",13,62,36,36,11,6,12,48,36,13
93604505,1,719,719,29,87883.0,10,10,3,"{""COW"":8,""SHEEP"":4}",13,0,7,7,0,0,0,44,47,28
93604698,0,0,1,0,3.0,4,4,1,{},0,0,14,14,0,0,0,30,128,256
93604698,0,24,25,1,8.0,1,1,1,"{""COW"":1,""SHEEP"":4}",5,10,0,0,0,0,0,28,132,260
93604698,0,96,97,4,500.0,3,3,1,"{""COW"":1,""SHEEP"":4}",5,14,11,11,0,0,0,33,149,266
93604698,0,192,193,8,595.0,6,6,2,"{""COW"":6,""SHEEP"":4}",10,33,12,12,0,0,0,36,181,270
93604698,0,288,289,12,6240.0,8,8,3,"{""COW"":8,""SHEEP"":4}",12,61,16,16,12,6,0,39,206,228
93604698,0,384,385,16,17102.0,6,6,3,"{""COW"":8,""SHEEP"":4}",12,61,38,38,15,3,16,43,233,232
93604698,0,480,481,20,51613.0,7,7,3,"{""COW"":8,""SHEEP"":4}",12,61,44,44,15,8,4,47,188,235
93604698,0,576,577,24,81840.0,7,7,3,"{""COW"":8,""SHEEP"":4}",13,62,36,36,11,6,12,49,12,10
93604698,0,719,719,29,120256.0,10,10,3,"{""COW"":8,""SHEEP"":4}",13,0,0,0,0,0,0,41,24,25
93604698,1,0,1,0,3.0,4,4,1,{},0,0,14,14,0,0,0,30,128,256
93604698,1,24,25,1,8.0,1,1,1,"{""COW"":1,""SHEEP"":4}",5,10,0,0,0,0,0,28,132,260
93604698,1,96,97,4,500.0,3,3,1,"{""COW"":1,""SHEEP"":4}",5,14,11,11,0,0,0,33,149,266
93604698,1,192,193,8,579.0,6,6,2,"{""COW"":6,""SHEEP"":4}",10,33,12,12,0,0,0,36,181,270
93604698,1,288,289,12,6224.0,8,8,3,"{""COW"":8,""SHEEP"":4}",12,61,16,16,12,6,0,39,206,228
93604698,1,384,385,16,17082.0,6,6,3,"{""COW"":8,""SHEEP"":4}",12,61,38,38,15,3,16,43,233,232
93604698,1,480,481,20,51575.0,7,7,3,"{""COW"":8,""SHEEP"":4}",12,61,44,44,15,8,4,47,188,235
93604698,1,576,577,24,81873.0,7,7,3,"{""COW"":8,""SHEEP"":4}",13,62,36,36,11,6,12,49,12,10
93604698,1,719,719,29,120353.0,10,10,3,"{""COW"":8,""SHEEP"":4}",13,0,7,7,0,0,0,41,24,25
93605405,0,0,1,0,13.0,5,5,1,{},1,0,5,5,0,0,0,29,128,256
93605405,0,24,25,1,16.0,0,0,1,"{""COW"":2,""SHEEP"":2}",4,19,3,0,0,0,0,28,132,260
93605405,0,96,97,4,131.0,5,5,1,"{""COW"":3,""SHEEP"":2}",5,19,6,6,0,0,0,32,139,266
93605405,0,192,193,8,197.0,5,5,2,"{""COW"":6,""SHEEP"":3}",10,30,10,9,0,0,0,33,159,270
93605405,0,288,289,12,14780.0,5,5,3,"{""COW"":10,""SHEEP"":4}",14,52,14,8,18,0,0,36,179,171
93605405,0,384,385,16,26786.0,5,5,3,"{""COW"":10,""SHEEP"":4}",14,56,27,21,0,0,8,38,194,178
93605405,0,480,481,20,40911.0,5,5,3,"{""COW"":10,""SHEEP"":4}",14,59,27,21,11,8,3,40,148,84
93605405,0,576,577,24,47970.0,5,5,3,"{""COW"":10,""SHEEP"":4}",14,53,13,7,4,0,3,41,11,13
93605405,0,719,719,29,54401.0,8,8,3,"{""COW"":10,""SHEEP"":4}",14,1,0,0,0,0,0,33,32,28
93605405,1,0,1,0,2.0,5,5,1,{},0,0,14,14,0,0,0,29,128,256
93605405,1,24,25,1,8.0,1,1,1,"{""COW"":1,""SHEEP"":4}",5,10,0,0,0,0,0,28,132,260
93605405,1,96,97,4,510.0,3,3,1,"{""COW"":1,""SHEEP"":4}",5,14,11,11,0,0,0,32,139,266
93605405,1,192,193,8,576.0,6,6,2,"{""COW"":6,""SHEEP"":4}",10,33,12,12,0,0,0,33,159,270
93605405,1,288,289,12,6634.0,8,8,3,"{""COW"":8,""SHEEP"":4}",12,61,16,16,12,6,0,36,179,171
93605405,1,384,385,16,14258.0,6,6,3,"{""COW"":8,""SHEEP"":4}",12,61,38,38,15,3,16,38,194,178
93605405,1,480,481,20,33331.0,7,7,3,"{""COW"":8,""SHEEP"":4}",12,61,44,44,15,8,4,40,148,84
93605405,1,576,577,24,38722.0,7,7,3,"{""COW"":8,""SHEEP"":4}",13,62,36,36,11,6,12,41,11,13
93605405,1,719,719,29,51136.0,10,10,3,"{""COW"":8,""SHEEP"":4}",13,0,7,7,0,0,0,33,32,28
93606298,0,0,1,0,3.0,4,4,1,{},0,0,14,14,0,0,0,30,128,256
93606298,0,24,25,1,8.0,1,1,1,"{""COW"":1,""SHEEP"":4}",5,10,0,0,0,0,0,28,132,260
93606298,0,96,97,4,500.0,3,3,1,"{""COW"":1,""SHEEP"":4}",5,14,11,11,0,0,0,33,149,266
93606298,0,192,193,8,588.0,6,6,2,"{""COW"":6,""SHEEP"":4}",10,33,12,12,0,0,0,36,173,270
93606298,0,288,289,12,6049.0,8,8,3,"{""COW"":8,""SHEEP"":4}",12,61,16,16,12,6,0,39,199,228
93606298,0,384,385,16,12416.0,6,6,3,"{""COW"":8,""SHEEP"":4}",12,61,38,38,15,3,16,43,226,232
93606298,0,480,481,20,34022.0,7,7,3,"{""COW"":8,""SHEEP"":4}",12,61,44,44,15,8,4,46,178,235
93606298,0,576,577,24,53462.0,7,7,3,"{""COW"":8,""SHEEP"":4}",13,62,36,36,11,6,12,49,14,10
93606298,0,719,719,29,78305.0,10,10,3,"{""COW"":8,""SHEEP"":4}",13,0,7,7,0,0,0,41,108,25
93606298,1,0,1,0,3.0,4,4,1,{},0,0,14,14,0,0,0,30,128,256
93606298,1,24,25,1,8.0,1,1,1,"{""COW"":1,""SHEEP"":4}",5,10,0,0,0,0,0,28,132,260
93606298,1,96,97,4,500.0,3,3,1,"{""COW"":1,""SHEEP"":4}",5,14,11,11,0,0,0,33,149,266
93606298,1,192,193,8,588.0,6,6,2,"{""COW"":6,""SHEEP"":4}",10,33,12,12,0,0,0,36,173,270
93606298,1,288,289,12,6626.0,8,8,3,"{""COW"":8,""SHEEP"":4}",12,61,16,16,12,3,0,39,199,228
93606298,1,384,385,16,13962.0,6,6,3,"{""COW"":8,""SHEEP"":4}",12,61,38,38,15,3,16,43,226,232
93606298,1,480,481,20,34400.0,7,7,3,"{""COW"":8,""SHEEP"":4}",12,61,44,44,15,8,4,46,178,235
93606298,1,576,577,24,56363.0,7,7,3,"{""COW"":8,""SHEEP"":4}",13,61,36,36,11,6,0,49,14,10
93606298,1,719,719,29,78694.0,10,10,3,"{""COW"":8,""SHEEP"":4}",13,1,0,0,0,0,0,41,108,25
93607187,0,0,1,0,3.0,4,4,1,{},0,0,14,14,0,0,0,30,128,256
93607187,0,24,25,1,8.0,1,1,1,"{""COW"":1,""SHEEP"":4}",5,10,0,0,0,0,0,28,132,260
93607187,0,96,97,4,500.0,3,3,1,"{""COW"":1,""SHEEP"":4}",5,14,11,11,0,0,0,33,139,266
93607187,0,192,193,8,588.0,6,6,2,"{""COW"":6,""SHEEP"":4}",10,33,12,12,0,0,0,36,159,270
93607187,0,288,289,12,6187.0,8,8,3,"{""COW"":8,""SHEEP"":4}",12,61,16,16,12,6,0,39,179,228
93607187,0,384,385,16,17850.0,6,6,3,"{""COW"":8,""SHEEP"":4}",12,61,38,38,15,3,16,42,194,232
93607187,0,480,481,20,38660.0,7,7,3,"{""COW"":8,""SHEEP"":4}",12,61,44,44,15,8,4,44,7,235
93607187,0,576,577,24,48719.0,7,7,3,"{""COW"":8,""SHEEP"":4}",13,62,36,36,11,6,12,46,7,10
93607187,0,719,719,29,70435.0,10,10,3,"{""COW"":8,""SHEEP"":4}",13,0,0,0,0,0,0,29,16,25
93607187,1,0,1,0,3.0,4,4,1,{},0,0,14,14,0,0,0,30,128,256
93607187,1,24,25,1,8.0,1,1,1,"{""COW"":1,""SHEEP"":4}",5,10,0,0,0,0,0,28,132,260
93607187,1,96,97,4,500.0,3,3,1,"{""COW"":1,""SHEEP"":4}",5,14,11,11,0,0,0,33,139,266
93607187,1,192,193,8,588.0,6,6,2,"{""COW"":6,""SHEEP"":4}",10,33,12,12,0,0,0,36,159,270
93607187,1,288,289,12,6184.0,8,8,3,"{""COW"":8,""SHEEP"":4}",12,61,16,16,12,6,0,39,179,228
93607187,1,384,385,16,17474.0,6,6,3,"{""COW"":8,""SHEEP"":4}",12,61,38,38,15,3,16,42,194,232
93607187,1,480,481,20,37187.0,7,7,3,"{""COW"":8,""SHEEP"":4}",12,61,44,44,15,8,4,44,7,235
93607187,1,576,577,24,46881.0,7,7,3,"{""COW"":8,""SHEEP"":4}",13,62,36,36,11,6,12,46,7,10
93607187,1,719,719,29,67736.0,10,10,3,"{""COW"":8,""SHEEP"":4}",13,0,7,7,0,0,0,29,16,25
93608010,0,0,1,0,3.0,4,4,1,{},0,0,14,14,0,0,0,30,128,256
93608010,0,24,25,1,8.0,1,1,1,"{""COW"":1,""SHEEP"":4}",5,10,0,0,0,0,0,28,132,260
93608010,0,96,97,4,505.0,3,3,1,"{""COW"":1,""SHEEP"":4}",5,14,11,11,0,0,0,32,149,266
93608010,0,192,193,8,320.0,6,6,2,"{""COW"":6,""SHEEP"":4}",10,32,12,12,0,0,0,34,181,270
93608010,0,288,289,12,6044.0,8,8,3,"{""COW"":8,""SHEEP"":4}",12,55,16,16,12,6,0,37,206,228
93608010,0,384,385,16,13832.0,6,6,3,"{""COW"":8,""SHEEP"":4}",12,60,34,34,15,2,12,40,229,232
93608010,0,480,481,20,44875.0,7,7,3,"{""COW"":8,""SHEEP"":4}",12,60,40,40,15,8,4,43,211,235
93608010,0,576,577,24,79410.0,7,7,3,"{""COW"":8,""SHEEP"":4}",13,62,32,32,11,6,12,45,184,10
93608010,0,719,719,29,124716.0,10,10,3,"{""COW"":8,""SHEEP"":4}",13,0,7,7,0,0,0,35,219,25
93608010,1,0,1,0,3.0,4,4,1,{},0,0,14,14,0,0,0,30,128,256
93608010,1,24,25,1,8.0,1,1,1,"{""COW"":1,""SHEEP"":4}",5,10,0,0,0,0,0,28,132,260
93608010,1,96,97,4,658.0,3,3,1,"{""COW"":1,""SHEEP"":4}",5,14,6,6,0,0,0,32,149,266
93608010,1,192,193,8,770.0,6,6,2,"{""COW"":6,""SHEEP"":4}",10,32,11,11,0,0,0,34,181,270
93608010,1,288,289,12,6511.0,8,8,3,"{""COW"":8,""SHEEP"":4}",12,62,13,13,24,0,0,37,206,228
93608010,1,384,385,16,20422.0,6,6,3,"{""COW"":8,""SHEEP"":4}",12,62,13,13,24,0,0,40,229,232
93608010,1,480,481,20,48449.0,7,7,3,"{""COW"":8,""SHEEP"":4}",12,62,13,13,25,0,0,43,211,235
93608010,1,576,577,24,84502.0,7,7,3,"{""COW"":9,""SHEEP"":4}",13,61,14,14,20,0,0,45,184,10
93608010,1,719,719,29,126775.0,10,10,3,"{""COW"":9,""SHEEP"":4}",13,1,0,0,0,0,0,35,219,25
93608986,0,0,1,0,3.0,4,4,1,{},0,0,14,14,0,0,0,30,128,256
93608986,0,24,25,1,8.0,1,1,1,"{""COW"":1,""SHEEP"":4}",5,10,0,0,0,0,0,28,132,260
93608986,0,96,97,4,502.0,3,3,1,"{""COW"":1,""SHEEP"":4}",5,14,11,11,0,0,0,33,149,266
93608986,0,192,193,8,563.0,6,6,2,"{""COW"":6,""SHEEP"":4}",10,33,12,12,0,0,0,34,181,270
93608986,0,288,289,12,6911.0,8,8,3,"{""COW"":8,""SHEEP"":4}",12,61,16,16,12,3,0,37,214,228
93608986,0,384,385,16,16813.0,6,6,3,"{""COW"":8,""SHEEP"":4}",12,61,38,38,15,3,16,41,247,232
93608986,0,480,481,20,50868.0,7,7,3,"{""COW"":8,""SHEEP"":4}",12,61,44,44,15,8,4,44,228,235
93608986,0,576,577,24,88155.0,7,7,3,"{""COW"":8,""SHEEP"":4}",13,62,36,36,11,6,0,47,208,10
93608986,0,719,719,29,139328.0,10,10,3,"{""COW"":8,""SHEEP"":4}",13,0,0,0,0,0,0,34,220,25
93608986,1,0,1,0,3.0,4,4,1,{},0,0,14,14,0,0,0,30,128,256
93608986,1,24,25,1,8.0,1,1,1,"{""COW"":1,""SHEEP"":4}",5,10,0,0,0,0,0,28,132,260
93608986,1,96,97,4,502.0,3,3,1,"{""COW"":1,""SHEEP"":4}",5,14,11,11,0,0,0,33,149,266
93608986,1,192,193,8,563.0,6,6,2,"{""COW"":6,""SHEEP"":4}",10,33,12,12,0,0,0,34,181,270
93608986,1,288,289,12,6210.0,8,8,3,"{""COW"":8,""SHEEP"":4}",12,61,16,16,12,6,0,37,214,228
93608986,1,384,385,16,16290.0,6,6,3,"{""COW"":8,""SHEEP"":4}",12,61,38,38,15,3,16,41,247,232
93608986,1,480,481,20,50707.0,7,7,3,"{""COW"":8,""SHEEP"":4}",12,61,44,44,15,8,4,44,228,235
93608986,1,576,577,24,87860.0,7,7,3,"{""COW"":8,""SHEEP"":4}",13,62,36,36,11,6,12,47,208,10
93608986,1,719,719,29,138229.0,10,10,3,"{""COW"":8,""SHEEP"":4}",13,0,7,7,0,0,0,34,220,25
93609880,0,0,1,0,3.0,4,4,1,{},0,0,14,14,0,0,0,30,128,256
93609880,0,24,25,1,8.0,1,1,1,"{""COW"":1,""SHEEP"":4}",5,10,0,0,0,0,0,28,132,260
93609880,0,96,97,4,502.0,3,3,1,"{""COW"":1,""SHEEP"":4}",5,14,11,11,0,0,0,33,149,266
93609880,0,192,193,8,562.0,6,6,2,"{""COW"":6,""SHEEP"":4}",10,33,12,12,0,0,0,34,173,270
93609880,0,288,289,12,7040.0,8,8,3,"{""COW"":8,""SHEEP"":4}",12,61,16,16,12,6,0,36,189,228
93609880,0,384,385,16,20332.0,6,6,3,"{""COW"":8,""SHEEP"":4}",12,61,38,38,15,3,16,39,204,232
93609880,0,480,481,20,52047.0,7,7,3,"{""COW"":8,""SHEEP"":4}",12,61,44,44,15,8,4,41,49,235
93609880,0,576,577,24,69339.0,7,7,3,"{""COW"":8,""SHEEP"":4}",13,62,36,36,11,6,12,43,11,10
93609880,0,719,719,29,102323.0,10,10,3,"{""COW"":8,""SHEEP"":4}",13,0,7,7,0,0,0,21,78,25
93609880,1,0,1,0,3.0,4,4,1,{},0,0,14,14,0,0,0,30,128,256
93609880,1,24,25,1,8.0,1,1,1,"{""COW"":1,""SHEEP"":4}",5,10,0,0,0,0,0,28,132,260
93609880,1,96,97,4,502.0,3,3,1,"{""COW"":1,""SHEEP"":4}",5,14,11,11,0,0,0,33,149,266
93609880,1,192,193,8,564.0,6,6,2,"{""COW"":6,""SHEEP"":4}",10,33,12,12,0,0,0,34,173,270
93609880,1,288,289,12,7802.0,8,8,3,"{""COW"":8,""SHEEP"":4}",12,61,16,16,12,3,0,36,189,228
93609880,1,384,385,16,21073.0,6,6,3,"{""COW"":8,""SHEEP"":4}",12,61,38,38,15,3,16,39,204,232
93609880,1,480,481,20,52948.0,7,7,3,"{""COW"":8,""SHEEP"":4}",12,61,44,44,15,8,4,41,49,235
93609880,1,576,577,24,73276.0,7,7,3,"{""COW"":8,""SHEEP"":4}",13,62,36,36,11,6,0,43,11,10
93609880,1,719,719,29,104105.0,10,10,3,"{""COW"":8,""SHEEP"":4}",13,0,0,0,0,0,0,21,78,25
93610777,0,0,1,0,7.0,4,4,1,{},0,0,5,5,0,0,0,29,128,256
93610777,0,24,25,1,6.0,1,1,1,"{""COW"":1,""SHEEP"":4}",5,10,0,0,0,0,0,28,132,260
93610777,0,96,97,4,656.0,3,3,1,"{""COW"":1,""SHEEP"":4}",5,14,6,6,0,0,0,32,149,266
93610777,0,192,193,8,504.0,6,6,2,"{""COW"":6,""SHEEP"":4}",10,32,11,11,0,0,0,34,181,270
93610777,0,288,289,12,7695.0,8,8,3,"{""COW"":8,""SHEEP"":4}",12,54,8,8,14,0,0,38,206,233
93610777,0,384,385,16,20947.0,5,5,3,"{""COW"":8,""SHEEP"":4}",12,53,10,10,14,0,0,42,219,236
93610777,0,480,481,20,53198.0,7,7,3,"{""COW"":8,""SHEEP"":4}",12,48,17,17,11,0,0,46,158,184
93610777,0,576,577,24,66050.0,7,7,3,"{""COW"":10,""SHEEP"":4}",14,58,14,14,12,0,0,49,7,10
93610777,0,719,719,29,94294.0,10,10,3,"{""COW"":10,""SHEEP"":4}",14,0,0,0,0,0,0,41,30,7
93610777,1,0,1,0,3.0,5,5,1,{},0,0,14,14,0,0,0,29,128,256
93610777,1,24,25,1,2.0,1,1,1,"{""COW"":1,""SHEEP"":4}",5,10,0,0,0,0,0,28,132,260
93610777,1,96,97,4,499.0,3,3,1,"{""COW"":1,""SHEEP"":4}",5,14,11,11,0,0,0,32,149,266
93610777,1,192,193,8,276.0,6,6,2,"{""COW"":6,""SHEEP"":4}",10,33,12,12,0,0,0,34,181,270
93610777,1,288,289,12,4245.0,8,8,3,"{""COW"":8,""SHEEP"":4}",12,55,16,16,12,6,0,38,206,233
93610777,1,384,385,16,11698.0,6,6,3,"{""COW"":8,""SHEEP"":4}",12,61,34,34,15,2,12,42,219,236
93610777,1,480,481,20,40880.0,7,7,3,"{""COW"":8,""SHEEP"":4}",12,61,40,40,15,8,4,46,158,184
93610777,1,576,577,24,59998.0,7,7,3,"{""COW"":8,""SHEEP"":4}",13,62,32,32,11,6,12,49,7,10
93610777,1,719,719,29,91338.0,10,10,3,"{""COW"":8,""SHEEP"":4}",13,0,7,7,0,0,0,41,30,7
93611684,0,0,1,0,3.0,4,4,1,{},0,0,14,14,0,0,0,30,128,256
93611684,0,24,25,1,8.0,1,1,1,"{""COW"":1,""SHEEP"":4}",5,10,0,0,0,0,0,28,132,260
93611684,0,96,97,4,500.0,3,3,1,"{""COW"":1,""SHEEP"":4}",5,14,11,11,0,0,0,33,139,266
93611684,0,192,193,8,588.0,6,6,2,"{""COW"":6,""SHEEP"":4}",10,33,12,12,0,0,0,36,159,270
93611684,0,288,289,12,6079.0,8,8,3,"{""COW"":8,""SHEEP"":4}",12,61,16,16,12,6,0,39,190,228
93611684,0,384,385,16,14731.0,6,6,3,"{""COW"":8,""SHEEP"":4}",12,61,38,38,15,3,16,43,210,232
93611684,0,480,481,20,37366.0,7,7,3,"{""COW"":8,""SHEEP"":4}",12,61,44,44,15,8,4,46,84,235
93611684,0,576,577,24,48621.0,7,7,3,"{""COW"":8,""SHEEP"":4}",13,62,36,36,11,6,12,48,7,10
93611684,0,719,719,29,70243.0,10,10,3,"{""COW"":8,""SHEEP"":4}",13,0,7,7,0,0,0,38,16,25
93611684,1,0,1,0,3.0,4,4,1,{},0,0,14,14,0,0,0,30,128,256
93611684,1,24,25,1,8.0,1,1,1,"{""COW"":1,""SHEEP"":4}",5,10,0,0,0,0,0,28,132,260
93611684,1,96,97,4,500.0,3,3,1,"{""COW"":1,""SHEEP"":4}",5,14,11,11,0,0,0,33,139,266
93611684,1,192,193,8,588.0,6,6,2,"{""COW"":6,""SHEEP"":4}",10,33,12,12,0,0,0,36,159,270
93611684,1,288,289,12,6661.0,8,8,3,"{""COW"":8,""SHEEP"":4}",12,61,16,16,12,3,0,39,190,228
93611684,1,384,385,16,15881.0,6,6,3,"{""COW"":8,""SHEEP"":4}",12,61,38,38,15,3,16,43,210,232
93611684,1,480,481,20,38470.0,7,7,3,"{""COW"":8,""SHEEP"":4}",12,61,44,44,15,8,4,46,84,235
93611684,1,576,577,24,52406.0,7,7,3,"{""COW"":8,""SHEEP"":4}",13,62,36,36,11,6,0,48,7,10
93611684,1,719,719,29,73096.0,10,10,3,"{""COW"":8,""SHEEP"":4}",13,0,0,0,0,0,0,38,16,25
93612584,0,0,1,0,3.0,4,4,1,{},0,0,14,14,0,0,0,30,128,256
93612584,0,24,25,1,8.0,1,1,1,"{""COW"":1,""SHEEP"":4}",5,10,0,0,0,0,0,28,132,260
93612584,0,96,97,4,504.0,3,3,1,"{""COW"":1,""SHEEP"":4}",5,14,11,11,0,0,0,33,149,266
93612584,0,192,193,8,568.0,6,6,2,"{""COW"":6,""SHEEP"":4}",10,33,12,12,0,0,0,35,181,270
93612584,0,288,289,12,6677.0,8,8,3,"{""COW"":8,""SHEEP"":4}",12,61,16,16,12,6,0,38,206,228
93612584,0,384,385,16,16428.0,6,6,3,"{""COW"":8,""SHEEP"":4}",12,61,38,38,15,3,16,41,224,232
93612584,0,480,481,20,48347.0,7,7,3,"{""COW"":8,""SHEEP"":4}",12,61,44,44,15,8,4,44,201,235
93612584,0,576,577,24,82816.0,7,7,3,"{""COW"":8,""SHEEP"":4}",13,62,36,36,11,6,12,47,155,10
93612584,0,719,719,29,127069.0,10,10,3,"{""COW"":8,""SHEEP"":4}",13,0,7,7,0,0,0,38,155,25
93612584,1,0,1,0,3.0,4,4,1,{},0,0,14,14,0,0,0,30,128,256
93612584,1,24,25,1,18.0,1,1,1,"{""COW"":1,""SHEEP"":4}",5,9,0,0,0,0,0,28,132,260
93612584,1,96,97,4,667.0,3,3,1,"{""COW"":1,""SHEEP"":4}",5,13,6,6,0,0,0,33,149,266
93612584,1,192,193,8,257.0,6,6,2,"{""COW"":5,""SHEEP"":4}",10,31,2,2,0,0,0,35,181,270
93612584,1,288,289,12,7079.0,8,8,3,"{""COW"":3,""SHEEP"":3}",12,59,25,25,0,0,0,38,206,228
93612584,1,384,385,16,15059.0,5,5,3,"{""COW"":3,""SHEEP"":3}",12,59,48,48,6,0,0,41,224,232
93612584,1,480,481,20,28210.0,7,7,3,"{""COW"":3,""SHEEP"":3}",12,59,67,67,6,0,0,44,201,235
93612584,1,576,577,24,51138.0,7,7,3,"{""COW"":5,""SHEEP"":3}",14,58,65,65,6,0,0,47,155,10
93612584,1,719,719,29,78078.0,10,10,3,"{""COW"":5,""SHEEP"":3}",14,0,23,23,0,0,0,38,155,25
93613468,0,0,1,0,3.0,4,4,1,{},0,0,14,14,0,0,0,30,128,256
93613468,0,24,25,1,8.0,1,1,1,"{""COW"":1,""SHEEP"":4}",5,10,0,0,0,0,0,28,132,260
93613468,0,96,97,4,500.0,3,3,1,"{""COW"":1,""SHEEP"":4}",5,14,11,11,0,0,0,33,139,266
93613468,0,192,193,8,588.0,6,6,2,"{""COW"":6,""SHEEP"":4}",10,33,12,12,0,0,0,36,159,270
93613468,0,288,289,12,6188.0,8,8,3,"{""COW"":8,""SHEEP"":4}",12,61,16,16,12,6,0,39,180,228
93613468,0,384,385,16,15701.0,6,6,3,"{""COW"":8,""SHEEP"":4}",12,61,38,38,15,3,16,43,208,232
93613468,0,480,481,20,44062.0,7,7,3,"{""COW"":8,""SHEEP"":4}",12,61,44,44,15,8,4,47,142,235
93613468,0,576,577,24,65961.0,7,7,3,"{""COW"":8,""SHEEP"":4}",13,62,36,36,11,6,12,50,22,10
93613468,0,719,719,29,102185.0,10,10,3,"{""COW"":8,""SHEEP"":4}",13,0,0,0,0,0,0,43,128,25
93613468,1,0,1,0,3.0,4,4,1,{},0,0,14,14,0,0,0,30,128,256
93613468,1,24,25,1,8.0,1,1,1,"{""COW"":1,""SHEEP"":4}",5,10,0,0,0,0,0,28,132,260
93613468,1,96,97,4,500.0,3,3,1,"{""COW"":1,""SHEEP"":4}",5,14,11,11,0,0,0,33,139,266
93613468,1,192,193,8,588.0,6,6,2,"{""COW"":6,""SHEEP"":4}",10,33,12,12,0,0,0,36,159,270
93613468,1,288,289,12,6188.0,8,8,3,"{""COW"":8,""SHEEP"":4}",12,61,16,16,12,6,0,39,180,228
93613468,1,384,385,16,15701.0,6,6,3,"{""COW"":8,""SHEEP"":4}",12,61,38,38,15,3,16,43,208,232
93613468,1,480,481,20,44066.0,7,7,3,"{""COW"":8,""SHEEP"":4}",12,61,44,44,15,8,4,47,142,235
93613468,1,576,577,24,66004.0,7,7,3,"{""COW"":8,""SHEEP"":4}",13,62,36,36,11,6,12,50,22,10
93613468,1,719,719,29,102810.0,10,10,3,"{""COW"":8,""SHEEP"":4}",13,0,7,7,0,0,0,43,128,25
93614356,0,0,1,0,3.0,4,4,1,{},0,0,14,14,0,0,0,30,128,256
93614356,0,24,25,1,8.0,1,1,1,"{""COW"":1,""SHEEP"":4}",5,10,0,0,0,0,0,28,132,260
93614356,0,96,97,4,500.0,3,3,1,"{""COW"":1,""SHEEP"":4}",5,14,11,11,0,0,0,33,139,266
93614356,0,192,193,8,594.0,6,6,2,"{""COW"":6,""SHEEP"":4}",10,33,12,12,0,0,0,35,159,270
93614356,0,288,289,12,6167.0,8,8,3,"{""COW"":8,""SHEEP"":4}",12,61,16,16,12,6,0,38,190,228
93614356,0,384,385,16,14865.0,6,6,3,"{""COW"":8,""SHEEP"":4}",12,61,38,38,15,3,16,41,212,232
93614356,0,480,481,20,37763.0,7,7,3,"{""COW"":8,""SHEEP"":4}",12,61,44,44,15,8,4,43,108,235
93614356,0,576,577,24,50272.0,7,7,3,"{""COW"":8,""SHEEP"":4}",13,62,36,36,11,6,12,45,11,10
93614356,0,719,719,29,67683.0,10,10,3,"{""COW"":8,""SHEEP"":4}",13,0,7,7,0,0,0,31,53,25
93614356,1,0,1,0,3.0,4,4,1,{},0,0,14,14,0,0,0,30,128,256
93614356,1,24,25,1,8.0,1,1,1,"{""COW"":1,""SHEEP"":4}",5,10,0,0,0,0,0,28,132,260
93614356,1,96,97,4,500.0,3,3,1,"{""COW"":1,""SHEEP"":4}",5,14,11,11,0,0,0,33,139,266
93614356,1,192,193,8,594.0,6,6,2,"{""COW"":6,""SHEEP"":4}",10,33,12,12,0,0,0,35,159,270
93614356,1,288,289,12,6167.0,8,8,3,"{""COW"":8,""SHEEP"":4}",12,61,16,16,12,6,0,38,190,228
93614356,1,384,385,16,14865.0,6,6,3,"{""COW"":8,""SHEEP"":4}",12,61,38,38,15,3,16,41,212,232
93614356,1,480,481,20,37748.0,7,7,3,"{""COW"":8,""SHEEP"":4}",12,61,44,44,15,8,4,43,108,235
93614356,1,576,577,24,50257.0,7,7,3,"{""COW"":8,""SHEEP"":4}",13,62,36,36,11,6,12,45,11,10
93614356,1,719,719,29,67029.0,10,10,3,"{""COW"":8,""SHEEP"":4}",13,0,0,0,0,0,0,31,53,25
93615238,0,0,1,0,13.0,5,5,1,{},1,0,5,5,0,0,0,29,128,256
93615238,0,24,25,1,16.0,0,0,1,"{""COW"":2,""SHEEP"":2}",4,19,3,0,0,0,0,28,132,260
93615238,0,96,97,4,131.0,5,5,1,"{""COW"":3,""SHEEP"":2}",5,19,6,6,0,0,0,32,139,266
93615238,0,192,193,8,479.0,5,5,2,"{""COW"":6,""SHEEP"":3}",10,30,10,9,0,0,0,34,145,270
93615238,0,288,289,12,14556.0,5,5,3,"{""COW"":10,""SHEEP"":4}",14,52,14,8,18,0,0,38,168,171
93615238,0,384,385,16,26051.0,5,5,3,"{""COW"":10,""SHEEP"":4}",14,56,27,21,0,2,8,41,181,178
93615238,0,480,481,20,42645.0,5,5,3,"{""COW"":10,""SHEEP"":4}",14,59,23,17,11,15,4,43,59,84
93615238,0,576,577,24,50808.0,5,5,3,"{""COW"":10,""SHEEP"":4}",14,53,11,5,4,0,4,43,11,13
93615238,0,719,719,29,65222.0,8,8,3,"{""COW"":10,""SHEEP"":4}",14,1,0,0,0,1,0,35,32,28
93615238,1,0,1,0,2.0,5,5,1,{},0,0,14,14,0,0,0,29,128,256
93615238,1,24,25,1,8.0,1,1,1,"{""COW"":1,""SHEEP"":4}",5,10,0,0,0,0,0,28,132,260
93615238,1,96,97,4,510.0,3,3,1,"{""COW"":1,""SHEEP"":4}",5,14,11,11,0,0,0,32,139,266
93615238,1,192,193,8,1455.0,6,6,2,"{""COW"":6,""SHEEP"":4}",10,33,12,12,0,0,0,34,145,270
93615238,1,288,289,12,9216.0,8,8,3,"{""COW"":8,""SHEEP"":4}",12,61,16,16,12,6,0,38,168,171
93615238,1,384,385,16,16575.0,6,6,3,"{""COW"":8,""SHEEP"":4}",12,61,38,38,15,3,16,41,181,178
93615238,1,480,481,20,35742.0,7,7,3,"{""COW"":8,""SHEEP"":4}",12,61,44,44,15,8,4,43,59,84
93615238,1,576,577,24,38746.0,7,7,3,"{""COW"":8,""SHEEP"":4}",13,62,36,36,11,6,12,43,11,13
93615238,1,719,719,29,62504.0,10,10,3,"{""COW"":8,""SHEEP"":4}",13,0,7,7,0,0,0,35,32,28
93615400,0,0,1,0,3.0,4,4,1,{},0,0,14,14,0,0,0,30,128,256
93615400,0,24,25,1,8.0,1,1,1,"{""COW"":1,""SHEEP"":4}",5,10,0,0,0,0,0,28,132,260
93615400,0,96,97,4,500.0,3,3,1,"{""COW"":1,""SHEEP"":4}",5,14,11,11,0,0,0,33,139,266
93615400,0,192,193,8,578.0,6,6,2,"{""COW"":6,""SHEEP"":4}",10,33,12,12,0,0,0,36,159,270
93615400,0,288,289,12,6181.0,8,8,3,"{""COW"":8,""SHEEP"":4}",12,61,16,16,12,6,0,39,179,228
93615400,0,384,385,16,16468.0,6,6,3,"{""COW"":8,""SHEEP"":4}",12,61,38,38,15,3,16,43,193,232
93615400,0,480,481,20,39955.0,7,7,3,"{""COW"":8,""SHEEP"":4}",12,61,44,44,15,8,4,46,5,235
93615400,0,576,577,24,59105.0,7,7,3,"{""COW"":8,""SHEEP"":4}",13,62,36,36,11,6,12,49,7,10
93615400,0,719,719,29,103641.0,10,10,3,"{""COW"":8,""SHEEP"":4}",13,0,7,7,0,0,0,39,16,25
93615400,1,0,1,0,3.0,4,4,1,{},0,0,14,14,0,0,0,30,128,256
93615400,1,24,25,1,8.0,1,1,1,"{""COW"":1,""SHEEP"":4}",5,10,0,0,0,0,0,28,132,260
93615400,1,96,97,4,500.0,3,3,1,"{""COW"":1,""SHEEP"":4}",5,14,11,11,0,0,0,33,139,266
93615400,1,192,193,8,593.0,6,6,2,"{""COW"":6,""SHEEP"":4}",10,32,12,12,0,0,0,36,159,270
93615400,1,288,289,12,6293.0,8,8,3,"{""COW"":8,""SHEEP"":4}",12,60,16,16,12,6,0,39,179,228
93615400,1,384,385,16,17092.0,6,6,3,"{""COW"":8,""SHEEP"":4}",12,60,38,38,16,3,16,43,193,232
93615400,1,480,481,20,39875.0,7,7,3,"{""COW"":8,""SHEEP"":4}",12,60,44,44,16,8,4,46,5,235
93615400,1,576,577,24,59198.0,7,7,3,"{""COW"":8,""SHEEP"":4}",13,62,36,36,11,6,12,49,7,10
93615400,1,719,719,29,105171.0,10,10,3,"{""COW"":8,""SHEEP"":4}",13,0,0,0,0,0,0,39,16,25
93616139,0,0,1,0,3.0,4,4,1,{},0,0,14,14,0,0,0,30,128,256
93616139,0,24,25,1,8.0,1,1,1,"{""COW"":1,""SHEEP"":4}",5,10,0,0,0,0,0,28,132,260
93616139,0,96,97,4,500.0,3,3,1,"{""COW"":1,""SHEEP"":4}",5,14,11,11,0,0,0,33,149,266
93616139,0,192,193,8,588.0,6,6,2,"{""COW"":6,""SHEEP"":4}",10,33,12,12,0,0,0,36,173,270
93616139,0,288,289,12,6227.0,8,8,3,"{""COW"":8,""SHEEP"":4}",12,61,16,16,12,6,0,39,190,228
93616139,0,384,385,16,16372.0,6,6,3,"{""COW"":8,""SHEEP"":4}",12,61,38,38,15,3,16,43,215,232
93616139,0,480,481,20,46664.0,7,7,3,"{""COW"":8,""SHEEP"":4}",12,61,44,44,15,8,4,47,149,235
93616139,0,576,577,24,68704.0,7,7,3,"{""COW"":8,""SHEEP"":4}",13,62,36,36,11,6,12,49,9,10
93616139,0,719,719,29,104838.0,10,10,3,"{""COW"":8,""SHEEP"":4}",13,0,0,0,0,0,0,41,24,25
93616139,1,0,1,0,3.0,4,4,1,{},0,0,14,14,0,0,0,30,128,256
93616139,1,24,25,1,8.0,1,1,1,"{""COW"":1,""SHEEP"":4}",5,10,0,0,0,0,0,28,132,260
93616139,1,96,97,4,500.0,3,3,1,"{""COW"":1,""SHEEP"":4}",5,14,11,11,0,0,0,33,149,266
93616139,1,192,193,8,588.0,6,6,2,"{""COW"":6,""SHEEP"":4}",10,33,12,12,0,0,0,36,173,270
93616139,1,288,289,12,6227.0,8,8,3,"{""COW"":8,""SHEEP"":4}",12,61,16,16,12,6,0,39,190,228
93616139,1,384,385,16,16372.0,6,6,3,"{""COW"":8,""SHEEP"":4}",12,61,38,38,15,3,16,43,215,232
93616139,1,480,481,20,46666.0,7,7,3,"{""COW"":8,""SHEEP"":4}",12,61,44,44,15,8,4,47,149,235
93616139,1,576,577,24,68780.0,7,7,3,"{""COW"":8,""SHEEP"":4}",13,62,36,36,11,6,12,49,9,10
93616139,1,719,719,29,105760.0,10,10,3,"{""COW"":8,""SHEEP"":4}",13,0,7,7,0,0,0,41,24,25
93617038,0,0,1,0,3.0,4,4,1,{},0,0,14,14,0,0,0,30,128,256
93617038,0,24,25,1,8.0,1,1,1,"{""COW"":1,""SHEEP"":4}",5,10,0,0,0,0,0,28,132,260
93617038,0,96,97,4,502.0,3,3,1,"{""COW"":1,""SHEEP"":4}",5,14,11,11,0,0,0,33,139,266
93617038,0,192,193,8,1492.0,6,6,2,"{""COW"":6,""SHEEP"":4}",10,33,12,12,0,0,0,33,145,270
93617038,0,288,289,12,9575.0,8,8,3,"{""COW"":8,""SHEEP"":4}",12,61,16,16,12,6,0,35,168,228
93617038,0,384,385,16,18636.0,6,6,3,"{""COW"":8,""SHEEP"":4}",12,61,38,38,15,3,16,39,197,232
93617038,0,480,481,20,38493.0,7,7,3,"{""COW"":8,""SHEEP"":4}",12,61,44,44,15,8,4,42,14,235
93617038,0,576,577,24,47992.0,7,7,3,"{""COW"":8,""SHEEP"":4}",13,62,36,36,11,6,12,43,7,10
93617038,0,719,719,29,70221.0,11,11,3,"{""COW"":8,""SHEEP"":4}",13,0,0,0,0,0,0,21,16,25
93617038,1,0,1,0,3.0,4,4,1,{},0,0,14,14,0,0,0,30,128,256
93617038,1,24,25,1,8.0,1,1,1,"{""COW"":1,""SHEEP"":4}",5,10,0,0,0,0,0,28,132,260
93617038,1,96,97,4,502.0,3,3,1,"{""COW"":1,""SHEEP"":4}",5,14,11,11,0,0,0,33,139,266
93617038,1,192,193,8,1492.0,6,6,2,"{""COW"":6,""SHEEP"":4}",10,33,12,12,0,0,0,33,145,270
93617038,1,288,289,12,9560.0,8,8,3,"{""COW"":8,""SHEEP"":4}",12,61,16,16,12,6,0,35,168,228
93617038,1,384,385,16,18788.0,6,6,3,"{""COW"":8,""SHEEP"":4}",12,61,38,38,15,3,16,39,197,232
93617038,1,480,481,20,38893.0,7,7,3,"{""COW"":8,""SHEEP"":4}",12,61,44,44,15,8,4,42,14,235
93617038,1,576,577,24,48552.0,7,7,3,"{""COW"":8,""SHEEP"":4}",13,62,36,36,11,6,12,43,7,10
93617038,1,719,719,29,70917.0,10,10,3,"{""COW"":8,""SHEEP"":4}",13,0,7,7,0,0,0,21,16,25
93617930,0,0,1,0,3.0,4,4,1,{},0,0,14,14,0,0,0,30,128,256
93617930,0,24,25,1,8.0,1,1,1,"{""COW"":1,""SHEEP"":4}",5,10,0,0,0,0,0,28,132,260
93617930,0,96,97,4,500.0,3,3,1,"{""COW"":1,""SHEEP"":4}",5,14,11,11,0,0,0,33,139,266
93617930,0,192,193,8,588.0,6,6,2,"{""COW"":6,""SHEEP"":4}",10,32,12,12,0,0,0,36,145,270
93617930,0,288,289,12,6101.0,8,8,3,"{""COW"":8,""SHEEP"":4}",12,60,16,16,12,6,0,38,168,228
93617930,0,384,385,16,13932.0,6,6,3,"{""COW"":8,""SHEEP"":4}",12,60,38,38,16,3,16,42,197,232
93617930,0,480,481,20,29699.0,7,7,3,"{""COW"":8,""SHEEP"":4}",12,60,44,44,16,8,4,44,26,235
93617930,0,576,577,24,39259.0,7,7,3,"{""COW"":8,""SHEEP"":4}",13,62,36,36,11,6,12,47,9,10
93617930,0,719,719,29,61453.0,10,10,3,"{""COW"":8,""SHEEP"":4}",13,0,0,0,0,0,0,36,24,25
93617930,1,0,1,0,3.0,4,4,1,{},0,0,14,14,0,0,0,30,128,256
93617930,1,24,25,1,8.0,1,1,1,"{""COW"":1,""SHEEP"":4}",5,10,0,0,0,0,0,28,132,260
93617930,1,96,97,4,500.0,3,3,1,"{""COW"":1,""SHEEP"":4}",5,14,11,11,0,0,0,33,139,266
93617930,1,192,193,8,588.0,6,6,2,"{""COW"":6,""SHEEP"":4}",10,33,12,12,0,0,0,36,145,270
93617930,1,288,289,12,6101.0,8,8,3,"{""COW"":8,""SHEEP"":4}",12,61,16,16,12,6,0,38,168,228
93617930,1,384,385,16,13932.0,6,6,3,"{""COW"":8,""SHEEP"":4}",12,61,38,38,15,3,16,42,197,232
93617930,1,480,481,20,30375.0,7,7,3,"{""COW"":8,""SHEEP"":4}",12,61,44,44,15,8,4,44,26,235
93617930,1,576,577,24,39984.0,7,7,3,"{""COW"":8,""SHEEP"":4}",13,62,36,36,11,6,12,47,9,10
93617930,1,719,719,29,62728.0,10,10,3,"{""COW"":8,""SHEEP"":4}",13,0,7,7,0,0,0,36,24,25
93618579,0,0,1,0,13.0,5,5,1,{},1,0,5,5,0,0,0,29,128,256
93618579,0,24,25,1,13.0,0,0,1,"{""COW"":2,""SHEEP"":2}",4,19,3,0,0,0,0,28,132,260
93618579,0,96,97,4,148.0,5,5,1,"{""COW"":3,""SHEEP"":2}",5,19,6,6,0,0,0,32,139,266
93618579,0,192,193,8,501.0,5,5,2,"{""COW"":6,""SHEEP"":3}",10,30,10,9,0,0,0,34,159,270
93618579,0,288,289,12,14645.0,5,5,3,"{""COW"":10,""SHEEP"":4}",14,52,26,20,18,0,0,38,190,171
93618579,0,384,385,16,30668.0,5,5,3,"{""COW"":10,""SHEEP"":4}",14,56,41,36,0,0,8,40,221,178
93618579,0,480,481,20,57284.0,5,5,3,"{""COW"":10,""SHEEP"":4}",14,58,28,24,11,0,4,42,210,84
93618579,0,576,577,24,86030.0,5,5,3,"{""COW"":10,""SHEEP"":4}",14,53,24,20,4,2,4,43,161,13
93618579,0,719,719,29,115760.0,8,8,3,"{""COW"":10,""SHEEP"":4}",14,1,0,0,0,0,0,33,178,28
93618579,1,0,1,0,2.0,5,5,1,{},0,0,14,14,0,0,0,29,128,256
93618579,1,24,25,1,1.0,1,1,1,"{""COW"":1,""SHEEP"":4}",5,10,0,0,0,0,0,28,132,260
93618579,1,96,97,4,503.0,3,3,1,"{""COW"":1,""SHEEP"":4}",5,14,11,11,0,0,0,32,139,266
93618579,1,192,193,8,1445.0,6,6,2,"{""COW"":6,""SHEEP"":4}",10,33,12,12,0,0,0,34,159,270
93618579,1,288,289,12,9252.0,8,8,3,"{""COW"":8,""SHEEP"":4}",12,61,16,16,12,6,0,38,190,171
93618579,1,384,385,16,20653.0,6,6,3,"{""COW"":8,""SHEEP"":4}",12,61,38,38,15,3,16,40,221,178
93618579,1,480,481,20,54120.0,7,7,3,"{""COW"":8,""SHEEP"":4}",12,61,44,44,15,8,4,42,210,84
93618579,1,576,577,24,76574.0,7,7,3,"{""COW"":8,""SHEEP"":4}",13,62,36,36,11,6,12,43,161,13
93618579,1,719,719,29,114370.0,10,10,3,"{""COW"":8,""SHEEP"":4}",13,1,7,7,0,0,0,33,178,28
93618832,0,0,1,0,3.0,4,4,1,{},0,0,14,14,0,0,0,30,128,256
93618832,0,24,25,1,8.0,1,1,1,"{""COW"":1,""SHEEP"":4}",5,10,0,0,0,0,0,28,132,260
93618832,0,96,97,4,502.0,3,3,1,"{""COW"":1,""SHEEP"":4}",5,14,11,11,0,0,0,33,139,266
93618832,0,192,193,8,1438.0,6,6,2,"{""COW"":6,""SHEEP"":4}",10,33,12,12,0,0,0,34,145,270
93618832,0,288,289,12,9465.0,8,8,3,"{""COW"":8,""SHEEP"":4}",12,61,16,16,12,6,0,37,168,228
93618832,0,384,385,16,21877.0,6,6,3,"{""COW"":8,""SHEEP"":4}",12,61,38,38,15,3,16,40,185,232
93618832,0,480,481,20,40429.0,7,7,3,"{""COW"":8,""SHEEP"":4}",12,61,44,44,15,8,4,42,5,235
93618832,0,576,577,24,49761.0,7,7,3,"{""COW"":8,""SHEEP"":4}",13,62,36,36,11,6,12,42,7,10
93618832,0,719,719,29,71836.0,10,10,3,"{""COW"":8,""SHEEP"":4}",13,0,7,7,0,0,0,21,14,25
93618832,1,0,1,0,3.0,4,4,1,{},0,0,14,14,0,0,0,30,128,256
93618832,1,24,25,1,8.0,1,1,1,"{""COW"":1,""SHEEP"":4}",5,10,0,0,0,0,0,28,132,260
93618832,1,96,97,4,502.0,3,3,1,"{""COW"":1,""SHEEP"":4}",5,14,11,11,0,0,0,33,139,266
93618832,1,192,193,8,1438.0,6,6,2,"{""COW"":6,""SHEEP"":4}",10,33,12,12,0,0,0,34,145,270
93618832,1,288,289,12,9465.0,8,8,3,"{""COW"":8,""SHEEP"":4}",12,61,16,16,12,6,0,37,168,228
93618832,1,384,385,16,21851.0,6,6,3,"{""COW"":8,""SHEEP"":4}",12,61,38,38,15,3,16,40,185,232
93618832,1,480,481,20,40345.0,7,7,3,"{""COW"":8,""SHEEP"":4}",12,61,44,44,15,8,4,42,5,235
93618832,1,576,577,24,49628.0,7,7,3,"{""COW"":8,""SHEEP"":4}",13,61,36,36,11,6,12,42,7,10
93618832,1,719,719,29,71540.0,10,10,3,"{""COW"":8,""SHEEP"":4}",13,0,0,0,0,0,0,21,14,25
93619737,0,0,1,0,2.0,5,5,1,{},0,0,14,14,0,0,0,29,128,256
93619737,0,24,25,1,8.0,1,1,1,"{""COW"":1,""SHEEP"":4}",5,10,0,0,0,0,0,28,132,260
93619737,0,96,97,4,510.0,3,3,1,"{""COW"":1,""SHEEP"":4}",5,14,11,11,0,0,0,32,139,266
93619737,0,192,193,8,578.0,6,6,2,"{""COW"":6,""SHEEP"":4}",10,33,12,12,0,0,0,33,159,270
93619737,0,288,289,12,6644.0,8,8,3,"{""COW"":8,""SHEEP"":4}",12,61,16,16,12,6,0,36,190,171
93619737,0,384,385,16,15879.0,6,6,3,"{""COW"":8,""SHEEP"":4}",12,61,38,38,15,3,16,38,219,178
93619737,0,480,481,20,45135.0,7,7,3,"{""COW"":8,""SHEEP"":4}",12,61,44,44,15,8,4,38,202,84
93619737,0,576,577,24,69133.0,7,7,3,"{""COW"":8,""SHEEP"":4}",13,62,36,36,11,6,12,38,107,13
93619737,0,719,719,29,103982.0,10,10,3,"{""COW"":8,""SHEEP"":4}",13,0,7,7,0,0,0,21,84,28
93619737,1,0,1,0,13.0,5,5,1,{},1,0,5,5,0,0,0,29,128,256
93619737,1,24,25,1,16.0,0,0,1,"{""COW"":2,""SHEEP"":2}",4,19,3,0,0,0,0,28,132,260
93619737,1,96,97,4,131.0,5,5,1,"{""COW"":3,""SHEEP"":2}",5,19,6,6,0,0,0,32,139,266
93619737,1,192,193,8,194.0,5,5,2,"{""COW"":6,""SHEEP"":3}",10,30,10,9,0,0,0,33,159,270
93619737,1,288,289,12,14725.0,5,5,3,"{""COW"":8,""SHEEP"":6}",14,52,14,8,18,0,0,36,190,171
93619737,1,384,385,16,28698.0,5,5,3,"{""COW"":8,""SHEEP"":6}",14,60,27,21,0,1,8,38,219,178
93619737,1,480,481,20,53150.0,5,5,3,"{""COW"":8,""SHEEP"":6}",14,59,14,8,10,0,0,38,202,84
93619737,1,576,577,24,78978.0,5,5,3,"{""COW"":8,""SHEEP"":6}",14,54,14,8,2,18,0,38,107,13
93619737,1,719,719,29,108391.0,8,8,3,"{""COW"":8,""SHEEP"":6}",14,1,2,0,0,0,0,21,84,28
93620630,0,0,1,0,3.0,4,4,1,{},0,0,14,14,0,0,0,30,128,256
93620630,0,24,25,1,5.0,1,1,1,"{""COW"":1,""SHEEP"":4}",5,10,0,0,0,0,0,28,132,260
93620630,0,96,97,4,501.0,3,3,1,"{""COW"":1,""SHEEP"":4}",5,14,11,11,0,0,0,33,139,266
93620630,0,192,193,8,549.0,6,6,2,"{""COW"":6,""SHEEP"":4}",10,33,12,12,0,0,0,36,159,270
93620630,0,288,289,12,6152.0,8,8,3,"{""COW"":8,""SHEEP"":4}",12,61,16,16,12,6,0,39,179,229
93620630,0,384,385,16,18570.0,6,6,3,"{""COW"":8,""SHEEP"":4}",12,61,38,38,15,3,16,41,184,232
93620630,0,480,481,20,45585.0,7,7,3,"{""COW"":8,""SHEEP"":4}",12,61,44,44,15,8,4,43,5,235
93620630,0,576,577,24,62414.0,7,7,3,"{""COW"":8,""SHEEP"":4}",13,62,36,36,11,6,12,44,5,7
93620630,0,719,719,29,95958.0,10,10,3,"{""COW"":8,""SHEEP"":4}",13,0,7,7,0,0,0,23,16,22
93620630,1,0,1,0,43.0,4,4,1,{},0,0,11,11,0,0,0,30,128,256
93620630,1,24,25,1,9.0,1,1,1,"{""COW"":1,""SHEEP"":4}",5,10,0,0,0,0,0,28,132,260
93620630,1,96,97,4,626.0,3,3,1,"{""COW"":1,""SHEEP"":4}",5,14,7,7,0,0,0,33,139,266
93620630,1,192,193,8,232.0,6,6,2,"{""COW"":6,""SHEEP"":4}",10,33,18,18,0,0,0,36,159,270
93620630,1,288,289,12,6524.0,8,8,3,"{""COW"":8,""SHEEP"":4}",12,63,27,27,5,3,0,39,179,229
93620630,1,384,385,16,23668.0,6,6,3,"{""COW"":8,""SHEEP"":4}",12,63,39,39,13,0,0,41,184,232
93620630,1,480,481,20,44944.0,7,7,3,"{""COW"":8,""SHEEP"":4}",12,63,33,33,12,0,0,43,5,235
93620630,1,576,577,24,62859.0,6,6,3,"{""COW"":9,""SHEEP"":5}",14,58,23,23,5,9,0,44,5,7
93620630,1,719,719,29,94019.0,9,9,3,"{""COW"":9,""SHEEP"":5}",15,2,0,0,0,0,0,23,16,22
93621531,0,0,1,0,3.0,4,4,1,{},0,0,14,14,0,0,0,30,128,256
93621531,0,24,25,1,8.0,1,1,1,"{""COW"":1,""SHEEP"":4}",5,10,0,0,0,0,0,28,132,260
93621531,0,96,97,4,500.0,3,3,1,"{""COW"":1,""SHEEP"":4}",5,14,11,11,0,0,0,33,139,266
93621531,0,192,193,8,594.0,6,6,2,"{""COW"":6,""SHEEP"":4}",10,33,12,12,0,0,0,35,159,270
93621531,0,288,289,12,6791.0,8,8,3,"{""COW"":7,""SHEEP"":4}",11,61,17,17,11,3,0,38,190,228
93621531,0,384,385,16,17410.0,6,6,3,"{""COW"":7,""SHEEP"":4}",11,61,40,40,13,3,16,41,222,232
93621531,0,480,481,20,45503.0,7,7,3,"{""COW"":7,""SHEEP"":4}",11,61,46,46,12,8,4,44,194,235
93621531,0,576,577,24,78541.0,7,7,3,"{""COW"":8,""SHEEP"":4}",12,62,40,40,11,6,0,47,160,10
93621531,0,719,719,29,125640.0,10,10,3,"{""COW"":8,""SHEEP"":4}",12,0,0,0,0,0,0,34,184,25
93621531,1,0,1,0,3.0,4,4,1,{},0,0,14,14,0,0,0,30,128,256
93621531,1,24,25,1,8.0,1,1,1,"{""COW"":1,""SHEEP"":4}",5,10,0,0,0,0,0,28,132,260
93621531,1,96,97,4,500.0,3,3,1,"{""COW"":1,""SHEEP"":4}",5,14,11,11,0,0,0,33,139,266
93621531,1,192,193,8,594.0,6,6,2,"{""COW"":6,""SHEEP"":4}",10,33,12,12,0,0,0,35,159,270
93621531,1,288,289,12,6238.0,8,8,3,"{""COW"":8,""SHEEP"":4}",12,61,16,16,12,6,0,38,190,228
93621531,1,384,385,16,16362.0,6,6,3,"{""COW"":8,""SHEEP"":4}",12,61,38,38,15,3,16,41,222,232
93621531,1,480,481,20,48736.0,7,7,3,"{""COW"":8,""SHEEP"":4}",12,61,44,44,15,8,4,44,194,235
93621531,1,576,577,24,83307.0,7,7,3,"{""COW"":8,""SHEEP"":4}",13,62,36,36,11,6,12,47,160,10
93621531,1,719,719,29,130097.0,10,10,3,"{""COW"":8,""SHEEP"":4}",13,0,7,7,0,0,0,34,184,25
93622426,0,0,1,0,3.0,4,4,1,{},0,0,14,14,0,0,0,30,128,256
93622426,0,24,25,1,18.0,1,1,1,"{""COW"":1,""SHEEP"":4}",5,9,0,0,0,0,0,28,132,260
93622426,0,96,97,4,668.0,3,3,1,"{""COW"":1,""SHEEP"":4}",5,13,6,6,0,0,0,32,139,266
93622426,0,192,193,8,634.0,6,6,2,"{""COW"":6,""SHEEP"":4}",10,32,11,11,0,0,0,34,159,270
93622426,0,288,289,12,6591.0,8,8,3,"{""COW"":8,""SHEEP"":4}",12,62,19,19,15,0,0,37,190,228
93622426,0,384,385,16,19226.0,6,6,3,"{""COW"":8,""SHEEP"":4}",12,62,19,19,15,0,8,38,214,232
93622426,0,480,481,20,39562.0,7,7,3,"{""COW"":8,""SHEEP"":4}",12,62,23,23,21,0,0,40,169,235
93622426,0,576,577,24,59605.0,7,7,3,"{""COW"":9,""SHEEP"":4}",13,62,26,26,15,0,0,41,12,4
93622426,0,719,719,29,82479.0,10,10,3,"{""COW"":9,""SHEEP"":4}",13,1,0,0,0,0,0,21,80,19
93622426,1,0,1,0,3.0,4,4,1,{},0,0,14,14,0,0,0,30,128,256
93622426,1,24,25,1,8.0,1,1,1,"{""COW"":1,""SHEEP"":4}",5,10,0,0,0,0,0,28,132,260
93622426,1,96,97,4,505.0,3,3,1,"{""COW"":1,""SHEEP"":4}",5,14,11,11,0,0,0,32,139,266
93622426,1,192,193,8,561.0,6,6,2,"{""COW"":6,""SHEEP"":4}",10,33,12,12,0,0,0,34,159,270
93622426,1,288,289,12,6070.0,8,8,3,"{""COW"":8,""SHEEP"":4}",12,61,16,16,12,6,0,37,190,228
93622426,1,384,385,16,14740.0,6,6,3,"{""COW"":8,""SHEEP"":4}",12,61,38,38,15,3,16,38,214,232
93622426,1,480,481,20,40669.0,7,7,3,"{""COW"":8,""SHEEP"":4}",12,61,44,44,15,8,4,40,169,235
93622426,1,576,577,24,60802.0,7,7,3,"{""COW"":8,""SHEEP"":4}",13,62,36,36,11,6,12,41,12,4
93622426,1,719,719,29,88162.0,10,10,3,"{""COW"":8,""SHEEP"":4}",13,0,7,7,0,0,0,21,80,19
93623325,0,0,1,0,3.0,4,4,1,{},0,0,14,14,0,0,0,30,128,256
93623325,0,24,25,1,8.0,1,1,1,"{""COW"":1,""SHEEP"":4}",5,10,0,0,0,0,0,28,132,260
93623325,0,96,97,4,500.0,3,3,1,"{""COW"":1,""SHEEP"":4}",5,14,11,11,0,0,0,33,139,266
93623325,0,192,193,8,588.0,6,6,2,"{""COW"":6,""SHEEP"":4}",10,32,12,12,0,0,0,36,145,270
93623325,0,288,289,12,6946.0,8,8,3,"{""COW"":8,""SHEEP"":4}",12,60,16,16,12,6,0,38,151,228
93623325,0,384,385,16,19501.0,6,6,3,"{""COW"":8,""SHEEP"":4}",12,60,38,38,15,3,16,42,174,232
93623325,0,480,481,20,41100.0,7,7,3,"{""COW"":8,""SHEEP"":4}",12,60,44,44,15,8,4,45,5,235
93623325,0,576,577,24,55952.0,7,7,3,"{""COW"":8,""SHEEP"":4}",13,62,36,36,11,6,12,47,5,10
93623325,0,719,719,29,87756.0,10,10,3,"{""COW"":8,""SHEEP"":4}",13,0,0,0,0,0,0,38,9,25
93623325,1,0,1,0,3.0,4,4,1,{},0,0,14,14,0,0,0,30,128,256
93623325,1,24,25,1,8.0,1,1,1,"{""COW"":1,""SHEEP"":4}",5,10,0,0,0,0,0,28,132,260
93623325,1,96,97,4,500.0,3,3,1,"{""COW"":1,""SHEEP"":4}",5,14,11,11,0,0,0,33,139,266
93623325,1,192,193,8,588.0,6,6,2,"{""COW"":6,""SHEEP"":4}",10,33,12,12,0,0,0,36,145,270
93623325,1,288,289,12,6946.0,8,8,3,"{""COW"":8,""SHEEP"":4}",12,61,16,16,12,6,0,38,151,228
93623325,1,384,385,16,19501.0,6,6,3,"{""COW"":8,""SHEEP"":4}",12,61,38,38,15,3,16,42,174,232
93623325,1,480,481,20,41205.0,7,7,3,"{""COW"":8,""SHEEP"":4}",12,61,44,44,15,8,4,45,5,235
93623325,1,576,577,24,56019.0,7,7,3,"{""COW"":8,""SHEEP"":4}",13,62,36,36,11,6,12,47,5,10
93623325,1,719,719,29,88027.0,10,10,3,"{""COW"":8,""SHEEP"":4}",13,0,7,7,0,0,0,38,9,25
93624181,0,0,1,0,3.0,4,4,1,{},0,0,14,14,0,0,0,30,128,256
93624181,0,24,25,1,8.0,1,1,1,"{""COW"":1,""SHEEP"":4}",5,10,0,0,0,0,0,28,132,260
93624181,0,96,97,4,502.0,3,3,1,"{""COW"":1,""SHEEP"":4}",5,14,11,11,0,0,0,33,149,266
93624181,0,192,193,8,563.0,6,6,2,"{""COW"":6,""SHEEP"":4}",10,33,12,12,0,0,0,34,173,270
93624181,0,288,289,12,6186.0,8,8,3,"{""COW"":8,""SHEEP"":4}",12,61,16,16,12,6,0,36,199,228
93624181,0,384,385,16,16072.0,6,6,3,"{""COW"":8,""SHEEP"":4}",12,61,38,38,15,3,16,40,230,232
93624181,0,480,481,20,47371.0,7,7,3,"{""COW"":8,""SHEEP"":4}",12,61,44,44,15,8,4,42,195,235
93624181,0,576,577,24,75190.0,7,7,3,"{""COW"":8,""SHEEP"":4}",13,62,36,36,11,6,12,44,85,10
93624181,0,719,719,29,94761.0,10,10,3,"{""COW"":8,""SHEEP"":4}",13,0,0,0,0,0,0,22,85,25
93624181,1,0,1,0,3.0,4,4,1,{},0,0,14,14,0,0,0,30,128,256
93624181,1,24,25,1,8.0,1,1,1,"{""COW"":1,""SHEEP"":4}",5,10,0,0,0,0,0,28,132,260
93624181,1,96,97,4,502.0,3,3,1,"{""COW"":1,""SHEEP"":4}",5,14,11,11,0,0,0,33,149,266
93624181,1,192,193,8,563.0,6,6,2,"{""COW"":6,""SHEEP"":4}",10,33,12,12,0,0,0,34,173,270
93624181,1,288,289,12,6192.0,8,8,3,"{""COW"":8,""SHEEP"":4}",12,61,16,16,12,6,0,36,199,228
93624181,1,384,385,16,16078.0,6,6,3,"{""COW"":8,""SHEEP"":4}",12,61,38,38,15,3,16,40,230,232
93624181,1,480,481,20,47386.0,7,7,3,"{""COW"":8,""SHEEP"":4}",12,61,44,44,15,8,4,42,195,235
93624181,1,576,577,24,75175.0,7,7,3,"{""COW"":8,""SHEEP"":4}",13,62,36,36,11,6,12,44,85,10
93624181,1,719,719,29,95658.0,10,10,3,"{""COW"":8,""SHEEP"":4}",13,0,7,7,0,0,0,22,85,25
93624235,0,0,1,0,3.0,5,5,1,{},0,0,14,14,0,0,0,29,128,256
93624235,0,24,25,1,2.0,1,1,1,"{""COW"":1,""SHEEP"":4}",5,10,0,0,0,0,0,28,132,260
93624235,0,96,97,4,498.0,3,3,1,"{""COW"":1,""SHEEP"":4}",5,14,11,11,0,0,0,33,139,266
93624235,0,192,193,8,920.0,6,6,2,"{""COW"":6,""SHEEP"":4}",10,33,12,12,0,0,0,35,145,270
93624235,0,288,289,12,8581.0,8,8,3,"{""COW"":8,""SHEEP"":4}",12,61,16,16,12,6,0,37,168,233
93624235,0,384,385,16,19888.0,6,6,3,"{""COW"":8,""SHEEP"":4}",12,61,38,38,15,3,16,40,188,236
93624235,0,480,481,20,41311.0,7,7,3,"{""COW"":8,""SHEEP"":4}",12,61,44,44,15,8,4,41,14,239
93624235,0,576,577,24,52242.0,7,7,3,"{""COW"":8,""SHEEP"":4}",13,62,36,36,11,6,12,42,9,10
93624235,0,719,719,29,75179.0,10,10,3,"{""COW"":8,""SHEEP"":4}",13,0,7,7,0,0,0,21,12,25
93624235,1,0,1,0,7.0,4,4,1,{},0,0,5,5,0,0,0,29,128,256
93624235,1,24,25,1,6.0,1,1,1,"{""COW"":1,""SHEEP"":4}",5,9,0,0,0,0,0,28,132,260
93624235,1,96,97,4,181.0,3,3,1,"{""COW"":1,""SHEEP"":4}",5,13,6,6,5,0,0,33,139,266
93624235,1,192,193,8,1042.0,6,6,2,"{""COW"":6,""SHEEP"":4}",10,31,14,14,0,0,0,35,145,270
93624235,1,288,289,12,7109.0,8,8,3,"{""COW"":8,""SHEEP"":4}",12,58,18,18,5,3,5,37,168,233
93624235,1,384,385,16,23368.0,6,6,3,"{""COW"":8,""SHEEP"":4}",12,59,38,36,13,0,8,40,188,236
93624235,1,480,481,20,36066.0,7,7,3,"{""COW"":8,""SHEEP"":4}",12,57,30,30,13,2,18,41,14,239
93624235,1,576,577,24,52723.0,7,7,3,"{""COW"":9,""SHEEP"":4}",13,61,17,17,5,28,0,42,9,10
93624235,1,719,719,29,70758.0,10,10,3,"{""COW"":8,""SHEEP"":2}",13,0,0,0,0,0,0,21,12,25
93625145,0,0,1,0,3.0,4,4,1,{},0,0,14,14,0,0,0,30,128,256
93625145,0,24,25,1,8.0,1,1,1,"{""COW"":1,""SHEEP"":4}",5,10,0,0,0,0,0,28,132,260
93625145,0,96,97,4,500.0,3,3,1,"{""COW"":1,""SHEEP"":4}",5,14,11,11,0,0,0,33,139,266
93625145,0,192,193,8,588.0,6,6,2,"{""COW"":6,""SHEEP"":4}",10,33,12,12,0,0,0,36,145,270
93625145,0,288,289,12,6197.0,8,8,3,"{""COW"":8,""SHEEP"":4}",12,61,16,16,12,6,0,39,151,228
93625145,0,384,385,16,16429.0,6,6,3,"{""COW"":8,""SHEEP"":4}",12,61,38,38,15,3,16,42,174,232
93625145,0,480,481,20,35637.0,7,7,3,"{""COW"":8,""SHEEP"":4}",12,61,44,44,15,8,4,44,5,235
93625145,0,576,577,24,53300.0,7,7,3,"{""COW"":8,""SHEEP"":4}",13,62,36,36,11,6,12,46,7,10
93625145,0,719,719,29,90429.0,10,10,3,"{""COW"":8,""SHEEP"":4}",13,0,0,0,0,0,0,33,14,25
93625145,1,0,1,0,3.0,4,4,1,{},0,0,14,14,0,0,0,30,128,256
93625145,1,24,25,1,8.0,1,1,1,"{""COW"":1,""SHEEP"":4}",5,10,0,0,0,0,0,28,132,260
93625145,1,96,97,4,500.0,3,3,1,"{""COW"":1,""SHEEP"":4}",5,14,11,11,0,0,0,33,139,266
93625145,1,192,193,8,588.0,6,6,2,"{""COW"":6,""SHEEP"":4}",10,33,12,12,0,0,0,36,145,270
93625145,1,288,289,12,6197.0,8,8,3,"{""COW"":8,""SHEEP"":4}",12,61,16,16,12,6,0,39,151,228
93625145,1,384,385,16,16429.0,6,6,3,"{""COW"":8,""SHEEP"":4}",12,61,38,38,15,3,16,42,174,232
93625145,1,480,481,20,35661.0,7,7,3,"{""COW"":8,""SHEEP"":4}",12,61,44,44,15,8,4,44,5,235
93625145,1,576,577,24,53396.0,7,7,3,"{""COW"":8,""SHEEP"":4}",13,62,36,36,11,6,12,46,7,10
93625145,1,719,719,29,90926.0,10,10,3,"{""COW"":8,""SHEEP"":4}",13,0,7,7,0,0,0,33,14,25
93626043,0,0,1,0,3.0,4,4,1,{},0,0,14,14,0,0,0,30,128,256
93626043,0,24,25,1,8.0,1,1,1,"{""COW"":1,""SHEEP"":4}",5,10,0,0,0,0,0,28,132,260
93626043,0,96,97,4,500.0,3,3,1,"{""COW"":1,""SHEEP"":4}",5,14,11,11,0,0,0,33,139,266
93626043,0,192,193,8,588.0,6,6,2,"{""COW"":6,""SHEEP"":4}",10,33,12,12,0,0,0,36,145,270
93626043,0,288,289,12,6188.0,8,8,3,"{""COW"":8,""SHEEP"":4}",12,61,16,16,12,6,0,39,168,228
93626043,0,384,385,16,15670.0,6,6,3,"{""COW"":8,""SHEEP"":4}",12,61,38,38,15,3,16,43,201,232
93626043,0,480,481,20,41245.0,7,7,3,"{""COW"":8,""SHEEP"":4}",12,61,44,44,15,8,4,46,74,235
93626043,0,576,577,24,56807.0,7,7,3,"{""COW"":8,""SHEEP"":4}",13,62,36,36,11,6,12,48,12,10
93626043,0,719,719,29,84992.0,10,10,3,"{""COW"":8,""SHEEP"":4}",13,0,0,0,0,0,0,40,85,25
93626043,1,0,1,0,3.0,4,4,1,{},0,0,14,14,0,0,0,30,128,256
93626043,1,24,25,1,8.0,1,1,1,"{""COW"":1,""SHEEP"":4}",5,10,0,0,0,0,0,28,132,260
93626043,1,96,97,4,500.0,3,3,1,"{""COW"":1,""SHEEP"":4}",5,14,11,11,0,0,0,33,139,266
93626043,1,192,193,8,588.0,6,6,2,"{""COW"":6,""SHEEP"":4}",10,33,12,12,0,0,0,36,145,270
93626043,1,288,289,12,6188.0,8,8,3,"{""COW"":8,""SHEEP"":4}",12,61,16,16,12,6,0,39,168,228
93626043,1,384,385,16,15670.0,6,6,3,"{""COW"":8,""SHEEP"":4}",12,61,38,38,15,3,16,43,201,232
93626043,1,480,481,20,41260.0,7,7,3,"{""COW"":8,""SHEEP"":4}",12,61,44,44,15,8,4,46,74,235
93626043,1,576,577,24,56824.0,7,7,3,"{""COW"":8,""SHEEP"":4}",13,62,36,36,11,6,12,48,12,10
93626043,1,719,719,29,85821.0,10,10,3,"{""COW"":8,""SHEEP"":4}",13,0,7,7,0,0,0,40,85,25
93626950,0,0,1,0,2.0,5,5,1,{},0,0,14,14,0,0,0,29,128,256
93626950,0,24,25,1,8.0,1,1,1,"{""COW"":1,""SHEEP"":4}",5,10,0,0,0,0,0,28,132,260
93626950,0,96,97,4,508.0,3,3,1,"{""COW"":1,""SHEEP"":4}",5,14,11,11,0,0,0,33,139,266
93626950,0,192,193,8,561.0,6,6,2,"{""COW"":6,""SHEEP"":4}",10,33,12,12,0,0,0,35,145,270
93626950,0,288,289,12,6589.0,8,8,3,"{""COW"":8,""SHEEP"":4}",12,61,16,16,12,6,0,40,168,171
93626950,0,384,385,16,15211.0,6,6,3,"{""COW"":8,""SHEEP"":4}",12,61,38,38,15,3,16,43,194,178
93626950,0,480,481,20,38760.0,7,7,3,"{""COW"":8,""SHEEP"":4}",12,61,44,44,15,8,4,45,116,84
93626950,0,576,577,24,43878.0,7,7,3,"{""COW"":8,""SHEEP"":4}",13,62,36,36,11,6,12,45,7,13
93626950,0,719,719,29,67079.0,10,10,3,"{""COW"":8,""SHEEP"":4}",13,0,7,7,0,0,0,37,16,28
93626950,1,0,1,0,13.0,5,5,1,{},1,0,5,5,0,0,0,29,128,256
93626950,1,24,25,1,16.0,0,0,1,"{""COW"":2,""SHEEP"":2}",4,19,3,0,0,0,0,28,132,260
93626950,1,96,97,4,131.0,5,5,1,"{""COW"":3,""SHEEP"":2}",5,19,6,6,0,0,0,33,139,266
93626950,1,192,193,8,173.0,5,5,2,"{""COW"":6,""SHEEP"":3}",10,30,10,9,0,0,0,35,145,270
93626950,1,288,289,12,14618.0,5,5,3,"{""COW"":10,""SHEEP"":4}",14,52,14,8,18,0,0,40,168,171
93626950,1,384,385,16,27911.0,5,5,3,"{""COW"":10,""SHEEP"":4}",14,56,30,24,0,0,8,43,194,178
93626950,1,480,481,20,47183.0,5,5,3,"{""COW"":10,""SHEEP"":4}",14,59,25,19,11,5,4,45,116,84
93626950,1,576,577,24,55963.0,5,5,3,"{""COW"":10,""SHEEP"":4}",14,53,29,23,4,16,4,45,7,13
93626950,1,719,719,29,71631.0,8,8,3,"{""COW"":10,""SHEEP"":4}",14,1,0,0,0,0,0,37,16,28
93628819,0,0,1,0,3.0,4,4,1,{},0,0,14,14,0,0,0,30,128,256
93628819,0,24,25,1,8.0,1,1,1,"{""COW"":1,""SHEEP"":4}",5,10,0,0,0,0,0,28,132,260
93628819,0,96,97,4,500.0,3,3,1,"{""COW"":1,""SHEEP"":4}",5,14,11,11,0,0,0,33,149,266
93628819,0,192,193,8,588.0,6,6,2,"{""COW"":6,""SHEEP"":4}",10,33,12,12,0,0,0,36,181,270
93628819,0,288,289,12,6099.0,8,8,3,"{""COW"":8,""SHEEP"":4}",12,61,16,16,12,6,0,39,206,228
93628819,0,384,385,16,14672.0,6,6,3,"{""COW"":8,""SHEEP"":4}",12,61,38,38,15,3,16,42,233,232
93628819,0,480,481,20,41055.0,7,7,3,"{""COW"":8,""SHEEP"":4}",12,61,44,44,15,8,4,45,195,235
93628819,0,576,577,24,65596.0,7,7,3,"{""COW"":8,""SHEEP"":4}",13,62,36,36,11,6,12,47,84,10
93628819,0,719,719,29,86679.0,10,10,3,"{""COW"":8,""SHEEP"":4}",13,0,0,0,0,0,0,32,55,25
93628819,1,0,1,0,3.0,4,4,1,{},0,0,14,14,0,0,0,30,128,256
93628819,1,24,25,1,8.0,1,1,1,"{""COW"":1,""SHEEP"":4}",5,10,0,0,0,0,0,28,132,260
93628819,1,96,97,4,500.0,3,3,1,"{""COW"":1,""SHEEP"":4}",5,14,11,11,0,0,0,33,149,266
93628819,1,192,193,8,588.0,6,6,2,"{""COW"":6,""SHEEP"":4}",10,33,12,12,0,0,0,36,181,270
93628819,1,288,289,12,6099.0,8,8,3,"{""COW"":8,""SHEEP"":4}",12,61,16,16,12,6,0,39,206,228
93628819,1,384,385,16,14672.0,6,6,3,"{""COW"":8,""SHEEP"":4}",12,61,38,38,15,3,16,42,233,232
93628819,1,480,481,20,41070.0,7,7,3,"{""COW"":8,""SHEEP"":4}",12,61,44,44,15,8,4,45,195,235
93628819,1,576,577,24,65597.0,7,7,3,"{""COW"":8,""SHEEP"":4}",13,62,36,36,11,6,12,47,84,10
93628819,1,719,719,29,88268.0,10,10,3,"{""COW"":8,""SHEEP"":4}",13,0,7,7,0,0,0,32,55,25
93634153,0,0,1,0,3.0,4,4,1,{},0,0,14,14,0,0,0,30,128,256
93634153,0,24,25,1,8.0,1,1,1,"{""COW"":1,""SHEEP"":4}",5,10,0,0,0,0,0,28,132,260
93634153,0,96,97,4,500.0,3,3,1,"{""COW"":1,""SHEEP"":4}",5,14,11,11,0,0,0,33,139,266
93634153,0,192,193,8,594.0,6,6,2,"{""COW"":6,""SHEEP"":4}",10,32,12,12,0,0,0,35,145,270
93634153,0,288,289,12,6205.0,8,8,3,"{""COW"":8,""SHEEP"":4}",12,60,16,16,12,6,0,38,168,228
93634153,0,384,385,16,15327.0,6,6,3,"{""COW"":8,""SHEEP"":4}",12,60,38,38,16,3,16,41,197,232
93634153,0,480,481,20,34638.0,7,7,3,"{""COW"":8,""SHEEP"":4}",12,60,44,44,16,8,4,44,51,235
93634153,0,576,577,24,43839.0,7,7,3,"{""COW"":8,""SHEEP"":4}",13,62,36,36,11,6,12,46,12,10
93634153,0,719,719,29,59798.0,10,10,3,"{""COW"":8,""SHEEP"":4}",13,0,0,0,0,0,0,35,85,25
93634153,1,0,1,0,3.0,4,4,1,{},0,0,14,14,0,0,0,30,128,256
93634153,1,24,25,1,8.0,1,1,1,"{""COW"":1,""SHEEP"":4}",5,10,0,0,0,0,0,28,132,260
93634153,1,96,97,4,500.0,3,3,1,"{""COW"":1,""SHEEP"":4}",5,14,11,11,0,0,0,33,139,266
93634153,1,192,193,8,594.0,6,6,2,"{""COW"":6,""SHEEP"":4}",10,33,12,12,0,0,0,35,145,270
93634153,1,288,289,12,6205.0,8,8,3,"{""COW"":8,""SHEEP"":4}",12,61,16,16,12,6,0,38,168,228
93634153,1,384,385,16,15327.0,6,6,3,"{""COW"":8,""SHEEP"":4}",12,61,38,38,15,3,16,41,197,232
93634153,1,480,481,20,35362.0,7,7,3,"{""COW"":8,""SHEEP"":4}",12,61,44,44,15,8,4,44,51,235
93634153,1,576,577,24,44612.0,7,7,3,"{""COW"":8,""SHEEP"":4}",13,62,36,36,11,6,12,46,12,10
93634153,1,719,719,29,61102.0,10,10,3,"{""COW"":8,""SHEEP"":4}",13,0,7,7,0,0,0,35,85,25
93642255,0,0,1,0,3.0,4,4,1,{},0,0,14,14,0,0,0,30,128,256
93642255,0,24,25,1,8.0,1,1,1,"{""COW"":1,""SHEEP"":4}",5,10,0,0,0,0,0,28,132,260
93642255,0,96,97,4,500.0,3,3,1,"{""COW"":1,""SHEEP"":4}",5,14,11,11,0,0,0,33,139,266
93642255,0,192,193,8,588.0,6,6,2,"{""COW"":6,""SHEEP"":4}",10,33,12,12,0,0,0,36,159,270
93642255,0,288,289,12,7422.0,8,8,3,"{""COW"":8,""SHEEP"":4}",12,61,16,16,12,3,0,38,180,228
93642255,0,384,385,16,16759.0,6,6,3,"{""COW"":8,""SHEEP"":4}",12,61,38,38,15,3,16,42,206,232
93642255,0,480,481,20,38198.0,7,7,3,"{""COW"":8,""SHEEP"":4}",12,61,44,44,15,8,4,45,108,235
93642255,0,576,577,24,54354.0,7,7,3,"{""COW"":8,""SHEEP"":4}",13,62,36,36,11,6,0,47,11,10
93642255,0,719,719,29,76712.0,10,10,3,"{""COW"":8,""SHEEP"":4}",13,0,0,0,0,0,0,38,76,25
93642255,1,0,1,0,3.0,4,4,1,{},0,0,14,14,0,0,0,30,128,256
93642255,1,24,25,1,8.0,1,1,1,"{""COW"":1,""SHEEP"":4}",5,10,0,0,0,0,0,28,132,260
93642255,1,96,97,4,500.0,3,3,1,"{""COW"":1,""SHEEP"":4}",5,14,11,11,0,0,0,33,139,266
93642255,1,192,193,8,588.0,6,6,2,"{""COW"":6,""SHEEP"":4}",10,33,12,12,0,0,0,36,159,270
93642255,1,288,289,12,6845.0,8,8,3,"{""COW"":8,""SHEEP"":4}",12,61,16,16,12,6,0,38,180,228
93642255,1,384,385,16,15059.0,6,6,3,"{""COW"":8,""SHEEP"":4}",12,61,38,38,15,3,16,42,206,232
93642255,1,480,481,20,37237.0,7,7,3,"{""COW"":8,""SHEEP"":4}",12,61,44,44,15,8,4,45,108,235
93642255,1,576,577,24,50559.0,7,7,3,"{""COW"":8,""SHEEP"":4}",13,62,36,36,11,6,12,47,11,10
93642255,1,719,719,29,75328.0,10,10,3,"{""COW"":8,""SHEEP"":4}",13,0,7,7,0,0,0,38,76,25
93652135,0,0,1,0,3.0,4,4,1,{},0,0,14,14,0,0,0,30,128,256
93652135,0,24,25,1,8.0,1,1,1,"{""COW"":1,""SHEEP"":4}",5,10,0,0,0,0,0,28,132,260
93652135,0,96,97,4,502.0,3,3,1,"{""COW"":1,""SHEEP"":4}",5,14,11,11,0,0,0,33,139,266
93652135,0,192,193,8,1438.0,6,6,2,"{""COW"":6,""SHEEP"":4}",10,33,12,12,0,0,0,34,159,270
93652135,0,288,289,12,8937.0,8,8,3,"{""COW"":8,""SHEEP"":4}",12,61,16,16,12,6,0,37,190,228
93652135,0,384,385,16,19073.0,6,6,3,"{""COW"":8,""SHEEP"":4}",12,61,38,38,15,3,16,40,221,232
93652135,0,480,481,20,45730.0,7,7,3,"{""COW"":8,""SHEEP"":4}",12,61,44,44,15,8,4,43,175,235
93652135,0,576,577,24,65728.0,7,7,3,"{""COW"":8,""SHEEP"":4}",13,62,36,36,11,6,12,45,14,10
93652135,0,719,719,29,91410.0,10,10,3,"{""COW"":8,""SHEEP"":4}",13,0,0,0,0,0,0,31,53,25
93652135,1,0,1,0,3.0,4,4,1,{},0,0,14,14,0,0,0,30,128,256
93652135,1,24,25,1,8.0,1,1,1,"{""COW"":1,""SHEEP"":4}",5,10,0,0,0,0,0,28,132,260
93652135,1,96,97,4,502.0,3,3,1,"{""COW"":1,""SHEEP"":4}",5,14,11,11,0,0,0,33,139,266
93652135,1,192,193,8,1438.0,6,6,2,"{""COW"":6,""SHEEP"":4}",10,33,12,12,0,0,0,34,159,270
93652135,1,288,289,12,9393.0,8,8,3,"{""COW"":8,""SHEEP"":4}",12,61,16,16,12,6,0,37,190,228
93652135,1,384,385,16,19597.0,6,6,3,"{""COW"":8,""SHEEP"":4}",12,61,38,38,15,3,16,40,221,232
93652135,1,480,481,20,46269.0,7,7,3,"{""COW"":8,""SHEEP"":4}",12,61,44,44,15,8,4,43,175,235
93652135,1,576,577,24,66332.0,7,7,3,"{""COW"":8,""SHEEP"":4}",13,62,36,36,11,6,12,45,14,10
93652135,1,719,719,29,92721.0,10,10,3,"{""COW"":8,""SHEEP"":4}",13,0,7,7,0,0,0,31,53,25
93657544,0,0,1,0,2.0,5,5,1,{},0,0,14,14,0,0,0,29,128,256
93657544,0,24,25,1,8.0,1,1,1,"{""COW"":1,""SHEEP"":4}",5,10,0,0,0,0,0,28,132,260
93657544,0,96,97,4,510.0,3,3,1,"{""COW"":1,""SHEEP"":4}",5,14,11,11,0,0,0,32,149,266
93657544,0,192,193,8,569.0,6,6,2,"{""COW"":6,""SHEEP"":4}",10,33,12,12,0,0,0,34,173,270
93657544,0,288,289,12,6650.0,8,8,3,"{""COW"":8,""SHEEP"":4}",12,61,16,16,12,6,0,38,190,171
93657544,0,384,385,16,15846.0,6,6,3,"{""COW"":8,""SHEEP"":4}",12,61,38,38,15,3,16,41,212,178
93657544,0,480,481,20,44450.0,7,7,3,"{""COW"":8,""SHEEP"":4}",12,61,44,44,15,8,4,44,178,84
93657544,0,576,577,24,62395.0,7,7,3,"{""COW"":8,""SHEEP"":4}",13,62,36,36,11,6,12,45,11,13
93657544,0,719,719,29,92183.0,10,10,3,"{""COW"":8,""SHEEP"":4}",13,0,7,7,0,0,0,40,45,28
93657544,1,0,1,0,13.0,5,5,1,{},1,0,5,5,0,0,0,29,128,256
93657544,1,24,25,1,16.0,0,0,1,"{""COW"":2,""SHEEP"":2}",4,19,3,0,0,0,0,28,132,260
93657544,1,96,97,4,131.0,5,5,1,"{""COW"":3,""SHEEP"":2}",5,19,6,6,0,0,0,32,149,266
93657544,1,192,193,8,230.0,5,5,2,"{""COW"":6,""SHEEP"":3}",10,30,10,9,0,0,0,34,173,270
93657544,1,288,289,12,14054.0,5,5,3,"{""COW"":8,""SHEEP"":6}",14,54,22,16,20,2,0,38,190,171
93657544,1,384,385,16,27304.0,5,5,3,"{""COW"":8,""SHEEP"":6}",14,54,31,25,0,0,8,41,212,178
93657544,1,480,481,20,51348.0,5,5,3,"{""COW"":8,""SHEEP"":6}",14,57,32,26,11,0,16,44,178,84
93657544,1,576,577,24,72521.0,5,5,3,"{""COW"":8,""SHEEP"":6}",14,51,8,2,4,0,9,45,11,13
93657544,1,719,719,29,89551.0,8,8,3,"{""COW"":7,""SHEEP"":6}",14,1,2,0,0,0,0,40,45,28
93666533,0,0,1,0,3.0,4,4,1,{},0,0,14,14,0,0,0,30,128,256
93666533,0,24,25,1,8.0,1,1,1,"{""COW"":1,""SHEEP"":4}",5,10,0,0,0,0,0,28,132,260
93666533,0,96,97,4,500.0,3,3,1,"{""COW"":1,""SHEEP"":4}",5,14,11,11,0,0,0,33,139,266
93666533,0,192,193,8,346.0,6,6,2,"{""COW"":6,""SHEEP"":4}",10,32,12,12,0,0,0,36,145,270
93666533,0,288,289,12,6777.0,8,8,3,"{""COW"":8,""SHEEP"":4}",12,54,16,16,12,6,0,38,150,228
93666533,0,384,385,16,17634.0,6,6,3,"{""COW"":8,""SHEEP"":4}",12,60,34,34,15,2,12,42,156,232
93666533,0,480,481,20,33480.0,7,7,3,"{""COW"":8,""SHEEP"":4}",12,60,40,40,15,8,4,44,5,235
93666533,0,576,577,24,43401.0,7,7,3,"{""COW"":8,""SHEEP"":4}",13,62,32,32,11,6,12,45,9,10
93666533,0,719,719,29,66223.0,10,10,3,"{""COW"":8,""SHEEP"":4}",13,0,7,7,0,0,0,23,24,25
93666533,1,0,1,0,3.0,4,4,1,{},0,0,14,14,0,0,0,30,128,256
93666533,1,24,25,1,8.0,1,1,1,"{""COW"":1,""SHEEP"":4}",5,10,0,0,0,0,0,28,132,260
93666533,1,96,97,4,500.0,3,3,1,"{""COW"":1,""SHEEP"":4}",5,14,11,11,0,0,0,33,139,266
93666533,1,192,193,8,802.0,6,6,2,"{""COW"":6,""SHEEP"":4}",10,33,12,12,0,0,0,36,145,270
93666533,1,288,289,12,7848.0,8,8,3,"{""COW"":8,""SHEEP"":4}",12,60,16,16,12,3,0,38,150,228
93666533,1,384,385,16,21526.0,6,6,3,"{""COW"":8,""SHEEP"":4}",12,60,38,38,15,0,16,42,156,232
93666533,1,480,481,20,37653.0,7,7,3,"{""COW"":8,""SHEEP"":4}",12,60,44,44,15,8,4,44,5,235
93666533,1,576,577,24,49529.0,7,7,3,"{""COW"":8,""SHEEP"":4}",13,61,36,36,11,0,4,45,9,10
93666533,1,719,719,29,72044.0,10,10,3,"{""COW"":8,""SHEEP"":4}",13,0,0,0,0,0,0,23,24,25
93669299,0,0,1,0,3.0,4,4,1,{},0,0,14,14,0,0,0,30,128,256
93669299,0,24,25,1,8.0,1,1,1,"{""COW"":1,""SHEEP"":4}",5,10,0,0,0,0,0,28,132,260
93669299,0,96,97,4,502.0,3,3,1,"{""COW"":1,""SHEEP"":4}",5,14,11,11,0,0,0,33,139,266
93669299,0,192,193,8,1466.0,6,6,2,"{""COW"":6,""SHEEP"":4}",10,33,12,12,0,0,0,33,145,270
93669299,0,288,289,12,9531.0,8,8,3,"{""COW"":8,""SHEEP"":4}",12,61,16,16,12,6,0,35,151,228
93669299,0,384,385,16,22051.0,6,6,3,"{""COW"":8,""SHEEP"":4}",12,61,38,38,15,3,16,38,175,232
93669299,0,480,481,20,45762.0,7,7,3,"{""COW"":8,""SHEEP"":4}",12,61,44,44,15,8,4,39,7,235
93669299,0,576,577,24,61389.0,7,7,3,"{""COW"":8,""SHEEP"":4}",13,62,36,36,11,6,12,41,9,10
93669299,0,719,719,29,96864.0,10,10,3,"{""COW"":8,""SHEEP"":4}",13,0,7,7,0,0,0,21,24,25
93669299,1,0,1,0,3.0,4,4,1,{},0,0,14,14,0,0,0,30,128,256
93669299,1,24,25,1,8.0,1,1,1,"{""COW"":1,""SHEEP"":4}",5,10,0,0,0,0,0,28,132,260
93669299,1,96,97,4,502.0,3,3,1,"{""COW"":1,""SHEEP"":4}",5,14,11,11,0,0,0,33,139,266
93669299,1,192,193,8,1513.0,6,6,2,"{""COW"":6,""SHEEP"":4}",10,32,12,12,0,0,0,33,145,270
93669299,1,288,289,12,10143.0,8,8,3,"{""COW"":8,""SHEEP"":4}",12,60,16,16,12,3,0,35,151,228
93669299,1,384,385,16,25529.0,6,6,3,"{""COW"":8,""SHEEP"":4}",12,60,38,38,15,0,8,38,175,232
93669299,1,480,481,20,45627.0,7,7,3,"{""COW"":8,""SHEEP"":4}",12,60,44,44,15,8,4,39,7,235
93669299,1,576,577,24,64366.0,7,7,3,"{""COW"":8,""SHEEP"":4}",13,62,36,36,11,6,0,41,9,10
93669299,1,719,719,29,98104.0,10,10,3,"{""COW"":8,""SHEEP"":4}",13,0,0,0,0,0,0,21,24,25
93681936,0,0,1,0,2.0,5,5,1,{},0,0,14,14,0,0,0,29,128,256
93681936,0,24,25,1,8.0,1,1,1,"{""COW"":1,""SHEEP"":4}",5,10,0,0,0,0,0,28,132,260
93681936,0,96,97,4,508.0,3,3,1,"{""COW"":1,""SHEEP"":4}",5,14,11,11,0,0,0,33,149,266
93681936,0,192,193,8,561.0,6,6,2,"{""COW"":6,""SHEEP"":4}",10,33,12,12,0,0,0,35,173,270
93681936,0,288,289,12,6503.0,8,8,3,"{""COW"":8,""SHEEP"":4}",12,61,16,16,12,6,0,40,199,171
93681936,0,384,385,16,14016.0,6,6,3,"{""COW"":8,""SHEEP"":4}",12,61,38,38,15,3,16,44,225,178
93681936,0,480,481,20,39315.0,7,7,3,"{""COW"":8,""SHEEP"":4}",12,61,44,44,15,8,4,47,204,84
93681936,0,576,577,24,58027.0,7,7,3,"{""COW"":8,""SHEEP"":4}",13,62,36,36,11,6,12,49,95,13
93681936,0,719,719,29,86396.0,10,10,3,"{""COW"":8,""SHEEP"":4}",13,0,7,7,0,0,0,46,82,28
93681936,1,0,1,0,13.0,5,5,1,{},1,0,5,5,0,0,0,29,128,256
93681936,1,24,25,1,16.0,0,0,1,"{""COW"":2,""SHEEP"":2}",4,19,3,0,0,0,0,28,132,260
93681936,1,96,97,4,131.0,5,5,1,"{""COW"":3,""SHEEP"":2}",5,19,6,6,0,0,0,33,149,266
93681936,1,192,193,8,173.0,5,5,2,"{""COW"":6,""SHEEP"":3}",10,30,10,9,0,0,0,35,173,270
93681936,1,288,289,12,14091.0,5,5,3,"{""COW"":10,""SHEEP"":4}",14,52,14,8,18,0,0,40,199,171
93681936,1,384,385,16,26235.0,5,5,3,"{""COW"":10,""SHEEP"":4}",14,56,27,21,0,0,8,44,225,178
93681936,1,480,481,20,43761.0,5,5,3,"{""COW"":10,""SHEEP"":4}",14,59,23,17,11,5,4,47,204,84
93681936,1,576,577,24,67239.0,5,5,3,"{""COW"":10,""SHEEP"":4}",14,53,11,5,4,0,4,49,95,13
93681936,1,719,719,29,83873.0,8,8,3,"{""COW"":10,""SHEEP"":4}",14,1,0,0,0,0,0,46,82,28
93692701,0,0,1,0,3.0,4,4,1,{},0,0,14,14,0,0,0,30,128,256
93692701,0,24,25,1,8.0,1,1,1,"{""COW"":1,""SHEEP"":4}",5,10,0,0,0,0,0,28,132,260
93692701,0,96,97,4,500.0,3,3,1,"{""COW"":1,""SHEEP"":4}",5,14,11,11,0,0,0,33,149,266
93692701,0,192,193,8,802.0,6,6,2,"{""COW"":6,""SHEEP"":4}",10,33,12,12,0,0,0,36,181,270
93692701,0,288,289,12,7848.0,8,8,3,"{""COW"":8,""SHEEP"":4}",12,61,16,16,12,3,0,38,206,228
93692701,0,384,385,16,22108.0,6,6,3,"{""COW"":8,""SHEEP"":4}",12,61,38,38,15,0,16,42,231,232
93692701,0,480,481,20,56741.0,7,7,3,"{""COW"":8,""SHEEP"":4}",12,61,44,44,15,8,4,45,195,235
93692701,0,576,577,24,86769.0,7,7,3,"{""COW"":8,""SHEEP"":4}",13,62,36,36,11,6,12,48,128,10
93692701,0,719,719,29,124105.0,10,10,3,"{""COW"":8,""SHEEP"":4}",13,0,0,0,0,0,0,40,169,25
93692701,1,0,1,0,3.0,4,4,1,{},0,0,14,14,0,0,0,30,128,256
93692701,1,24,25,1,8.0,1,1,1,"{""COW"":1,""SHEEP"":4}",5,10,0,0,0,0,0,28,132,260
93692701,1,96,97,4,500.0,3,3,1,"{""COW"":1,""SHEEP"":4}",5,14,11,11,0,0,0,33,149,266
93692701,1,192,193,8,346.0,6,6,2,"{""COW"":6,""SHEEP"":4}",10,33,12,12,0,0,0,36,181,270
93692701,1,288,289,12,6777.0,8,8,3,"{""COW"":8,""SHEEP"":4}",12,55,16,16,12,6,0,38,206,228
93692701,1,384,385,16,17561.0,6,6,3,"{""COW"":8,""SHEEP"":4}",12,61,34,34,15,2,12,42,231,232
93692701,1,480,481,20,52598.0,7,7,3,"{""COW"":8,""SHEEP"":4}",12,61,40,40,15,8,4,45,195,235
93692701,1,576,577,24,82538.0,7,7,3,"{""COW"":8,""SHEEP"":4}",13,62,32,32,11,6,12,48,128,10
93692701,1,719,719,29,117721.0,10,10,3,"{""COW"":8,""SHEEP"":4}",13,0,7,7,0,0,0,40,169,25
93703340,0,0,1,0,3.0,4,4,1,{},0,0,14,14,0,0,0,30,128,256
93703340,0,24,25,1,8.0,1,1,1,"{""COW"":1,""SHEEP"":4}",5,10,0,0,0,0,0,28,132,260
93703340,0,96,97,4,500.0,3,3,1,"{""COW"":1,""SHEEP"":4}",5,14,11,11,0,0,0,33,149,266
93703340,0,192,193,8,961.0,6,6,2,"{""COW"":6,""SHEEP"":4}",10,33,12,12,0,0,0,35,173,270
93703340,0,288,289,12,8421.0,8,8,3,"{""COW"":8,""SHEEP"":4}",12,61,16,16,12,6,0,37,198,228
93703340,0,384,385,16,19962.0,6,6,3,"{""COW"":8,""SHEEP"":4}",12,61,38,38,15,3,16,39,219,232
93703340,0,480,481,20,48691.0,7,7,3,"{""COW"":8,""SHEEP"":4}",12,61,44,44,15,8,4,41,149,235
93703340,0,576,577,24,64262.0,7,7,3,"{""COW"":9,""SHEEP"":4}",13,62,34,34,12,6,12,42,11,10
93703340,0,719,719,29,93172.0,10,10,3,"{""COW"":9,""SHEEP"":4}",13,1,0,0,0,0,0,21,55,25
93703340,1,0,1,0,3.0,4,4,1,{},0,0,14,14,0,0,0,30,128,256
93703340,1,24,25,1,8.0,1,1,1,"{""COW"":1,""SHEEP"":4}",5,10,0,0,0,0,0,28,132,260
93703340,1,96,97,4,500.0,3,3,1,"{""COW"":1,""SHEEP"":4}",5,14,11,11,0,0,0,33,149,266
93703340,1,192,193,8,959.0,6,6,2,"{""COW"":6,""SHEEP"":4}",10,33,12,12,0,0,0,35,173,270
93703340,1,288,289,12,8360.0,8,8,3,"{""COW"":8,""SHEEP"":4}",12,61,16,16,12,6,0,37,198,228
93703340,1,384,385,16,19892.0,6,6,3,"{""COW"":8,""SHEEP"":4}",12,61,38,38,15,3,16,39,219,232
93703340,1,480,481,20,48522.0,7,7,3,"{""COW"":8,""SHEEP"":4}",12,61,44,44,15,8,4,41,149,235
93703340,1,576,577,24,64386.0,7,7,3,"{""COW"":8,""SHEEP"":4}",13,62,36,36,11,6,12,42,11,10
93703340,1,719,719,29,91893.0,10,10,3,"{""COW"":8,""SHEEP"":4}",13,0,7,7,0,0,0,21,55,25
93713242,0,0,1,0,3.0,4,4,1,{},0,0,14,14,0,0,0,30,128,256
93713242,0,24,25,1,8.0,1,1,1,"{""COW"":1,""SHEEP"":4}",5,10,0,0,0,0,0,28,132,260
93713242,0,96,97,4,505.0,3,3,1,"{""COW"":1,""SHEEP"":4}",5,14,11,11,0,0,0,32,139,266
93713242,0,192,193,8,1437.0,6,6,2,"{""COW"":6,""SHEEP"":4}",10,32,12,12,0,0,0,34,159,270
93713242,0,288,289,12,9400.0,8,8,3,"{""COW"":8,""SHEEP"":4}",12,60,16,16,12,6,0,36,179,228
93713242,0,384,385,16,19963.0,6,6,3,"{""COW"":8,""SHEEP"":4}",12,60,38,38,15,3,16,39,190,232
93713242,0,480,481,20,42980.0,7,7,3,"{""COW"":8,""SHEEP"":4}",12,60,44,44,15,8,4,42,37,235
93713242,0,576,577,24,53761.0,7,7,3,"{""COW"":8,""SHEEP"":4}",13,62,36,36,11,6,12,45,9,10
93713242,0,719,719,29,80896.0,10,10,3,"{""COW"":8,""SHEEP"":4}",13,0,7,7,0,0,0,33,43,25
93713242,1,0,1,0,3.0,4,4,1,{},0,0,14,14,0,0,0,30,128,256
93713242,1,24,25,1,8.0,1,1,1,"{""COW"":1,""SHEEP"":4}",5,10,0,0,0,0,0,28,132,260
93713242,1,96,97,4,658.0,3,3,1,"{""COW"":1,""SHEEP"":4}",5,13,6,6,0,0,0,32,139,266
93713242,1,192,193,8,1331.0,6,6,2,"{""COW"":5,""SHEEP"":5}",10,32,11,11,0,0,0,34,159,270
93713242,1,288,289,12,9847.0,8,8,3,"{""COW"":7,""SHEEP"":5}",12,62,13,13,15,0,0,36,179,228
93713242,1,384,385,16,27881.0,6,6,3,"{""COW"":7,""SHEEP"":5}",12,62,13,13,16,0,0,39,190,232
93713242,1,480,481,20,44478.0,7,7,3,"{""COW"":7,""SHEEP"":5}",12,63,13,13,22,0,0,42,37,235
93713242,1,576,577,24,57509.0,7,7,3,"{""COW"":8,""SHEEP"":5}",13,62,14,14,15,0,0,45,9,10
93713242,1,719,719,29,81408.0,10,10,3,"{""COW"":8,""SHEEP"":5}",13,1,0,0,0,0,0,33,43,25
93718370,0,0,1,0,228.0,5,5,1,{},1,0,0,0,0,0,0,29,128,256
93718370,0,24,25,1,18.0,0,0,1,"{""COW"":2,""SHEEP"":2}",4,19,3,0,0,0,0,28,132,260
93718370,0,96,97,4,134.0,5,5,1,"{""COW"":3,""SHEEP"":2}",5,19,6,6,0,0,0,32,139,266
93718370,0,192,193,8,600.0,5,5,2,"{""COW"":6,""SHEEP"":3}",10,29,10,9,0,0,0,34,159,270
93718370,0,288,289,12,15299.0,5,5,3,"{""COW"":10,""SHEEP"":4}",14,50,14,8,0,6,0,38,179,171
93718370,0,384,385,16,24309.0,5,5,3,"{""COW"":10,""SHEEP"":4}",14,55,33,27,0,6,14,41,191,178
93718370,0,480,481,20,42432.0,5,5,3,"{""COW"":8,""SHEEP"":4}",14,58,31,25,11,3,8,44,82,99
93718370,0,576,577,24,50464.0,4,4,3,"{""COW"":8,""SHEEP"":4}",14,52,55,49,6,21,4,46,11,13
93718370,0,719,719,29,68201.0,8,8,3,"{""COW"":8,""SHEEP"":4}",14,1,0,0,0,0,0,40,32,28
93718370,1,0,1,0,2.0,5,5,1,{},0,0,14,14,0,0,0,29,128,256
93718370,1,24,25,1,6.0,1,1,1,"{""COW"":1,""SHEEP"":4}",5,10,0,0,0,0,0,28,132,260
93718370,1,96,97,4,506.0,3,3,1,"{""COW"":1,""SHEEP"":4}",5,14,11,11,0,0,0,32,139,266
93718370,1,192,193,8,1453.0,6,6,2,"{""COW"":6,""SHEEP"":4}",10,33,12,12,0,0,0,34,159,270
93718370,1,288,289,12,9171.0,8,8,3,"{""COW"":8,""SHEEP"":4}",12,61,16,16,12,6,0,38,179,171
93718370,1,384,385,16,16562.0,6,6,3,"{""COW"":8,""SHEEP"":4}",12,61,38,38,15,3,16,41,191,178
93718370,1,480,481,20,37867.0,7,7,3,"{""COW"":8,""SHEEP"":4}",12,61,44,44,15,8,4,44,82,99
93718370,1,576,577,24,42480.0,7,7,3,"{""COW"":8,""SHEEP"":4}",13,62,36,36,11,6,12,46,11,13
93718370,1,719,719,29,66609.0,10,10,3,"{""COW"":8,""SHEEP"":4}",13,0,7,7,0,0,0,40,32,28
93720306,0,0,1,0,13.0,5,5,1,{},1,0,5,5,0,0,0,29,128,256
93720306,0,24,25,1,16.0,0,0,1,"{""COW"":2,""SHEEP"":2}",4,19,3,0,0,0,0,28,132,260
93720306,0,96,97,4,131.0,5,5,1,"{""COW"":3,""SHEEP"":2}",5,19,6,6,0,0,0,32,139,266
93720306,0,192,193,8,387.0,5,5,2,"{""COW"":6,""SHEEP"":3}",10,30,10,9,0,0,0,33,145,270
93720306,0,288,289,12,14926.0,5,5,3,"{""COW"":10,""SHEEP"":4}",14,51,14,8,18,0,0,36,168,171
93720306,0,384,385,16,28681.0,5,5,3,"{""COW"":10,""SHEEP"":4}",14,56,26,20,0,0,8,38,197,178
93720306,0,480,481,20,47999.0,5,5,3,"{""COW"":10,""SHEEP"":4}",14,59,23,17,11,3,4,40,174,84
93720306,0,576,577,24,65523.0,5,5,3,"{""COW"":10,""SHEEP"":4}",14,53,11,5,4,0,4,42,11,13
93720306,0,719,719,29,80397.0,8,8,3,"{""COW"":10,""SHEEP"":4}",14,1,0,0,0,0,0,31,34,28
93720306,1,0,1,0,2.0,5,5,1,{},0,0,14,14,0,0,0,29,128,256
93720306,1,24,25,1,8.0,1,1,1,"{""COW"":1,""SHEEP"":4}",5,10,0,0,0,0,0,28,132,260
93720306,1,96,97,4,510.0,3,3,1,"{""COW"":1,""SHEEP"":4}",5,14,11,11,0,0,0,32,139,266
93720306,1,192,193,8,863.0,6,6,2,"{""COW"":6,""SHEEP"":4}",10,33,12,12,0,0,0,33,145,270
93720306,1,288,289,12,8487.0,8,8,3,"{""COW"":8,""SHEEP"":4}",12,61,16,16,12,6,0,36,168,171
93720306,1,384,385,16,18588.0,6,6,3,"{""COW"":8,""SHEEP"":4}",12,61,38,38,15,3,16,38,197,178
93720306,1,480,481,20,44738.0,7,7,3,"{""COW"":8,""SHEEP"":4}",12,61,44,44,15,8,4,40,174,84
93720306,1,576,577,24,57637.0,7,7,3,"{""COW"":8,""SHEEP"":4}",13,62,36,36,11,6,12,42,11,13
93720306,1,719,719,29,81772.0,10,10,3,"{""COW"":8,""SHEEP"":4}",13,0,7,7,0,0,0,31,34,28
93730115,0,0,1,0,3.0,4,4,1,{},0,0,14,14,0,0,0,30,128,256
93730115,0,24,25,1,8.0,1,1,1,"{""COW"":1,""SHEEP"":4}",5,10,0,0,0,0,0,28,132,260
93730115,0,96,97,4,500.0,3,3,1,"{""COW"":1,""SHEEP"":4}",5,14,11,11,0,0,0,33,149,266
93730115,0,192,193,8,588.0,6,6,2,"{""COW"":6,""SHEEP"":4}",10,33,12,12,0,0,0,36,181,270
93730115,0,288,289,12,6162.0,8,8,3,"{""COW"":8,""SHEEP"":4}",12,61,16,16,12,6,0,39,206,228
93730115,0,384,385,16,15685.0,6,6,3,"{""COW"":8,""SHEEP"":4}",12,61,38,38,15,3,16,43,225,232
93730115,0,480,481,20,45543.0,7,7,3,"{""COW"":8,""SHEEP"":4}",12,61,44,44,15,8,4,46,166,235
93730115,0,576,577,24,67508.0,7,7,3,"{""COW"":8,""SHEEP"":4}",13,62,36,36,11,6,12,48,11,10
93730115,0,719,719,29,95010.0,10,10,3,"{""COW"":8,""SHEEP"":4}",13,0,7,7,0,0,0,40,53,25
93730115,1,0,1,0,3.0,4,4,1,{},0,0,14,14,0,0,0,30,128,256
93730115,1,24,25,1,8.0,1,1,1,"{""COW"":1,""SHEEP"":4}",5,10,0,0,0,0,0,28,132,260
93730115,1,96,97,4,500.0,3,3,1,"{""COW"":1,""SHEEP"":4}",5,14,11,11,0,0,0,33,149,266
93730115,1,192,193,8,588.0,6,6,2,"{""COW"":6,""SHEEP"":4}",10,33,12,12,0,0,0,36,181,270
93730115,1,288,289,12,6162.0,8,8,3,"{""COW"":8,""SHEEP"":4}",12,61,16,16,12,6,0,39,206,228
93730115,1,384,385,16,15685.0,6,6,3,"{""COW"":8,""SHEEP"":4}",12,61,38,38,15,3,16,43,225,232
93730115,1,480,481,20,45539.0,7,7,3,"{""COW"":8,""SHEEP"":4}",12,61,44,44,15,8,4,46,166,235
93730115,1,576,577,24,67440.0,7,7,3,"{""COW"":8,""SHEEP"":4}",13,62,36,36,11,6,12,48,11,10
93730115,1,719,719,29,94313.0,10,10,3,"{""COW"":8,""SHEEP"":4}",13,0,0,0,0,0,0,40,53,25
93730164,0,0,1,0,2.0,5,5,1,{},0,0,14,14,0,0,0,29,128,256
93730164,0,24,25,1,8.0,1,1,1,"{""COW"":1,""SHEEP"":4}",5,10,0,0,0,0,0,28,132,260
93730164,0,96,97,4,510.0,3,3,1,"{""COW"":1,""SHEEP"":4}",5,14,11,11,0,0,0,32,139,266
93730164,0,192,193,8,1509.0,6,6,2,"{""COW"":6,""SHEEP"":4}",10,33,12,12,0,0,0,33,145,270
93730164,0,288,289,12,9364.0,8,8,3,"{""COW"":8,""SHEEP"":4}",12,61,16,16,12,6,0,37,150,171
93730164,0,384,385,16,17096.0,6,6,3,"{""COW"":8,""SHEEP"":4}",12,61,38,38,15,3,16,39,154,178
93730164,0,480,481,20,30790.0,7,7,3,"{""COW"":8,""SHEEP"":4}",12,61,44,44,15,8,4,42,7,84
93730164,0,576,577,24,33122.0,7,7,3,"{""COW"":8,""SHEEP"":4}",13,62,36,36,11,6,12,42,11,13
93730164,0,719,719,29,56092.0,10,10,3,"{""COW"":8,""SHEEP"":4}",13,0,7,7,0,0,0,32,47,28
93730164,1,0,1,0,13.0,5,5,1,{},1,0,5,5,0,0,0,29,128,256
93730164,1,24,25,1,16.0,0,0,1,"{""COW"":2,""SHEEP"":2}",4,19,3,0,0,0,0,28,132,260
93730164,1,96,97,4,131.0,5,5,1,"{""COW"":3,""SHEEP"":2}",5,19,6,6,0,0,0,32,139,266
93730164,1,192,193,8,398.0,5,5,2,"{""COW"":6,""SHEEP"":3}",10,31,10,10,0,0,0,33,145,270
93730164,1,288,289,12,9069.0,5,5,4,"{""COW"":6,""SHEEP"":8}",14,56,19,13,18,0,0,37,150,171
93730164,1,384,385,16,24465.0,5,5,4,"{""COW"":6,""SHEEP"":11}",18,59,17,11,0,0,0,39,154,178
93730164,1,480,481,20,44390.0,5,5,4,"{""COW"":6,""SHEEP"":12}",18,69,27,21,22,0,0,42,7,84
93730164,1,576,577,24,62113.0,5,5,4,"{""COW"":6,""SHEEP"":12}",18,44,18,12,15,0,0,42,11,13
93730164,1,719,719,29,89666.0,8,8,4,"{""COW"":6,""SHEEP"":8}",18,1,0,0,0,0,0,32,47,28
93732018,0,0,1,0,3.0,4,4,1,{},0,0,14,14,0,0,0,30,128,256
93732018,0,24,25,1,8.0,1,1,1,"{""COW"":1,""SHEEP"":4}",5,10,0,0,0,0,0,28,132,260
93732018,0,96,97,4,504.0,3,3,1,"{""COW"":1,""SHEEP"":4}",5,14,11,11,0,0,0,33,149,266
93732018,0,192,193,8,562.0,6,6,2,"{""COW"":6,""SHEEP"":4}",10,33,12,12,0,0,0,35,173,270
93732018,0,288,289,12,6186.0,8,8,3,"{""COW"":8,""SHEEP"":4}",12,61,16,16,12,6,0,38,198,228
93732018,0,384,385,16,15448.0,6,6,3,"{""COW"":8,""SHEEP"":4}",12,61,38,38,15,3,16,41,212,232
93732018,0,480,481,20,41531.0,7,7,3,"{""COW"":8,""SHEEP"":4}",12,61,44,44,15,8,4,44,139,235
93732018,0,576,577,24,56729.0,7,7,3,"{""COW"":8,""SHEEP"":4}",13,62,36,36,11,6,12,47,9,10
93732018,0,719,719,29,77310.0,10,10,3,"{""COW"":8,""SHEEP"":4}",13,0,7,7,0,0,0,39,43,25
93732018,1,0,1,0,3.0,4,4,1,{},0,0,14,14,0,0,0,30,128,256
93732018,1,24,25,1,8.0,1,1,1,"{""COW"":1,""SHEEP"":4}",5,10,0,0,0,0,0,28,132,260
93732018,1,96,97,4,657.0,3,3,1,"{""COW"":1,""SHEEP"":4}",5,14,6,6,0,0,0,33,149,266
93732018,1,192,193,8,268.0,6,6,2,"{""COW"":5,""SHEEP"":4}",9,32,14,14,0,0,0,35,173,270
93732018,1,288,289,12,6691.0,8,8,3,"{""COW"":5,""SHEEP"":6}",11,62,17,17,13,0,0,38,198,228
93732018,1,384,385,16,17800.0,6,6,3,"{""COW"":5,""SHEEP"":6}",11,62,21,21,12,0,0,41,212,232
93732018,1,480,481,20,35110.0,7,7,3,"{""COW"":5,""SHEEP"":6}",11,62,25,25,15,0,0,44,139,235
93732018,1,576,577,24,48172.0,7,7,3,"{""COW"":6,""SHEEP"":6}",12,62,29,29,12,0,0,47,9,10
93732018,1,719,719,29,64376.0,10,10,3,"{""COW"":6,""SHEEP"":6}",12,1,0,0,0,0,0,39,43,25
93739102,0,0,1,0,3.0,4,4,1,{},0,0,14,14,0,0,0,30,128,256
93739102,0,24,25,1,8.0,1,1,1,"{""COW"":1,""SHEEP"":4}",5,10,0,0,0,0,0,28,132,260
93739102,0,96,97,4,500.0,3,3,1,"{""COW"":1,""SHEEP"":4}",5,14,11,11,0,0,0,33,139,266
93739102,0,192,193,8,588.0,6,6,2,"{""COW"":6,""SHEEP"":4}",10,33,12,12,0,0,0,36,145,270
93739102,0,288,289,12,6171.0,8,8,3,"{""COW"":8,""SHEEP"":4}",12,61,16,16,12,6,0,39,168,228
93739102,0,384,385,16,17971.0,6,6,3,"{""COW"":8,""SHEEP"":4}",12,61,38,38,15,3,16,43,185,232
93739102,0,480,481,20,41455.0,7,7,3,"{""COW"":8,""SHEEP"":4}",12,61,44,44,15,8,4,46,5,235
93739102,0,576,577,24,58937.0,7,7,3,"{""COW"":8,""SHEEP"":4}",13,62,36,36,11,6,12,48,9,10
93739102,0,719,719,29,98654.0,10,10,3,"{""COW"":8,""SHEEP"":4}",13,0,7,7,0,0,0,38,43,25
93739102,1,0,1,0,3.0,4,4,1,{},0,0,14,14,0,0,0,30,128,256
93739102,1,24,25,1,8.0,1,1,1,"{""COW"":1,""SHEEP"":4}",5,10,0,0,0,0,0,28,132,260
93739102,1,96,97,4,500.0,3,3,1,"{""COW"":1,""SHEEP"":4}",5,14,11,11,0,0,0,33,139,266
93739102,1,192,193,8,588.0,6,6,2,"{""COW"":6,""SHEEP"":4}",10,33,12,12,0,0,0,36,145,270
93739102,1,288,289,12,6866.0,8,8,3,"{""COW"":8,""SHEEP"":4}",12,60,16,16,12,3,0,39,168,228
93739102,1,384,385,16,18354.0,6,6,3,"{""COW"":8,""SHEEP"":4}",12,60,38,38,15,2,13,43,185,232
93739102,1,480,481,20,40427.0,7,7,3,"{""COW"":8,""SHEEP"":4}",12,60,40,40,15,8,4,46,5,235
93739102,1,576,577,24,60327.0,7,7,3,"{""COW"":8,""SHEEP"":4}",13,62,32,32,11,6,0,48,9,10
93739102,1,719,719,29,97913.0,10,10,3,"{""COW"":8,""SHEEP"":4}",13,1,0,0,0,0,0,38,43,25
93747225,0,0,1,0,13.0,5,5,1,{},1,0,5,5,0,0,0,29,128,256
93747225,0,24,25,1,16.0,0,0,1,"{""COW"":2,""SHEEP"":2}",4,19,3,0,0,0,0,28,132,260
93747225,0,96,97,4,131.0,5,5,1,"{""COW"":3,""SHEEP"":2}",5,19,6,6,0,0,0,33,149,266
93747225,0,192,193,8,173.0,5,5,2,"{""COW"":6,""SHEEP"":3}",10,30,10,9,0,0,0,35,173,270
93747225,0,288,289,12,15086.0,5,5,3,"{""COW"":10,""SHEEP"":4}",14,52,14,8,18,0,0,40,190,171
93747225,0,384,385,16,29481.0,5,5,3,"{""COW"":10,""SHEEP"":4}",14,56,30,24,3,0,8,43,209,178
93747225,0,480,481,20,57670.0,5,5,3,"{""COW"":10,""SHEEP"":4}",14,59,14,8,12,0,1,46,168,84
93747225,0,576,577,24,75093.0,5,5,3,"{""COW"":10,""SHEEP"":4}",14,54,8,2,18,0,0,48,7,13
93747225,0,719,719,29,97787.0,8,8,3,"{""COW"":10,""SHEEP"":4}",14,0,0,0,0,0,0,44,16,28
93747225,1,0,1,0,2.0,5,5,1,{},0,0,14,14,0,0,0,29,128,256
93747225,1,24,25,1,8.0,1,1,1,"{""COW"":1,""SHEEP"":4}",5,10,0,0,0,0,0,28,132,260
93747225,1,96,97,4,508.0,3,3,1,"{""COW"":1,""SHEEP"":4}",5,14,11,11,0,0,0,33,149,266
93747225,1,192,193,8,561.0,6,6,2,"{""COW"":6,""SHEEP"":4}",10,33,12,12,0,0,0,35,173,270
93747225,1,288,289,12,6638.0,8,8,3,"{""COW"":8,""SHEEP"":4}",12,61,16,16,12,6,0,40,190,171
93747225,1,384,385,16,16453.0,6,6,3,"{""COW"":8,""SHEEP"":4}",12,61,38,38,15,3,16,43,209,178
93747225,1,480,481,20,46326.0,7,7,3,"{""COW"":8,""SHEEP"":4}",12,61,44,44,15,8,4,46,168,84
93747225,1,576,577,24,62316.0,7,7,3,"{""COW"":8,""SHEEP"":4}",13,62,36,36,11,6,12,48,7,13
93747225,1,719,719,29,93879.0,10,10,3,"{""COW"":8,""SHEEP"":4}",13,0,7,7,0,0,0,44,16,28
93755260,0,0,1,0,13.0,5,5,1,{},1,0,5,5,0,0,0,29,128,256
93755260,0,24,25,1,16.0,0,0,1,"{""COW"":2,""SHEEP"":2}",4,19,3,0,0,0,0,28,132,260
93755260,0,96,97,4,131.0,5,5,1,"{""COW"":3,""SHEEP"":2}",5,19,6,6,0,0,0,33,139,266
93755260,0,192,193,8,212.0,5,5,2,"{""COW"":6,""SHEEP"":3}",10,23,10,10,0,0,0,35,145,270
93755260,0,288,289,12,15033.0,5,5,3,"{""COW"":10,""SHEEP"":4}",14,56,16,10,18,0,0,40,150,171
93755260,0,384,385,16,28590.0,5,5,3,"{""COW"":10,""SHEEP"":4}",14,58,21,15,15,0,8,43,145,178
93755260,0,480,481,20,42918.0,5,5,3,"{""COW"":10,""SHEEP"":4}",14,58,14,8,17,0,0,46,5,184
93755260,0,576,577,24,47752.0,5,5,3,"{""COW"":10,""SHEEP"":4}",14,55,12,6,17,10,4,49,7,28
93755260,0,719,719,29,60357.0,8,8,3,"{""COW"":10,""SHEEP"":4}",14,0,0,0,0,0,0,46,16,43
93755260,1,0,1,0,2.0,5,5,1,{},0,0,14,14,0,0,0,29,128,256
93755260,1,24,25,1,8.0,1,1,1,"{""COW"":1,""SHEEP"":4}",5,10,0,0,0,0,0,28,132,260
93755260,1,96,97,4,508.0,3,3,1,"{""COW"":1,""SHEEP"":4}",5,14,11,11,0,0,0,33,139,266
93755260,1,192,193,8,561.0,6,6,2,"{""COW"":6,""SHEEP"":4}",10,32,12,12,0,0,0,35,145,270
93755260,1,288,289,12,6672.0,8,8,3,"{""COW"":8,""SHEEP"":4}",12,60,16,16,12,6,0,40,150,171
93755260,1,384,385,16,16511.0,6,6,3,"{""COW"":8,""SHEEP"":4}",12,60,38,38,15,3,16,43,145,178
93755260,1,480,481,20,31262.0,7,7,3,"{""COW"":8,""SHEEP"":4}",12,60,44,44,15,8,4,46,5,184
93755260,1,576,577,24,42640.0,7,7,3,"{""COW"":8,""SHEEP"":4}",13,62,36,36,11,6,12,49,7,28
93755260,1,719,719,29,64178.0,10,10,3,"{""COW"":8,""SHEEP"":4}",13,0,7,7,0,0,0,46,16,43
93755899,0,0,1,0,3.0,4,4,1,{},0,0,14,14,0,0,0,30,128,256
93755899,0,24,25,1,8.0,1,1,1,"{""COW"":1,""SHEEP"":4}",5,10,0,0,0,0,0,28,132,260
93755899,0,96,97,4,500.0,3,3,1,"{""COW"":1,""SHEEP"":4}",5,14,11,11,0,0,0,33,139,266
93755899,0,192,193,8,594.0,6,6,2,"{""COW"":6,""SHEEP"":4}",10,33,12,12,0,0,0,35,159,270
93755899,0,288,289,12,6168.0,8,8,3,"{""COW"":8,""SHEEP"":4}",12,61,16,16,12,6,0,37,179,228
93755899,0,384,385,16,17212.0,6,6,3,"{""COW"":8,""SHEEP"":4}",12,61,38,38,15,3,16,39,194,232
93755899,0,480,481,20,34628.0,7,7,3,"{""COW"":8,""SHEEP"":4}",12,61,44,44,15,8,4,41,5,235
93755899,0,576,577,24,43895.0,7,7,3,"{""COW"":8,""SHEEP"":4}",13,62,36,36,11,6,12,43,7,10
93755899,0,719,719,29,64328.0,10,10,3,"{""COW"":8,""SHEEP"":4}",13,0,7,7,0,0,0,21,14,25
93755899,1,0,1,0,3.0,4,4,1,{},0,0,14,14,0,0,0,30,128,256
93755899,1,24,25,1,8.0,1,1,1,"{""COW"":1,""SHEEP"":4}",5,10,0,0,0,0,0,28,132,260
93755899,1,96,97,4,500.0,3,3,1,"{""COW"":1,""SHEEP"":4}",5,14,11,11,0,0,0,33,139,266
93755899,1,192,193,8,594.0,6,6,2,"{""COW"":6,""SHEEP"":4}",10,33,12,12,0,0,0,35,159,270
93755899,1,288,289,12,6168.0,8,8,3,"{""COW"":8,""SHEEP"":4}",12,61,16,16,12,6,0,37,179,228
93755899,1,384,385,16,17212.0,6,6,3,"{""COW"":8,""SHEEP"":4}",12,61,38,38,15,3,16,39,194,232
93755899,1,480,481,20,34613.0,7,7,3,"{""COW"":8,""SHEEP"":4}",12,61,44,44,15,8,4,41,5,235
93755899,1,576,577,24,43886.0,7,7,3,"{""COW"":8,""SHEEP"":4}",13,62,36,36,11,6,12,43,7,10
93755899,1,719,719,29,63796.0,10,10,3,"{""COW"":8,""SHEEP"":4}",13,0,0,0,0,0,0,21,14,25
93757658,0,0,1,0,3.0,4,4,1,{},0,0,14,14,0,0,0,30,128,256
93757658,0,24,25,1,8.0,1,1,1,"{""COW"":1,""SHEEP"":4}",5,10,0,0,0,0,0,28,132,260
93757658,0,96,97,4,502.0,3,3,1,"{""COW"":1,""SHEEP"":4}",5,14,11,11,0,0,0,33,149,266
93757658,0,192,193,8,563.0,6,6,2,"{""COW"":6,""SHEEP"":4}",10,32,12,12,0,0,0,34,181,270
93757658,0,288,289,12,6218.0,8,8,3,"{""COW"":8,""SHEEP"":4}",12,60,16,16,12,6,0,37,214,228
93757658,0,384,385,16,16615.0,6,6,3,"{""COW"":8,""SHEEP"":4}",12,60,38,38,16,3,16,41,246,232
93757658,0,480,481,20,50443.0,7,7,3,"{""COW"":8,""SHEEP"":4}",12,60,44,44,16,8,4,43,219,235
93757658,0,576,577,24,88281.0,7,7,3,"{""COW"":8,""SHEEP"":4}",13,62,36,36,11,6,12,45,187,10
93757658,0,719,719,29,142912.0,10,10,3,"{""COW"":8,""SHEEP"":4}",13,0,7,7,0,0,0,29,202,25
93757658,1,0,1,0,3.0,4,4,1,{},0,0,14,14,0,0,0,30,128,256
93757658,1,24,25,1,8.0,1,1,1,"{""COW"":1,""SHEEP"":4}",5,10,0,0,0,0,0,28,132,260
93757658,1,96,97,4,502.0,3,3,1,"{""COW"":1,""SHEEP"":4}",5,14,11,11,0,0,0,33,149,266
93757658,1,192,193,8,563.0,6,6,2,"{""COW"":6,""SHEEP"":4}",10,33,12,12,0,0,0,34,181,270
93757658,1,288,289,12,6218.0,8,8,3,"{""COW"":8,""SHEEP"":4}",12,61,16,16,12,6,0,37,214,228
93757658,1,384,385,16,16615.0,6,6,3,"{""COW"":8,""SHEEP"":4}",12,61,38,38,15,3,16,41,246,232
93757658,1,480,481,20,51537.0,7,7,3,"{""COW"":8,""SHEEP"":4}",12,61,44,44,15,8,4,43,219,235
93757658,1,576,577,24,89637.0,7,7,3,"{""COW"":8,""SHEEP"":4}",13,62,36,36,11,6,12,45,187,10
93757658,1,719,719,29,143815.0,10,10,3,"{""COW"":8,""SHEEP"":4}",13,0,0,0,0,0,0,29,202,25
93760574,0,0,1,0,3.0,4,4,1,{},0,0,14,14,0,0,0,30,128,256
93760574,0,24,25,1,8.0,1,1,1,"{""COW"":1,""SHEEP"":4}",5,10,0,0,0,0,0,28,132,260
93760574,0,96,97,4,500.0,3,3,1,"{""COW"":1,""SHEEP"":4}",5,14,11,11,0,0,0,33,149,266
93760574,0,192,193,8,588.0,6,6,2,"{""COW"":6,""SHEEP"":4}",10,33,12,12,0,0,0,36,181,270
93760574,0,288,289,12,6078.0,8,8,3,"{""COW"":8,""SHEEP"":4}",12,61,16,16,12,6,0,39,206,228
93760574,0,384,385,16,12473.0,6,6,3,"{""COW"":8,""SHEEP"":4}",12,61,38,38,15,3,16,43,228,232
93760574,0,480,481,20,33021.0,7,7,3,"{""COW"":8,""SHEEP"":4}",12,61,44,44,15,8,4,47,178,235
93760574,0,576,577,24,49909.0,7,7,3,"{""COW"":8,""SHEEP"":4}",13,62,36,36,11,6,12,49,11,10
93760574,0,719,719,29,66604.0,10,10,3,"{""COW"":8,""SHEEP"":4}",13,0,7,7,0,0,0,42,53,25
93760574,1,0,1,0,3.0,4,4,1,{},0,0,14,14,0,0,0,30,128,256
93760574,1,24,25,1,8.0,1,1,1,"{""COW"":1,""SHEEP"":4}",5,10,0,0,0,0,0,28,132,260
93760574,1,96,97,4,500.0,3,3,1,"{""COW"":1,""SHEEP"":4}",5,14,11,11,0,0,0,33,149,266
93760574,1,192,193,8,588.0,6,6,2,"{""COW"":6,""SHEEP"":4}",10,33,12,12,0,0,0,36,181,270
93760574,1,288,289,12,6078.0,8,8,3,"{""COW"":8,""SHEEP"":4}",12,61,16,16,12,6,0,39,206,228
93760574,1,384,385,16,12473.0,6,6,3,"{""COW"":8,""SHEEP"":4}",12,61,38,38,15,3,16,43,228,232
93760574,1,480,481,20,33006.0,7,7,3,"{""COW"":8,""SHEEP"":4}",12,61,44,44,15,8,4,47,178,235
93760574,1,576,577,24,49847.0,7,7,3,"{""COW"":8,""SHEEP"":4}",13,62,36,36,11,6,12,49,11,10
93760574,1,719,719,29,66112.0,10,10,3,"{""COW"":8,""SHEEP"":4}",13,0,0,0,0,0,0,42,53,25
93762126,0,0,1,0,3.0,4,4,1,{},0,0,14,14,0,0,0,30,128,256
93762126,0,24,25,1,8.0,1,1,1,"{""COW"":1,""SHEEP"":4}",5,10,0,0,0,0,0,28,132,260
93762126,0,96,97,4,502.0,3,3,1,"{""COW"":1,""SHEEP"":4}",5,14,11,11,0,0,0,33,139,266
93762126,0,192,193,8,1466.0,6,6,2,"{""COW"":6,""SHEEP"":4}",10,32,12,12,0,0,0,34,159,270
93762126,0,288,289,12,9976.0,8,8,3,"{""COW"":8,""SHEEP"":4}",12,60,16,16,12,3,0,36,190,228
93762126,0,384,385,16,23469.0,6,6,3,"{""COW"":8,""SHEEP"":4}",12,60,38,38,15,0,16,38,219,232
93762126,0,480,481,20,52362.0,7,7,3,"{""COW"":8,""SHEEP"":4}",12,60,44,44,15,8,4,40,169,235
93762126,0,576,577,24,70931.0,7,7,3,"{""COW"":8,""SHEEP"":4}",13,62,36,36,11,0,12,40,12,10
93762126,0,719,719,29,93566.0,10,10,3,"{""COW"":8,""SHEEP"":4}",13,0,0,0,0,0,0,21,87,25
93762126,1,0,1,0,3.0,4,4,1,{},0,0,14,14,0,0,0,30,128,256
93762126,1,24,25,1,8.0,1,1,1,"{""COW"":1,""SHEEP"":4}",5,10,0,0,0,0,0,28,132,260
93762126,1,96,97,4,502.0,3,3,1,"{""COW"":1,""SHEEP"":4}",5,14,11,11,0,0,0,33,139,266
93762126,1,192,193,8,1403.0,6,6,2,"{""COW"":6,""SHEEP"":4}",10,33,12,12,0,0,0,34,159,270
93762126,1,288,289,12,9348.0,8,8,3,"{""COW"":8,""SHEEP"":4}",12,61,16,16,12,6,0,36,190,228
93762126,1,384,385,16,21660.0,6,6,3,"{""COW"":8,""SHEEP"":4}",12,61,38,38,15,3,16,38,219,232
93762126,1,480,481,20,52878.0,7,7,3,"{""COW"":8,""SHEEP"":4}",12,61,44,44,15,8,4,40,169,235
93762126,1,576,577,24,71402.0,7,7,3,"{""COW"":8,""SHEEP"":4}",13,62,36,36,11,6,12,40,12,10
93762126,1,719,719,29,93187.0,10,10,3,"{""COW"":8,""SHEEP"":4}",13,0,7,7,0,0,0,21,87,25
93769268,0,0,1,0,3.0,4,4,1,{},0,0,14,14,0,0,0,30,128,256
93769268,0,24,25,1,8.0,1,1,1,"{""COW"":1,""SHEEP"":4}",5,10,0,0,0,0,0,28,132,260
93769268,0,96,97,4,502.0,3,3,1,"{""COW"":1,""SHEEP"":4}",5,14,11,11,0,0,0,33,139,266
93769268,0,192,193,8,933.0,6,6,2,"{""COW"":6,""SHEEP"":4}",10,33,12,12,0,0,0,33,145,270
93769268,0,288,289,12,8556.0,8,8,3,"{""COW"":8,""SHEEP"":4}",12,61,16,16,12,6,0,35,168,228
93769268,0,384,385,16,17794.0,6,6,3,"{""COW"":8,""SHEEP"":4}",12,61,38,38,15,3,16,38,188,232
93769268,0,480,481,20,35522.0,7,7,3,"{""COW"":8,""SHEEP"":4}",12,61,44,44,15,8,4,40,9,235
93769268,0,576,577,24,45583.0,7,7,3,"{""COW"":8,""SHEEP"":4}",13,62,36,36,11,6,12,42,11,10
93769268,0,719,719,29,68654.0,10,10,3,"{""COW"":8,""SHEEP"":4}",13,0,0,0,0,0,0,21,55,25
93769268,1,0,1,0,3.0,4,4,1,{},0,0,14,14,0,0,0,30,128,256
93769268,1,24,25,1,8.0,1,1,1,"{""COW"":1,""SHEEP"":4}",5,10,0,0,0,0,0,28,132,260
93769268,1,96,97,4,502.0,3,3,1,"{""COW"":1,""SHEEP"":4}",5,14,11,11,0,0,0,33,139,266
93769268,1,192,193,8,933.0,6,6,2,"{""COW"":6,""SHEEP"":4}",10,33,12,12,0,0,0,33,145,270
93769268,1,288,289,12,8541.0,8,8,3,"{""COW"":8,""SHEEP"":4}",12,61,16,16,12,6,0,35,168,228
93769268,1,384,385,16,17310.0,6,6,3,"{""COW"":8,""SHEEP"":4}",12,61,38,38,15,3,16,38,188,232
93769268,1,480,481,20,35050.0,7,7,3,"{""COW"":8,""SHEEP"":4}",12,61,44,44,15,8,4,40,9,235
93769268,1,576,577,24,45098.0,7,7,3,"{""COW"":8,""SHEEP"":4}",13,62,36,36,11,6,12,42,11,10
93769268,1,719,719,29,66295.0,10,10,3,"{""COW"":8,""SHEEP"":4}",13,0,7,7,0,0,0,21,55,25
93769608,0,0,1,0,2.0,5,5,1,{},0,0,14,14,0,0,0,29,128,256
93769608,0,24,25,1,8.0,1,1,1,"{""COW"":1,""SHEEP"":4}",5,10,0,0,0,0,0,28,132,260
93769608,0,96,97,4,510.0,3,3,1,"{""COW"":1,""SHEEP"":4}",5,14,11,11,0,0,0,32,139,266
93769608,0,192,193,8,569.0,6,6,2,"{""COW"":6,""SHEEP"":4}",10,32,12,12,0,0,0,34,159,270
93769608,0,288,289,12,6607.0,8,8,3,"{""COW"":8,""SHEEP"":4}",12,60,16,16,12,6,0,37,180,171
93769608,0,384,385,16,14300.0,6,6,3,"{""COW"":8,""SHEEP"":4}",12,60,38,38,16,3,16,40,205,178
93769608,0,480,481,20,36398.0,7,7,3,"{""COW"":8,""SHEEP"":4}",12,60,44,44,16,8,4,42,181,84
93769608,0,576,577,24,49370.0,7,7,3,"{""COW"":8,""SHEEP"":4}",13,62,36,36,11,6,12,42,12,13
93769608,0,719,719,29,69947.0,10,10,3,"{""COW"":8,""SHEEP"":4}",13,0,7,7,0,0,0,30,57,28
93769608,1,0,1,0,13.0,5,5,1,{},1,0,5,5,0,0,0,29,128,256
93769608,1,24,25,1,16.0,0,0,1,"{""COW"":2,""SHEEP"":2}",4,19,3,0,0,0,0,28,132,260
93769608,1,96,97,4,131.0,5,5,1,"{""COW"":3,""SHEEP"":2}",5,19,6,6,0,0,0,32,139,266
93769608,1,192,193,8,190.0,5,5,2,"{""COW"":6,""SHEEP"":3}",10,30,10,9,0,0,0,34,159,270
93769608,1,288,289,12,14728.0,5,5,3,"{""COW"":10,""SHEEP"":4}",14,52,14,8,18,0,0,37,180,171
93769608,1,384,385,16,26918.0,5,5,3,"{""COW"":10,""SHEEP"":4}",14,56,27,21,0,0,8,40,205,178
93769608,1,480,481,20,43818.0,5,5,3,"{""COW"":10,""SHEEP"":4}",14,59,23,17,11,5,4,42,181,84
93769608,1,576,577,24,60512.0,5,5,3,"{""COW"":10,""SHEEP"":4}",14,53,11,5,4,24,4,42,12,13
93769608,1,719,719,29,73869.0,8,8,3,"{""COW"":10,""SHEEP"":4}",14,1,0,0,0,0,0,30,57,28
93770417,0,0,1,0,3.0,4,4,1,{},0,0,14,14,0,0,0,30,128,256
93770417,0,24,25,1,8.0,1,1,1,"{""COW"":1,""SHEEP"":4}",5,10,0,0,0,0,0,28,132,260
93770417,0,96,97,4,500.0,3,3,1,"{""COW"":1,""SHEEP"":4}",5,14,11,11,0,0,0,33,139,266
93770417,0,192,193,8,594.0,6,6,2,"{""COW"":6,""SHEEP"":4}",10,32,12,12,0,0,0,35,145,270
93770417,0,288,289,12,6195.0,8,8,3,"{""COW"":8,""SHEEP"":4}",12,60,16,16,12,6,0,38,151,228
93770417,0,384,385,16,15624.0,6,6,3,"{""COW"":8,""SHEEP"":4}",12,60,38,38,16,3,16,41,175,232
93770417,0,480,481,20,34059.0,7,7,3,"{""COW"":8,""SHEEP"":4}",12,60,44,44,16,8,4,45,9,235
93770417,0,576,577,24,45433.0,7,7,3,"{""COW"":8,""SHEEP"":4}",13,62,36,36,11,6,12,47,9,10
93770417,0,719,719,29,60183.0,10,10,3,"{""COW"":8,""SHEEP"":4}",13,0,7,7,0,0,0,35,43,25
93770417,1,0,1,0,3.0,4,4,1,{},0,0,14,14,0,0,0,30,128,256
93770417,1,24,25,1,8.0,1,1,1,"{""COW"":1,""SHEEP"":4}",5,10,0,0,0,0,0,28,132,260
93770417,1,96,97,4,500.0,3,3,1,"{""COW"":1,""SHEEP"":4}",5,14,11,11,0,0,0,33,139,266
93770417,1,192,193,8,594.0,6,6,2,"{""COW"":6,""SHEEP"":4}",10,33,12,12,0,0,0,35,145,270
93770417,1,288,289,12,6861.0,8,8,3,"{""COW"":8,""SHEEP"":4}",12,61,16,16,12,3,0,38,151,228
93770417,1,384,385,16,16708.0,6,6,3,"{""COW"":8,""SHEEP"":4}",12,61,38,38,15,3,16,41,175,232
93770417,1,480,481,20,34995.0,7,7,3,"{""COW"":8,""SHEEP"":4}",12,61,44,44,15,8,4,45,9,235
93770417,1,576,577,24,46623.0,7,7,3,"{""COW"":8,""SHEEP"":4}",13,61,36,36,11,6,0,47,9,10
93770417,1,719,719,29,61514.0,10,10,3,"{""COW"":8,""SHEEP"":4}",13,1,0,0,0,0,0,35,43,25
93778614,0,0,1,0,3.0,4,4,1,{},0,0,14,14,0,0,0,30,128,256
93778614,0,24,25,1,8.0,1,1,1,"{""COW"":1,""SHEEP"":4}",5,10,0,0,0,0,0,28,132,260
93778614,0,96,97,4,502.0,3,3,1,"{""COW"":1,""SHEEP"":4}",5,14,11,11,0,0,0,33,139,266
93778614,0,192,193,8,1438.0,6,6,2,"{""COW"":6,""SHEEP"":4}",10,32,12,12,0,0,0,34,145,270
93778614,0,288,289,12,9465.0,8,8,3,"{""COW"":8,""SHEEP"":4}",12,60,16,16,12,6,0,37,168,228
93778614,0,384,385,16,22669.0,6,6,3,"{""COW"":8,""SHEEP"":4}",12,60,38,38,16,3,16,41,195,232
93778614,0,480,481,20,52711.0,7,7,3,"{""COW"":8,""SHEEP"":4}",12,60,44,44,16,8,4,43,51,235
93778614,0,576,577,24,69829.0,7,7,3,"{""COW"":8,""SHEEP"":4}",13,62,36,36,11,6,12,44,11,10
93778614,0,719,719,29,108036.0,10,10,3,"{""COW"":8,""SHEEP"":4}",13,0,7,7,0,0,0,21,76,25
93778614,1,0,1,0,3.0,4,4,1,{},0,0,14,14,0,0,0,30,128,256
93778614,1,24,25,1,8.0,1,1,1,"{""COW"":1,""SHEEP"":4}",5,10,0,0,0,0,0,28,132,260
93778614,1,96,97,4,502.0,3,3,1,"{""COW"":1,""SHEEP"":4}",5,14,11,11,0,0,0,33,139,266
93778614,1,192,193,8,1438.0,6,6,2,"{""COW"":6,""SHEEP"":4}",10,33,12,12,0,0,0,34,145,270
93778614,1,288,289,12,10097.0,8,8,3,"{""COW"":8,""SHEEP"":4}",12,61,16,16,12,3,0,37,168,228
93778614,1,384,385,16,24451.0,6,6,3,"{""COW"":8,""SHEEP"":4}",12,61,38,38,15,0,16,41,195,232
93778614,1,480,481,20,53622.0,7,7,3,"{""COW"":8,""SHEEP"":4}",12,61,44,44,15,8,4,43,51,235
93778614,1,576,577,24,73510.0,7,7,3,"{""COW"":8,""SHEEP"":4}",13,62,36,36,11,6,0,44,11,10
93778614,1,719,719,29,108871.0,10,10,3,"{""COW"":8,""SHEEP"":4}",13,0,0,0,0,0,0,21,76,25
93782029,0,0,1,0,3.0,4,4,1,{},0,0,14,14,0,0,0,30,128,256
93782029,0,24,25,1,8.0,1,1,1,"{""COW"":1,""SHEEP"":4}",5,10,0,0,0,0,0,28,132,260
93782029,0,96,97,4,500.0,3,3,1,"{""COW"":1,""SHEEP"":4}",5,14,11,11,0,0,0,33,149,266
93782029,0,192,193,8,588.0,6,6,2,"{""COW"":6,""SHEEP"":4}",10,32,12,12,0,0,0,36,173,270
93782029,0,288,289,12,6162.0,8,8,3,"{""COW"":8,""SHEEP"":4}",12,60,16,16,12,6,0,39,190,228
93782029,0,384,385,16,15562.0,6,6,3,"{""COW"":8,""SHEEP"":4}",12,60,38,38,16,3,16,43,212,232
93782029,0,480,481,20,41531.0,7,7,3,"{""COW"":8,""SHEEP"":4}",12,60,44,44,16,8,4,47,141,235
93782029,0,576,577,24,58140.0,7,7,3,"{""COW"":8,""SHEEP"":4}",13,61,36,36,11,6,12,49,11,10
93782029,0,719,719,29,78571.0,10,10,3,"{""COW"":8,""SHEEP"":4}",13,1,0,0,0,0,0,41,55,25
93782029,1,0,1,0,3.0,4,4,1,{},0,0,14,14,0,0,0,30,128,256
93782029,1,24,25,1,8.0,1,1,1,"{""COW"":1,""SHEEP"":4}",5,10,0,0,0,0,0,28,132,260
93782029,1,96,97,4,500.0,3,3,1,"{""COW"":1,""SHEEP"":4}",5,14,11,11,0,0,0,33,149,266
93782029,1,192,193,8,588.0,6,6,2,"{""COW"":6,""SHEEP"":4}",10,32,12,12,0,0,0,36,173,270
93782029,1,288,289,12,6162.0,8,8,3,"{""COW"":8,""SHEEP"":4}",12,60,16,16,12,6,0,39,190,228
93782029,1,384,385,16,15679.0,6,6,3,"{""COW"":8,""SHEEP"":4}",12,60,38,38,16,3,16,43,212,232
93782029,1,480,481,20,41835.0,7,7,3,"{""COW"":8,""SHEEP"":4}",12,60,44,44,16,8,4,47,141,235
93782029,1,576,577,24,58996.0,7,7,3,"{""COW"":8,""SHEEP"":4}",13,62,36,36,11,6,12,49,11,10
93782029,1,719,719,29,80873.0,10,10,3,"{""COW"":8,""SHEEP"":4}",13,0,7,7,0,0,0,41,55,25
93784459,0,0,1,0,3.0,4,4,1,{},0,0,14,14,0,0,0,30,128,256
93784459,0,24,25,1,8.0,1,1,1,"{""COW"":1,""SHEEP"":4}",5,10,0,0,0,0,0,28,132,260
93784459,0,96,97,4,502.0,3,3,1,"{""COW"":1,""SHEEP"":4}",5,14,11,11,0,0,0,33,149,266
93784459,0,192,193,8,563.0,6,6,2,"{""COW"":6,""SHEEP"":4}",10,33,12,12,0,0,0,34,181,270
93784459,0,288,289,12,6184.0,8,8,3,"{""COW"":8,""SHEEP"":4}",12,61,16,16,12,6,0,37,214,228
93784459,0,384,385,16,18468.0,6,6,3,"{""COW"":8,""SHEEP"":4}",12,61,38,38,15,3,16,40,239,232
93784459,0,480,481,20,53524.0,7,7,3,"{""COW"":8,""SHEEP"":4}",12,61,44,44,15,8,4,43,197,235
93784459,0,576,577,24,81698.0,7,7,3,"{""COW"":8,""SHEEP"":4}",13,62,36,36,11,6,12,45,47,10
93784459,0,719,719,29,107594.0,10,10,3,"{""COW"":8,""SHEEP"":4}",13,0,7,7,0,0,0,33,24,25
93784459,1,0,1,0,3.0,4,4,1,{},0,0,14,14,0,0,0,30,128,256
93784459,1,24,25,1,8.0,1,1,1,"{""COW"":1,""SHEEP"":4}",5,10,0,0,0,0,0,28,132,260
93784459,1,96,97,4,502.0,3,3,1,"{""COW"":1,""SHEEP"":4}",5,14,11,11,0,0,0,33,149,266
93784459,1,192,193,8,563.0,6,6,2,"{""COW"":6,""SHEEP"":4}",10,33,12,12,0,0,0,34,181,270
93784459,1,288,289,12,6186.0,8,8,3,"{""COW"":8,""SHEEP"":4}",12,61,16,16,12,6,0,37,214,228
93784459,1,384,385,16,18470.0,6,6,3,"{""COW"":8,""SHEEP"":4}",12,61,38,38,15,3,16,40,239,232
93784459,1,480,481,20,53517.0,7,7,3,"{""COW"":8,""SHEEP"":4}",12,61,44,44,15,8,4,43,197,235
93784459,1,576,577,24,81692.0,7,7,3,"{""COW"":8,""SHEEP"":4}",13,62,36,36,11,6,12,45,47,10
93784459,1,719,719,29,106656.0,10,10,3,"{""COW"":8,""SHEEP"":4}",13,0,0,0,0,0,0,33,24,25
93788327,0,0,1,0,3.0,4,4,1,{},0,0,14,14,0,0,0,30,128,256
93788327,0,24,25,1,8.0,1,1,1,"{""COW"":1,""SHEEP"":4}",5,10,0,0,0,0,0,28,132,260
93788327,0,96,97,4,502.0,3,3,1,"{""COW"":1,""SHEEP"":4}",5,14,11,11,0,0,0,33,139,266
93788327,0,192,193,8,1438.0,6,6,2,"{""COW"":6,""SHEEP"":4}",10,33,12,12,0,0,0,34,145,270
93788327,0,288,289,12,9445.0,8,8,3,"{""COW"":8,""SHEEP"":4}",12,61,16,16,12,6,0,37,151,228
93788327,0,384,385,16,22254.0,6,6,3,"{""COW"":8,""SHEEP"":4}",12,61,38,38,15,3,16,40,178,232
93788327,0,480,481,20,45957.0,7,7,3,"{""COW"":8,""SHEEP"":4}",12,61,44,44,15,8,4,43,9,235
93788327,0,576,577,24,59932.0,7,7,3,"{""COW"":8,""SHEEP"":4}",13,62,36,36,11,6,12,45,12,10
93788327,0,719,719,29,92950.0,10,10,3,"{""COW"":8,""SHEEP"":4}",13,0,7,7,0,0,0,33,87,25
93788327,1,0,1,0,3.0,4,4,1,{},0,0,14,14,0,0,0,30,128,256
93788327,1,24,25,1,8.0,1,1,1,"{""COW"":1,""SHEEP"":4}",5,10,0,0,0,0,0,28,132,260
93788327,1,96,97,4,502.0,3,3,1,"{""COW"":1,""SHEEP"":4}",5,14,11,11,0,0,0,33,139,266
93788327,1,192,193,8,1438.0,6,6,2,"{""COW"":6,""SHEEP"":4}",10,33,12,12,0,0,0,34,145,270
93788327,1,288,289,12,9479.0,8,8,3,"{""COW"":8,""SHEEP"":4}",12,61,16,16,12,6,0,37,151,228
93788327,1,384,385,16,22698.0,6,6,3,"{""COW"":8,""SHEEP"":4}",12,61,38,38,15,3,16,40,178,232
93788327,1,480,481,20,46527.0,7,7,3,"{""COW"":8,""SHEEP"":4}",12,61,44,44,15,8,4,43,9,235
93788327,1,576,577,24,60770.0,7,7,3,"{""COW"":8,""SHEEP"":4}",13,62,36,36,11,6,12,45,12,10
93788327,1,719,719,29,96123.0,10,10,3,"{""COW"":8,""SHEEP"":4}",13,0,0,0,0,0,0,33,87,25
93793637,0,0,1,0,3.0,4,4,1,{},0,0,14,14,0,0,0,30,128,256
93793637,0,24,25,1,8.0,1,1,1,"{""COW"":1,""SHEEP"":4}",5,10,0,0,0,0,0,28,132,260
93793637,0,96,97,4,502.0,3,3,1,"{""COW"":1,""SHEEP"":4}",5,14,11,11,0,0,0,33,139,266
93793637,0,192,193,8,1442.0,6,6,2,"{""COW"":6,""SHEEP"":4}",10,33,12,12,0,0,0,33,159,270
93793637,0,288,289,12,9491.0,8,8,3,"{""COW"":8,""SHEEP"":4}",12,61,16,16,12,6,0,34,190,228
93793637,0,384,385,16,23103.0,6,6,3,"{""COW"":8,""SHEEP"":4}",12,61,38,38,15,3,16,36,221,232
93793637,0,480,481,20,60509.0,7,7,3,"{""COW"":8,""SHEEP"":4}",12,61,44,44,15,8,4,38,175,235
93793637,0,576,577,24,89008.0,7,7,3,"{""COW"":8,""SHEEP"":4}",13,62,36,36,11,6,12,39,14,10
93793637,0,719,719,29,127541.0,10,10,3,"{""COW"":8,""SHEEP"":4}",13,0,7,7,0,0,0,20,55,25
93793637,1,0,1,0,3.0,4,4,1,{},0,0,14,14,0,0,0,30,128,256
93793637,1,24,25,1,8.0,1,1,1,"{""COW"":1,""SHEEP"":4}",5,10,0,0,0,0,0,28,132,260
93793637,1,96,97,4,502.0,3,3,1,"{""COW"":1,""SHEEP"":4}",5,14,11,11,0,0,0,33,139,266
93793637,1,192,193,8,1442.0,6,6,2,"{""COW"":6,""SHEEP"":4}",10,33,12,12,0,0,0,33,159,270
93793637,1,288,289,12,9493.0,8,8,3,"{""COW"":8,""SHEEP"":4}",12,61,16,16,12,6,0,34,190,228
93793637,1,384,385,16,23540.0,6,6,3,"{""COW"":8,""SHEEP"":4}",12,61,38,38,15,3,16,36,221,232
93793637,1,480,481,20,60552.0,7,7,3,"{""COW"":8,""SHEEP"":4}",12,61,44,44,15,8,4,38,175,235
93793637,1,576,577,24,88997.0,7,7,3,"{""COW"":8,""SHEEP"":4}",13,62,36,36,11,6,12,39,14,10
93793637,1,719,719,29,129267.0,10,10,3,"{""COW"":8,""SHEEP"":4}",13,0,0,0,0,0,0,20,55,25
93795788,0,0,1,0,3.0,4,4,1,{},0,0,14,14,0,0,0,30,128,256
93795788,0,24,25,1,8.0,1,1,1,"{""COW"":1,""SHEEP"":4}",5,10,0,0,0,0,0,28,132,260
93795788,0,96,97,4,500.0,3,3,1,"{""COW"":1,""SHEEP"":4}",5,14,11,11,0,0,0,33,149,266
93795788,0,192,193,8,346.0,6,6,2,"{""COW"":6,""SHEEP"":4}",10,32,12,12,0,0,0,36,181,270
93795788,0,288,289,12,5880.0,8,8,3,"{""COW"":8,""SHEEP"":4}",12,54,16,16,12,6,0,39,214,228
93795788,0,384,385,16,10031.0,6,6,3,"{""COW"":8,""SHEEP"":4}",12,60,34,34,16,2,12,44,248,232
93795788,0,480,481,20,31645.0,7,7,3,"{""COW"":8,""SHEEP"":4}",12,60,40,40,16,8,4,47,234,235
93795788,0,576,577,24,61137.0,7,7,3,"{""COW"":8,""SHEEP"":4}",13,62,32,32,11,6,12,50,225,10
93795788,0,719,719,29,96089.0,10,10,3,"{""COW"":8,""SHEEP"":4}",13,0,7,7,0,0,0,44,255,25
93795788,1,0,1,0,3.0,4,4,1,{},0,0,14,14,0,0,0,30,128,256
93795788,1,24,25,1,8.0,1,1,1,"{""COW"":1,""SHEEP"":4}",5,10,0,0,0,0,0,28,132,260
93795788,1,96,97,4,500.0,3,3,1,"{""COW"":1,""SHEEP"":4}",5,14,11,11,0,0,0,33,149,266
93795788,1,192,193,8,802.0,6,6,2,"{""COW"":6,""SHEEP"":4}",10,33,12,12,0,0,0,36,181,270
93795788,1,288,289,12,6301.0,8,8,3,"{""COW"":8,""SHEEP"":4}",12,61,16,16,12,6,0,39,214,228
93795788,1,384,385,16,11640.0,6,6,3,"{""COW"":8,""SHEEP"":4}",12,61,38,38,15,3,16,44,248,232
93795788,1,480,481,20,34674.0,7,7,3,"{""COW"":8,""SHEEP"":4}",12,61,44,44,15,8,4,47,234,235
93795788,1,576,577,24,64560.0,7,7,3,"{""COW"":8,""SHEEP"":4}",13,62,36,36,11,6,12,50,225,10
93795788,1,719,719,29,100056.0,10,10,3,"{""COW"":8,""SHEEP"":4}",13,0,0,0,0,0,0,44,255,25
93796310,0,0,1,0,3.0,4,4,1,{},0,0,14,14,0,0,0,30,128,256
93796310,0,24,25,1,8.0,1,1,1,"{""COW"":1,""SHEEP"":4}",5,10,0,0,0,0,0,28,132,260
93796310,0,96,97,4,500.0,3,3,1,"{""COW"":1,""SHEEP"":4}",5,14,11,11,0,0,0,33,139,266
93796310,0,192,193,8,588.0,6,6,2,"{""COW"":6,""SHEEP"":4}",10,33,12,12,0,0,0,36,159,270
93796310,0,288,289,12,6227.0,8,8,3,"{""COW"":8,""SHEEP"":4}",12,61,16,16,12,6,0,39,180,228
93796310,0,384,385,16,16620.0,6,6,3,"{""COW"":8,""SHEEP"":4}",12,61,38,38,15,3,16,43,208,232
93796310,0,480,481,20,46709.0,7,7,3,"{""COW"":8,""SHEEP"":4}",12,61,44,44,15,8,4,46,108,235
93796310,0,576,577,24,67723.0,7,7,3,"{""COW"":8,""SHEEP"":4}",13,62,36,36,11,6,12,49,9,10
93796310,0,719,719,29,102970.0,10,10,3,"{""COW"":8,""SHEEP"":4}",13,0,0,0,0,0,0,40,22,25
93796310,1,0,1,0,3.0,4,4,1,{},0,0,14,14,0,0,0,30,128,256
93796310,1,24,25,1,8.0,1,1,1,"{""COW"":1,""SHEEP"":4}",5,10,0,0,0,0,0,28,132,260
93796310,1,96,97,4,500.0,3,3,1,"{""COW"":1,""SHEEP"":4}",5,14,11,11,0,0,0,33,139,266
93796310,1,192,193,8,588.0,6,6,2,"{""COW"":6,""SHEEP"":4}",10,33,12,12,0,0,0,36,159,270
93796310,1,288,289,12,6227.0,8,8,3,"{""COW"":8,""SHEEP"":4}",12,61,16,16,12,6,0,39,180,228
93796310,1,384,385,16,16620.0,6,6,3,"{""COW"":8,""SHEEP"":4}",12,61,38,38,15,3,16,43,208,232
93796310,1,480,481,20,46587.0,7,7,3,"{""COW"":8,""SHEEP"":4}",12,61,44,44,15,8,4,46,108,235
93796310,1,576,577,24,67540.0,7,7,3,"{""COW"":8,""SHEEP"":4}",13,62,36,36,11,6,12,49,9,10
93796310,1,719,719,29,102762.0,10,10,3,"{""COW"":8,""SHEEP"":4}",13,0,7,7,0,0,0,40,22,25
93797257,0,0,1,0,73.0,4,4,1,{},0,0,11,11,0,0,0,30,128,256
93797257,0,24,25,1,9.0,1,1,1,"{""COW"":1,""SHEEP"":4}",5,10,0,0,0,0,0,28,132,260
93797257,0,96,97,4,664.0,3,3,1,"{""COW"":1,""SHEEP"":4}",5,14,6,6,0,0,0,33,139,266
93797257,0,192,193,8,793.0,6,6,2,"{""COW"":6,""SHEEP"":4}",10,33,14,14,0,0,0,36,159,270
93797257,0,288,289,12,7455.0,8,8,3,"{""COW"":8,""SHEEP"":4}",12,63,17,17,14,0,0,39,190,233
93797257,0,384,385,16,16147.0,6,6,3,"{""COW"":8,""SHEEP"":4}",12,63,17,17,24,0,0,43,214,236
93797257,0,480,481,20,30551.0,7,7,3,"{""COW"":8,""SHEEP"":4}",12,63,17,17,18,0,0,46,166,239
93797257,0,576,577,24,45192.0,6,6,3,"{""COW"":9,""SHEEP"":5}",14,59,19,19,12,0,0,50,11,10
93797257,0,719,719,29,60189.0,9,9,3,"{""COW"":9,""SHEEP"":1}",15,0,0,0,0,0,0,44,45,25
93797257,1,0,1,0,3.0,4,4,1,{},0,0,14,14,0,0,0,30,128,256
93797257,1,24,25,1,5.0,1,1,1,"{""COW"":1,""SHEEP"":4}",5,10,0,0,0,0,0,28,132,260
93797257,1,96,97,4,493.0,3,3,1,"{""COW"":1,""SHEEP"":4}",5,14,11,11,0,0,0,33,139,266
93797257,1,192,193,8,288.0,6,6,2,"{""COW"":6,""SHEEP"":4}",10,33,12,12,0,0,0,36,159,270
93797257,1,288,289,12,4205.0,8,8,3,"{""COW"":8,""SHEEP"":4}",12,55,16,16,12,6,0,39,190,233
93797257,1,384,385,16,8412.0,6,6,3,"{""COW"":8,""SHEEP"":4}",12,60,34,34,15,2,12,43,214,236
93797257,1,480,481,20,27135.0,7,7,3,"{""COW"":8,""SHEEP"":4}",12,60,40,40,15,8,4,46,166,239
93797257,1,576,577,24,42774.0,7,7,3,"{""COW"":8,""SHEEP"":4}",13,62,32,32,11,6,12,50,11,10
93797257,1,719,719,29,58165.0,10,10,3,"{""COW"":8,""SHEEP"":4}",13,0,7,7,0,0,0,44,45,25
93798859,0,0,1,0,3.0,4,4,1,{},0,0,14,14,0,0,0,30,128,256
93798859,0,24,25,1,8.0,1,1,1,"{""COW"":1,""SHEEP"":4}",5,10,0,0,0,0,0,28,132,260
93798859,0,96,97,4,500.0,3,3,1,"{""COW"":1,""SHEEP"":4}",5,14,11,11,0,0,0,33,139,266
93798859,0,192,193,8,588.0,6,6,2,"{""COW"":6,""SHEEP"":4}",10,33,12,12,0,0,0,36,145,270
93798859,0,288,289,12,6661.0,8,8,3,"{""COW"":8,""SHEEP"":4}",12,61,16,16,12,3,0,39,168,228
93798859,0,384,385,16,15769.0,6,6,3,"{""COW"":8,""SHEEP"":4}",12,61,38,38,15,3,16,43,195,232
93798859,0,480,481,20,36313.0,7,7,3,"{""COW"":8,""SHEEP"":4}",12,61,44,44,15,8,4,46,39,235
93798859,0,576,577,24,51751.0,7,7,3,"{""COW"":8,""SHEEP"":4}",13,62,36,36,11,6,0,47,12,10
93798859,0,719,719,29,83986.0,10,10,3,"{""COW"":8,""SHEEP"":4}",13,0,0,0,0,0,0,34,108,25
93798859,1,0,1,0,3.0,4,4,1,{},0,0,14,14,0,0,0,30,128,256
93798859,1,24,25,1,8.0,1,1,1,"{""COW"":1,""SHEEP"":4}",5,10,0,0,0,0,0,28,132,260
93798859,1,96,97,4,500.0,3,3,1,"{""COW"":1,""SHEEP"":4}",5,14,11,11,0,0,0,33,139,266
93798859,1,192,193,8,588.0,6,6,2,"{""COW"":6,""SHEEP"":4}",10,33,12,12,0,0,0,36,145,270
93798859,1,288,289,12,6079.0,8,8,3,"{""COW"":8,""SHEEP"":4}",12,61,16,16,12,6,0,39,168,228
93798859,1,384,385,16,14789.0,6,6,3,"{""COW"":8,""SHEEP"":4}",12,61,38,38,15,3,16,43,195,232
93798859,1,480,481,20,35267.0,7,7,3,"{""COW"":8,""SHEEP"":4}",12,61,44,44,15,8,4,46,39,235
93798859,1,576,577,24,48079.0,7,7,3,"{""COW"":8,""SHEEP"":4}",13,62,36,36,11,6,12,47,12,10
93798859,1,719,719,29,82506.0,10,10,3,"{""COW"":8,""SHEEP"":4}",13,0,7,7,0,0,0,34,108,25
93799358,0,0,1,0,2.0,5,5,1,{},0,0,14,14,0,0,0,29,128,256
93799358,0,24,25,1,8.0,1,1,1,"{""COW"":1,""SHEEP"":4}",5,10,0,0,0,0,0,28,132,260
93799358,0,96,97,4,508.0,3,3,1,"{""COW"":1,""SHEEP"":4}",5,14,11,11,0,0,0,33,149,266
93799358,0,192,193,8,561.0,6,6,2,"{""COW"":6,""SHEEP"":4}",10,32,12,12,0,0,0,35,173,270
93799358,0,288,289,12,6633.0,8,8,3,"{""COW"":8,""SHEEP"":4}",12,60,16,16,12,6,0,40,199,171
93799358,0,384,385,16,15701.0,6,6,3,"{""COW"":8,""SHEEP"":4}",12,60,38,38,16,3,16,43,225,178
93799358,0,480,481,20,43446.0,7,7,3,"{""COW"":8,""SHEEP"":4}",12,60,44,44,16,8,4,46,212,84
93799358,0,576,577,24,63669.0,7,7,3,"{""COW"":8,""SHEEP"":4}",13,62,36,36,11,6,12,48,150,13
93799358,0,719,719,29,90593.0,10,10,3,"{""COW"":8,""SHEEP"":4}",13,0,7,7,0,0,0,45,137,28
93799358,1,0,1,0,13.0,5,5,1,{},1,0,5,5,0,0,0,29,128,256
93799358,1,24,25,1,16.0,0,0,1,"{""COW"":2,""SHEEP"":2}",4,19,3,0,0,0,0,28,132,260
93799358,1,96,97,4,131.0,5,5,1,"{""COW"":3,""SHEEP"":2}",5,19,6,6,0,0,0,33,149,266
93799358,1,192,193,8,173.0,5,5,2,"{""COW"":6,""SHEEP"":3}",10,30,10,9,0,0,0,35,173,270
93799358,1,288,289,12,14968.0,5,5,3,"{""COW"":10,""SHEEP"":4}",14,52,14,8,18,0,0,40,199,171
93799358,1,384,385,16,28954.0,5,5,3,"{""COW"":10,""SHEEP"":4}",14,56,27,21,0,0,14,43,225,178
93799358,1,480,481,20,51056.0,5,5,3,"{""COW"":10,""SHEEP"":4}",14,59,23,17,11,5,4,46,212,84
93799358,1,576,577,24,75437.0,5,5,3,"{""COW"":10,""SHEEP"":4}",14,53,11,5,4,24,4,48,150,13
93799358,1,719,719,29,93526.0,8,8,3,"{""COW"":10,""SHEEP"":4}",14,1,0,0,0,0,0,45,137,28
93800605,0,0,1,0,3.0,4,4,1,{},0,0,14,14,0,0,0,30,128,256
93800605,0,24,25,1,8.0,1,1,1,"{""COW"":1,""SHEEP"":4}",5,10,0,0,0,0,0,28,132,260
93800605,0,96,97,4,504.0,3,3,1,"{""COW"":1,""SHEEP"":4}",5,14,11,11,0,0,0,33,139,266
93800605,0,192,193,8,1472.0,6,6,2,"{""COW"":6,""SHEEP"":4}",10,32,12,12,0,0,0,34,159,270
93800605,0,288,289,12,10045.0,8,8,3,"{""COW"":8,""SHEEP"":4}",12,61,12,12,3,6,0,37,190,228
93800605,0,384,385,16,18202.0,6,6,3,"{""COW"":8,""SHEEP"":4}",12,61,38,38,13,3,16,41,221,232
93800605,0,480,481,20,44163.0,7,7,3,"{""COW"":8,""SHEEP"":4}",12,61,44,44,13,8,4,44,175,235
93800605,0,576,577,24,64009.0,7,7,3,"{""COW"":8,""SHEEP"":4}",13,62,36,36,8,6,12,47,14,13
93800605,0,719,719,29,90837.0,10,10,3,"{""COW"":8,""SHEEP"":4}",13,1,0,0,0,0,0,36,59,28
93800605,1,0,1,0,3.0,4,4,1,{},0,0,14,14,0,0,0,30,128,256
93800605,1,24,25,1,8.0,1,1,1,"{""COW"":1,""SHEEP"":4}",5,10,0,0,0,0,0,28,132,260
93800605,1,96,97,4,500.0,3,3,1,"{""COW"":1,""SHEEP"":4}",5,14,11,11,0,0,0,33,139,266
93800605,1,192,193,8,1394.0,6,6,2,"{""COW"":6,""SHEEP"":4}",10,33,12,12,0,0,0,34,159,270
93800605,1,288,289,12,9283.0,8,8,3,"{""COW"":8,""SHEEP"":4}",12,61,16,16,12,6,0,37,190,228
93800605,1,384,385,16,18132.0,6,6,3,"{""COW"":8,""SHEEP"":4}",12,61,38,38,15,3,16,41,221,232
93800605,1,480,481,20,43902.0,7,7,3,"{""COW"":8,""SHEEP"":4}",12,61,44,44,15,8,4,44,175,235
93800605,1,576,577,24,63676.0,7,7,3,"{""COW"":8,""SHEEP"":4}",13,62,36,36,11,6,12,47,14,13
93800605,1,719,719,29,88498.0,10,10,3,"{""COW"":8,""SHEEP"":4}",13,0,7,7,0,0,0,36,59,28
93806176,0,0,1,0,13.0,5,5,1,{},1,0,5,5,0,0,0,29,128,256
93806176,0,24,25,1,16.0,0,0,1,"{""COW"":2,""SHEEP"":2}",4,19,3,0,0,0,0,28,132,260
93806176,0,96,97,4,131.0,5,5,1,"{""COW"":3,""SHEEP"":2}",5,19,6,6,0,0,0,32,139,266
93806176,0,192,193,8,141.0,5,5,2,"{""COW"":6,""SHEEP"":3}",10,26,10,8,0,0,0,33,159,270
93806176,0,288,289,12,9893.0,5,5,4,"{""COW"":6,""SHEEP"":8}",14,57,20,14,18,0,0,37,190,171
93806176,0,384,385,16,30678.0,5,5,4,"{""COW"":6,""SHEEP"":11}",18,62,22,16,0,0,0,40,221,178
93806176,0,480,481,20,59925.0,5,5,4,"{""COW"":6,""SHEEP"":12}",18,63,16,10,16,0,0,43,199,184
93806176,0,576,577,24,94252.0,5,5,4,"{""COW"":6,""SHEEP"":12}",18,49,15,9,18,0,1,46,93,28
93806176,0,719,719,29,126170.0,8,8,4,"{""COW"":6,""SHEEP"":8}",18,1,0,0,0,0,0,42,170,43
93806176,1,0,1,0,2.0,5,5,1,{},0,0,14,14,0,0,0,29,128,256
93806176,1,24,25,1,8.0,1,1,1,"{""COW"":1,""SHEEP"":4}",5,10,0,0,0,0,0,28,132,260
93806176,1,96,97,4,510.0,3,3,1,"{""COW"":1,""SHEEP"":4}",5,14,11,11,0,0,0,32,139,266
93806176,1,192,193,8,1459.0,6,6,2,"{""COW"":6,""SHEEP"":4}",10,33,12,12,0,0,0,33,159,270
93806176,1,288,289,12,9355.0,8,8,3,"{""COW"":8,""SHEEP"":4}",12,61,16,16,12,6,0,37,190,171
93806176,1,384,385,16,21776.0,6,6,3,"{""COW"":8,""SHEEP"":4}",12,61,38,38,15,3,16,40,221,178
93806176,1,480,481,20,55472.0,7,7,3,"{""COW"":8,""SHEEP"":4}",12,61,44,44,15,8,4,43,199,184
93806176,1,576,577,24,83984.0,7,7,3,"{""COW"":8,""SHEEP"":4}",13,62,36,36,11,6,12,46,93,28
93806176,1,719,719,29,120864.0,10,10,3,"{""COW"":8,""SHEEP"":4}",13,0,7,7,0,0,0,42,170,43
93807064,0,0,1,0,3.0,4,4,1,{},0,0,14,14,0,0,0,30,128,256
93807064,0,24,25,1,8.0,1,1,1,"{""COW"":1,""SHEEP"":4}",5,10,0,0,0,0,0,28,132,260
93807064,0,96,97,4,500.0,3,3,1,"{""COW"":1,""SHEEP"":4}",5,14,11,11,0,0,0,33,149,266
93807064,0,192,193,8,588.0,6,6,2,"{""COW"":6,""SHEEP"":4}",10,33,12,12,0,0,0,36,181,270
93807064,0,288,289,12,6078.0,8,8,3,"{""COW"":8,""SHEEP"":4}",12,61,16,16,12,6,0,39,206,228
93807064,0,384,385,16,12483.0,6,6,3,"{""COW"":8,""SHEEP"":4}",12,61,38,38,15,3,16,43,235,232
93807064,0,480,481,20,34667.0,7,7,3,"{""COW"":8,""SHEEP"":4}",12,61,44,44,15,8,4,46,208,235
93807064,0,576,577,24,61072.0,7,7,3,"{""COW"":8,""SHEEP"":4}",13,62,36,36,11,6,12,48,170,10
93807064,0,719,719,29,91922.0,10,10,3,"{""COW"":8,""SHEEP"":4}",13,0,7,7,0,0,0,39,169,25
93807064,1,0,1,0,3.0,4,4,1,{},0,0,14,14,0,0,0,30,128,256
93807064,1,24,25,1,8.0,1,1,1,"{""COW"":1,""SHEEP"":4}",5,10,0,0,0,0,0,28,132,260
93807064,1,96,97,4,500.0,3,3,1,"{""COW"":1,""SHEEP"":4}",5,14,11,11,0,0,0,33,149,266
93807064,1,192,193,8,588.0,6,6,2,"{""COW"":6,""SHEEP"":4}",10,33,12,12,0,0,0,36,181,270
93807064,1,288,289,12,6078.0,8,8,3,"{""COW"":8,""SHEEP"":4}",12,61,16,16,12,6,0,39,206,228
93807064,1,384,385,16,12483.0,6,6,3,"{""COW"":8,""SHEEP"":4}",12,61,38,38,15,3,16,43,235,232
93807064,1,480,481,20,34652.0,7,7,3,"{""COW"":8,""SHEEP"":4}",12,61,44,44,15,8,4,46,208,235
93807064,1,576,577,24,61010.0,7,7,3,"{""COW"":8,""SHEEP"":4}",13,62,36,36,11,6,12,48,170,10
93807064,1,719,719,29,90790.0,10,10,3,"{""COW"":8,""SHEEP"":4}",13,0,0,0,0,0,0,39,169,25
93809346,0,0,1,0,13.0,5,5,1,{},1,0,5,5,0,0,0,29,128,256
93809346,0,24,25,1,16.0,0,0,1,"{""COW"":2,""SHEEP"":2}",4,19,3,0,0,0,0,28,132,260
93809346,0,96,97,4,131.0,5,5,1,"{""COW"":3,""SHEEP"":2}",5,19,6,6,0,0,0,33,149,266
93809346,0,192,193,8,156.0,5,5,2,"{""COW"":6,""SHEEP"":3}",10,30,10,10,0,0,0,35,173,270
93809346,0,288,289,12,9086.0,5,5,4,"{""COW"":6,""SHEEP"":8}",14,55,19,13,18,0,0,39,189,171
93809346,0,384,385,16,27176.0,5,5,4,"{""COW"":6,""SHEEP"":11}",18,58,17,11,0,0,0,42,202,178
93809346,0,480,481,20,50731.0,5,5,4,"{""COW"":6,""SHEEP"":12}",18,67,20,14,22,0,0,46,155,84
93809346,0,576,577,24,71216.0,5,5,4,"{""COW"":6,""SHEEP"":12}",18,44,7,1,15,0,0,47,11,13
93809346,0,719,719,29,97967.0,8,8,4,"{""COW"":6,""SHEEP"":8}",18,1,0,0,0,0,0,44,47,28
93809346,1,0,1,0,2.0,5,5,1,{},0,0,14,14,0,0,0,29,128,256
93809346,1,24,25,1,8.0,1,1,1,"{""COW"":1,""SHEEP"":4}",5,10,0,0,0,0,0,28,132,260
93809346,1,96,97,4,508.0,3,3,1,"{""COW"":1,""SHEEP"":4}",5,14,11,11,0,0,0,33,149,266
93809346,1,192,193,8,850.0,6,6,2,"{""COW"":6,""SHEEP"":4}",10,33,12,12,0,0,0,35,173,270
93809346,1,288,289,12,8439.0,8,8,3,"{""COW"":8,""SHEEP"":4}",12,61,16,16,12,6,0,39,189,171
93809346,1,384,385,16,18598.0,6,6,3,"{""COW"":8,""SHEEP"":4}",12,61,38,38,15,3,16,42,202,178
93809346,1,480,481,20,43655.0,7,7,3,"{""COW"":8,""SHEEP"":4}",12,61,44,44,15,8,4,46,155,84
93809346,1,576,577,24,52224.0,7,7,3,"{""COW"":8,""SHEEP"":4}",13,62,36,36,11,6,12,47,11,13
93809346,1,719,719,29,76155.0,10,10,3,"{""COW"":8,""SHEEP"":4}",13,0,7,7,0,0,0,44,47,28
93810285,0,0,1,0,3.0,4,4,1,{},0,0,14,14,0,0,0,30,128,256
93810285,0,24,25,1,8.0,1,1,1,"{""COW"":1,""SHEEP"":4}",5,10,0,0,0,0,0,28,132,260
93810285,0,96,97,4,502.0,3,3,1,"{""COW"":1,""SHEEP"":4}",5,14,11,11,0,0,0,33,139,266
93810285,0,192,193,8,1238.0,6,6,2,"{""COW"":6,""SHEEP"":4}",10,33,12,12,0,0,0,34,145,270
93810285,0,288,289,12,9214.0,8,8,3,"{""COW"":6,""SHEEP"":6}",12,61,16,16,12,6,0,37,151,228
93810285,0,384,385,16,21043.0,6,6,3,"{""COW"":6,""SHEEP"":6}",12,61,38,38,15,3,14,41,179,232
93810285,0,480,481,20,41218.0,7,7,3,"{""COW"":6,""SHEEP"":6}",12,61,44,44,14,8,0,44,9,235
93810285,0,576,577,24,54863.0,7,7,3,"{""COW"":6,""SHEEP"":6}",13,62,36,36,11,6,0,46,11,10
93810285,0,719,719,29,80273.0,10,10,3,"{""COW"":6,""SHEEP"":6}",13,0,0,0,0,0,0,32,53,25
93810285,1,0,1,0,3.0,4,4,1,{},0,0,14,14,0,0,0,30,128,256
93810285,1,24,25,1,8.0,1,1,1,"{""COW"":1,""SHEEP"":4}",5,10,0,0,0,0,0,28,132,260
93810285,1,96,97,4,502.0,3,3,1,"{""COW"":1,""SHEEP"":4}",5,14,11,11,0,0,0,33,139,266
93810285,1,192,193,8,1438.0,6,6,2,"{""COW"":6,""SHEEP"":4}",10,33,12,12,0,0,0,34,145,270
93810285,1,288,289,12,9414.0,8,8,3,"{""COW"":8,""SHEEP"":4}",12,61,16,16,12,6,0,37,151,228
93810285,1,384,385,16,20868.0,6,6,3,"{""COW"":8,""SHEEP"":4}",12,61,38,38,15,3,16,41,179,232
93810285,1,480,481,20,39747.0,7,7,3,"{""COW"":8,""SHEEP"":4}",12,61,44,44,15,8,4,44,9,235
93810285,1,576,577,24,49772.0,7,7,3,"{""COW"":8,""SHEEP"":4}",13,62,36,36,11,6,12,46,11,10
93810285,1,719,719,29,75261.0,10,10,3,"{""COW"":8,""SHEEP"":4}",13,0,7,7,0,0,0,32,53,25
93811231,0,0,1,0,13.0,5,5,1,{},1,0,5,5,0,0,0,29,128,256
93811231,0,24,25,1,16.0,0,0,1,"{""COW"":2,""SHEEP"":2}",4,19,3,0,0,0,0,28,132,260
93811231,0,96,97,4,131.0,5,5,1,"{""COW"":3,""SHEEP"":2}",5,19,6,6,0,0,0,32,139,266
93811231,0,192,193,8,486.0,5,5,2,"{""COW"":6,""SHEEP"":3}",10,30,10,9,0,0,0,33,145,270
93811231,0,288,289,12,15955.0,5,5,3,"{""COW"":10,""SHEEP"":4}",14,52,14,8,0,1,0,36,168,171
93811231,0,384,385,16,26323.0,5,5,3,"{""COW"":10,""SHEEP"":4}",14,56,27,21,0,0,8,40,181,178
93811231,0,480,481,20,43054.0,5,5,3,"{""COW"":10,""SHEEP"":4}",14,59,23,17,11,0,4,42,47,84
93811231,0,576,577,24,51417.0,5,5,3,"{""COW"":10,""SHEEP"":4}",14,53,11,5,4,0,0,43,9,13
93811231,0,719,719,29,64735.0,8,8,3,"{""COW"":10,""SHEEP"":4}",14,1,0,0,0,0,0,36,24,28
93811231,1,0,1,0,2.0,5,5,1,{},0,0,14,14,0,0,0,29,128,256
93811231,1,24,25,1,8.0,1,1,1,"{""COW"":1,""SHEEP"":4}",5,10,0,0,0,0,0,28,132,260
93811231,1,96,97,4,510.0,3,3,1,"{""COW"":1,""SHEEP"":4}",5,14,11,11,0,0,0,32,139,266
93811231,1,192,193,8,1462.0,6,6,2,"{""COW"":6,""SHEEP"":4}",10,33,12,12,0,0,0,33,145,270
93811231,1,288,289,12,9169.0,8,8,3,"{""COW"":8,""SHEEP"":4}",12,61,16,16,12,6,0,36,168,171
93811231,1,384,385,16,16548.0,6,6,3,"{""COW"":8,""SHEEP"":4}",12,61,38,38,15,3,16,40,181,178
93811231,1,480,481,20,35751.0,7,7,3,"{""COW"":8,""SHEEP"":4}",12,61,44,44,15,8,4,42,47,84
93811231,1,576,577,24,38502.0,7,7,3,"{""COW"":8,""SHEEP"":4}",13,62,36,36,11,6,12,43,9,13
93811231,1,719,719,29,61954.0,10,10,3,"{""COW"":8,""SHEEP"":4}",13,0,7,7,0,0,0,36,24,28
93813649,0,0,1,0,2.0,5,5,1,{},0,0,14,14,0,0,0,29,128,256
93813649,0,24,25,1,8.0,1,1,1,"{""COW"":1,""SHEEP"":4}",5,10,0,0,0,0,0,28,132,260
93813649,0,96,97,4,510.0,3,3,1,"{""COW"":1,""SHEEP"":4}",5,14,11,11,0,0,0,32,149,266
93813649,0,192,193,8,576.0,6,6,2,"{""COW"":6,""SHEEP"":4}",10,33,12,12,0,0,0,33,181,270
93813649,0,288,289,12,6715.0,8,8,3,"{""COW"":8,""SHEEP"":4}",12,61,16,16,12,6,0,36,206,171
93813649,0,384,385,16,16973.0,6,6,3,"{""COW"":8,""SHEEP"":4}",12,61,38,38,15,3,16,37,231,178
93813649,0,480,481,20,50522.0,7,7,3,"{""COW"":8,""SHEEP"":4}",12,61,44,44,15,8,4,38,217,84
93813649,0,576,577,24,78374.0,7,7,3,"{""COW"":8,""SHEEP"":4}",13,62,36,36,11,6,12,36,166,13
93813649,0,719,719,29,111573.0,10,10,3,"{""COW"":8,""SHEEP"":4}",13,0,7,7,0,0,0,21,99,28
93813649,1,0,1,0,13.0,5,5,1,{},1,0,5,5,0,0,0,29,128,256
93813649,1,24,25,1,16.0,0,0,1,"{""COW"":2,""SHEEP"":2}",4,19,3,0,0,0,0,28,132,260
93813649,1,96,97,4,131.0,5,5,1,"{""COW"":3,""SHEEP"":2}",5,19,6,6,0,0,0,32,149,266
93813649,1,192,193,8,197.0,5,5,2,"{""COW"":6,""SHEEP"":3}",10,30,10,9,0,0,0,33,181,270
93813649,1,288,289,12,15477.0,5,5,3,"{""COW"":10,""SHEEP"":4}",14,52,14,8,18,0,0,36,206,171
93813649,1,384,385,16,29501.0,5,5,3,"{""COW"":10,""SHEEP"":4}",14,56,27,21,21,0,8,37,231,178
93813649,1,480,481,20,58542.0,5,5,3,"{""COW"":10,""SHEEP"":4}",14,59,23,17,20,5,10,38,217,84
93813649,1,576,577,24,88442.0,5,5,3,"{""COW"":10,""SHEEP"":4}",14,51,12,6,17,15,9,36,166,13
93813649,1,719,719,29,119572.0,8,8,3,"{""COW"":10,""SHEEP"":4}",14,1,0,0,14,1,0,21,99,28
93816955,0,0,1,0,2.0,5,5,1,{},0,0,14,14,0,0,0,29,128,256
93816955,0,24,25,1,8.0,1,1,1,"{""COW"":1,""SHEEP"":4}",5,10,0,0,0,0,0,28,132,260
93816955,0,96,97,4,508.0,3,3,1,"{""COW"":1,""SHEEP"":4}",5,14,11,11,0,0,0,33,139,266
93816955,0,192,193,8,850.0,6,6,2,"{""COW"":6,""SHEEP"":4}",10,32,12,12,0,0,0,35,145,270
93816955,0,288,289,12,8439.0,8,8,3,"{""COW"":8,""SHEEP"":4}",12,60,16,16,12,6,0,39,150,171
93816955,0,384,385,16,18607.0,6,6,3,"{""COW"":8,""SHEEP"":4}",12,60,38,38,16,3,16,41,145,178
93816955,0,480,481,20,30580.0,7,7,3,"{""COW"":8,""SHEEP"":4}",12,60,44,44,16,8,4,43,5,84
93816955,0,576,577,24,32561.0,7,7,3,"{""COW"":8,""SHEEP"":4}",13,62,36,36,11,6,12,44,9,13
93816955,0,719,719,29,52316.0,10,10,3,"{""COW"":8,""SHEEP"":4}",13,0,7,7,0,0,0,37,24,28
93816955,1,0,1,0,13.0,5,5,1,{},1,0,5,5,0,0,0,29,128,256
93816955,1,24,25,1,16.0,0,0,1,"{""COW"":2,""SHEEP"":2}",4,19,3,0,0,0,0,28,132,260
93816955,1,96,97,4,201.0,5,5,1,"{""COW"":3,""SHEEP"":2}",5,19,6,6,0,0,0,33,139,266
93816955,1,192,193,8,426.0,5,5,2,"{""COW"":6,""SHEEP"":3}",10,31,10,10,0,0,0,35,145,270
93816955,1,288,289,12,9616.0,5,5,4,"{""COW"":6,""SHEEP"":8}",14,56,19,13,18,0,0,39,150,171
93816955,1,384,385,16,26987.0,5,5,4,"{""COW"":6,""SHEEP"":11}",18,59,17,11,0,0,0,41,145,178
93816955,1,480,481,20,44851.0,5,5,4,"{""COW"":6,""SHEEP"":12}",18,69,20,14,22,0,0,43,5,84
93816955,1,576,577,24,59993.0,5,5,4,"{""COW"":6,""SHEEP"":12}",18,44,8,2,15,0,0,44,9,13
93816955,1,719,719,29,73665.0,8,8,4,"{""COW"":6,""SHEEP"":8}",18,1,0,0,0,0,0,37,24,28
93819959,0,0,1,0,3.0,4,4,1,{},0,0,14,14,0,0,0,30,128,256
93819959,0,24,25,1,8.0,1,1,1,"{""COW"":1,""SHEEP"":4}",5,10,0,0,0,0,0,28,132,260
93819959,0,96,97,4,500.0,3,3,1,"{""COW"":1,""SHEEP"":4}",5,14,11,11,0,0,0,33,139,266
93819959,0,192,193,8,960.0,6,6,2,"{""COW"":6,""SHEEP"":4}",10,33,12,12,0,0,0,35,145,270
93819959,0,288,289,12,8490.0,8,8,3,"{""COW"":8,""SHEEP"":4}",12,61,16,16,12,6,0,38,168,228
93819959,0,384,385,16,22010.0,6,6,3,"{""COW"":8,""SHEEP"":4}",12,61,38,38,15,3,16,41,201,232
93819959,0,480,481,20,56347.0,7,7,3,"{""COW"":8,""SHEEP"":4}",12,61,44,44,15,8,4,44,99,235
93819959,0,576,577,24,78569.0,7,7,3,"{""COW"":8,""SHEEP"":4}",13,62,36,36,11,6,12,46,12,10
93819959,0,719,719,29,123621.0,10,10,3,"{""COW"":8,""SHEEP"":4}",13,0,0,0,0,0,0,33,85,25
93819959,1,0,1,0,3.0,4,4,1,{},0,0,14,14,0,0,0,30,128,256
93819959,1,24,25,1,8.0,1,1,1,"{""COW"":1,""SHEEP"":4}",5,10,0,0,0,0,0,28,132,260
93819959,1,96,97,4,500.0,3,3,1,"{""COW"":1,""SHEEP"":4}",5,14,11,11,0,0,0,33,139,266
93819959,1,192,193,8,960.0,6,6,2,"{""COW"":6,""SHEEP"":4}",10,33,12,12,0,0,0,35,145,270
93819959,1,288,289,12,8490.0,8,8,3,"{""COW"":8,""SHEEP"":4}",12,61,16,16,12,6,0,38,168,228
93819959,1,384,385,16,22015.0,6,6,3,"{""COW"":8,""SHEEP"":4}",12,61,38,38,15,3,16,41,201,232
93819959,1,480,481,20,56355.0,7,7,3,"{""COW"":8,""SHEEP"":4}",12,61,44,44,15,8,4,44,99,235
93819959,1,576,577,24,78648.0,7,7,3,"{""COW"":8,""SHEEP"":4}",13,62,36,36,11,6,12,46,12,10
93819959,1,719,719,29,124150.0,10,10,3,"{""COW"":8,""SHEEP"":4}",13,0,7,7,0,0,0,33,85,25
93820079,0,0,1,0,13.0,5,5,1,{},1,0,5,5,0,0,0,29,128,256
93820079,0,24,25,1,16.0,0,0,1,"{""COW"":2,""SHEEP"":2}",4,19,3,0,0,0,0,28,132,260
93820079,0,96,97,4,131.0,5,5,1,"{""COW"":3,""SHEEP"":2}",5,19,6,6,0,0,0,32,139,266
93820079,0,192,193,8,194.0,5,5,2,"{""COW"":6,""SHEEP"":3}",10,30,10,10,0,0,0,33,145,270
93820079,0,288,289,12,13651.0,5,5,3,"{""COW"":10,""SHEEP"":4}",14,54,16,10,18,0,0,37,151,171
93820079,0,384,385,16,21844.0,5,5,3,"{""COW"":10,""SHEEP"":4}",14,57,20,14,9,0,8,39,169,178
93820079,0,480,481,20,32197.0,5,5,3,"{""COW"":10,""SHEEP"":4}",14,57,27,21,0,0,0,41,5,84
93820079,0,576,577,24,33523.0,5,5,3,"{""COW"":10,""SHEEP"":4}",14,57,7,1,5,24,0,43,9,13
93820079,0,719,719,29,41244.0,8,8,3,"{""COW"":9,""SHEEP"":4}",14,3,0,0,0,0,0,35,18,28
93820079,1,0,1,0,2.0,5,5,1,{},0,0,14,14,0,0,0,29,128,256
93820079,1,24,25,1,8.0,1,1,1,"{""COW"":1,""SHEEP"":4}",5,10,0,0,0,0,0,28,132,260
93820079,1,96,97,4,510.0,3,3,1,"{""COW"":1,""SHEEP"":4}",5,14,11,11,0,0,0,32,139,266
93820079,1,192,193,8,578.0,6,6,2,"{""COW"":6,""SHEEP"":4}",10,33,12,12,0,0,0,33,145,270
93820079,1,288,289,12,6489.0,8,8,3,"{""COW"":8,""SHEEP"":4}",12,61,16,16,12,6,0,37,151,171
93820079,1,384,385,16,11623.0,6,6,3,"{""COW"":8,""SHEEP"":4}",12,61,38,38,15,3,16,39,169,178
93820079,1,480,481,20,20832.0,7,7,3,"{""COW"":8,""SHEEP"":4}",12,61,44,44,15,8,4,41,5,84
93820079,1,576,577,24,21243.0,7,7,3,"{""COW"":8,""SHEEP"":4}",13,62,36,36,11,6,12,43,9,13
93820079,1,719,719,29,34239.0,10,10,3,"{""COW"":8,""SHEEP"":4}",13,0,7,7,0,0,0,35,18,28
93821807,0,0,1,0,13.0,5,5,1,{},1,0,5,5,0,0,0,29,128,256
93821807,0,24,25,1,16.0,0,0,1,"{""COW"":2,""SHEEP"":2}",4,19,3,0,0,0,0,28,132,260
93821807,0,96,97,4,131.0,5,5,1,"{""COW"":3,""SHEEP"":2}",5,19,6,6,0,0,0,33,149,266
93821807,0,192,193,8,187.0,5,5,2,"{""COW"":6,""SHEEP"":3}",10,30,10,9,0,0,0,35,181,270
93821807,0,288,289,12,14689.0,5,5,3,"{""COW"":10,""SHEEP"":4}",14,52,14,8,18,0,0,38,206,171
93821807,0,384,385,16,26945.0,5,5,3,"{""COW"":10,""SHEEP"":4}",14,56,27,21,0,0,8,41,231,178
93821807,0,480,481,20,42690.0,5,5,3,"{""COW"":10,""SHEEP"":4}",14,59,23,17,11,5,4,43,219,84
93821807,0,576,577,24,66801.0,5,5,3,"{""COW"":10,""SHEEP"":4}",14,53,11,5,4,24,4,45,179,13
93821807,0,719,719,29,88807.0,8,8,3,"{""COW"":10,""SHEEP"":4}",14,1,0,0,0,0,0,37,172,28
93821807,1,0,1,0,2.0,5,5,1,{},0,0,14,14,0,0,0,29,128,256
93821807,1,24,25,1,8.0,1,1,1,"{""COW"":1,""SHEEP"":4}",5,10,0,0,0,0,0,28,132,260
93821807,1,96,97,4,508.0,3,3,1,"{""COW"":1,""SHEEP"":4}",5,14,11,11,0,0,0,33,149,266
93821807,1,192,193,8,562.0,6,6,2,"{""COW"":6,""SHEEP"":4}",10,32,12,12,0,0,0,35,181,270
93821807,1,288,289,12,6592.0,8,8,3,"{""COW"":8,""SHEEP"":4}",12,60,16,16,12,6,0,38,206,171
93821807,1,384,385,16,14129.0,6,6,3,"{""COW"":8,""SHEEP"":4}",12,60,38,38,16,3,16,41,231,178
93821807,1,480,481,20,36680.0,7,7,3,"{""COW"":8,""SHEEP"":4}",12,60,44,44,16,8,4,43,219,84
93821807,1,576,577,24,56443.0,7,7,3,"{""COW"":8,""SHEEP"":4}",13,62,36,36,11,6,12,45,179,13
93821807,1,719,719,29,84172.0,10,10,3,"{""COW"":8,""SHEEP"":4}",13,0,7,7,0,0,0,37,172,28
93822265,0,0,1,0,3.0,4,4,1,{},0,0,14,14,0,0,0,30,128,256
93822265,0,24,25,1,8.0,1,1,1,"{""COW"":1,""SHEEP"":4}",5,10,0,0,0,0,0,28,132,260
93822265,0,96,97,4,502.0,3,3,1,"{""COW"":1,""SHEEP"":4}",5,14,11,11,0,0,0,33,139,266
93822265,0,192,193,8,563.0,6,6,2,"{""COW"":6,""SHEEP"":4}",10,33,12,12,0,0,0,34,159,270
93822265,0,288,289,12,6140.0,8,8,3,"{""COW"":8,""SHEEP"":4}",12,61,16,16,12,6,0,37,190,228
93822265,0,384,385,16,14730.0,6,6,3,"{""COW"":8,""SHEEP"":4}",12,61,38,38,15,3,16,41,221,232
93822265,0,480,481,20,37327.0,7,7,3,"{""COW"":8,""SHEEP"":4}",12,61,44,44,15,8,4,43,166,235
93822265,0,576,577,24,52743.0,7,7,3,"{""COW"":8,""SHEEP"":4}",13,62,36,36,11,6,12,45,11,10
93822265,0,719,719,29,68348.0,10,10,3,"{""COW"":8,""SHEEP"":4}",13,0,0,0,0,0,0,22,53,25
93822265,1,0,1,0,3.0,4,4,1,{},0,0,14,14,0,0,0,30,128,256
93822265,1,24,25,1,8.0,1,1,1,"{""COW"":1,""SHEEP"":4}",5,10,0,0,0,0,0,28,132,260
93822265,1,96,97,4,502.0,3,3,1,"{""COW"":1,""SHEEP"":4}",5,14,11,11,0,0,0,33,139,266
93822265,1,192,193,8,563.0,6,6,2,"{""COW"":6,""SHEEP"":4}",10,33,12,12,0,0,0,34,159,270
93822265,1,288,289,12,6141.0,8,8,3,"{""COW"":8,""SHEEP"":4}",12,61,16,16,12,6,0,37,190,228
93822265,1,384,385,16,14731.0,6,6,3,"{""COW"":8,""SHEEP"":4}",12,61,38,38,15,3,16,41,221,232
93822265,1,480,481,20,37344.0,7,7,3,"{""COW"":8,""SHEEP"":4}",12,61,44,44,15,8,4,43,166,235
93822265,1,576,577,24,52849.0,7,7,3,"{""COW"":8,""SHEEP"":4}",13,62,36,36,11,6,12,45,11,10
93822265,1,719,719,29,69514.0,10,10,3,"{""COW"":8,""SHEEP"":4}",13,0,7,7,0,0,0,22,53,25
93828225,0,0,1,0,2.0,5,5,1,{},0,0,14,14,0,0,0,29,128,256
93828225,0,24,25,1,8.0,1,1,1,"{""COW"":1,""SHEEP"":4}",5,10,0,0,0,0,0,28,132,260
93828225,0,96,97,4,508.0,3,3,1,"{""COW"":1,""SHEEP"":4}",5,14,11,11,0,0,0,33,149,266
93828225,0,192,193,8,563.0,6,6,2,"{""COW"":6,""SHEEP"":4}",10,33,12,12,0,0,0,35,181,270
93828225,0,288,289,12,6451.0,8,8,3,"{""COW"":8,""SHEEP"":4}",12,61,16,16,12,6,0,40,214,171
93828225,0,384,385,16,10021.0,6,6,3,"{""COW"":8,""SHEEP"":4}",12,61,38,38,15,3,16,43,236,178
93828225,0,480,481,20,31639.0,7,7,3,"{""COW"":8,""SHEEP"":4}",12,61,44,44,15,8,4,45,224,84
93828225,0,576,577,24,52667.0,7,7,3,"{""COW"":8,""SHEEP"":4}",13,62,36,36,11,6,12,46,178,13
93828225,0,719,719,29,86876.0,10,10,3,"{""COW"":8,""SHEEP"":4}",13,0,7,7,0,0,0,40,132,28
93828225,1,0,1,0,13.0,5,5,1,{},1,0,5,5,0,0,0,29,128,256
93828225,1,24,25,1,16.0,0,0,1,"{""COW"":2,""SHEEP"":2}",4,19,3,0,0,0,0,28,132,260
93828225,1,96,97,4,131.0,5,5,1,"{""COW"":3,""SHEEP"":2}",5,19,6,6,0,0,0,33,149,266
93828225,1,192,193,8,170.0,5,5,2,"{""COW"":6,""SHEEP"":3}",10,29,10,9,0,0,0,35,181,270
93828225,1,288,289,12,13611.0,5,5,3,"{""COW"":10,""SHEEP"":4}",14,51,14,8,18,0,0,40,214,171
93828225,1,384,385,16,21614.0,5,5,3,"{""COW"":10,""SHEEP"":4}",14,55,27,21,0,0,8,43,236,178
93828225,1,480,481,20,35477.0,5,5,3,"{""COW"":10,""SHEEP"":4}",14,58,23,17,11,0,4,45,224,84
93828225,1,576,577,24,60562.0,5,5,3,"{""COW"":10,""SHEEP"":4}",14,53,11,5,4,24,4,46,178,13
93828225,1,719,719,29,86618.0,8,8,3,"{""COW"":10,""SHEEP"":4}",14,1,0,0,0,0,0,40,132,28
93833155,0,0,1,0,13.0,5,5,1,{},1,0,5,5,0,0,0,29,128,256
93833155,0,24,25,1,16.0,0,0,1,"{""COW"":2,""SHEEP"":2}",4,19,3,0,0,0,0,28,132,260
93833155,0,96,97,4,131.0,5,5,1,"{""COW"":3,""SHEEP"":2}",5,19,6,6,0,0,0,32,139,266
93833155,0,192,193,8,185.0,5,5,2,"{""COW"":6,""SHEEP"":3}",10,30,10,9,0,0,0,34,159,270
93833155,0,288,289,12,14183.0,5,5,3,"{""COW"":10,""SHEEP"":4}",14,52,14,8,18,0,0,37,190,171
93833155,0,384,385,16,24707.0,5,5,3,"{""COW"":10,""SHEEP"":4}",14,56,27,21,0,2,8,40,219,178
93833155,0,480,481,20,38003.0,5,5,3,"{""COW"":10,""SHEEP"":4}",14,59,23,17,11,15,4,43,199,84
93833155,0,576,577,24,56413.0,5,5,3,"{""COW"":10,""SHEEP"":4}",14,53,11,5,4,0,4,45,84,13
93833155,0,719,719,29,64674.0,8,8,3,"{""COW"":10,""SHEEP"":4}",14,1,0,0,0,1,0,40,18,28
93833155,1,0,1,0,2.0,5,5,1,{},0,0,14,14,0,0,0,29,128,256
93833155,1,24,25,1,8.0,1,1,1,"{""COW"":1,""SHEEP"":4}",5,10,0,0,0,0,0,28,132,260
93833155,1,96,97,4,510.0,3,3,1,"{""COW"":1,""SHEEP"":4}",5,14,11,11,0,0,0,32,139,266
93833155,1,192,193,8,572.0,6,6,2,"{""COW"":6,""SHEEP"":4}",10,33,12,12,0,0,0,34,159,270
93833155,1,288,289,12,6533.0,8,8,3,"{""COW"":8,""SHEEP"":4}",12,61,16,16,12,6,0,37,190,171
93833155,1,384,385,16,12782.0,6,6,3,"{""COW"":8,""SHEEP"":4}",12,61,38,38,15,3,16,40,219,178
93833155,1,480,481,20,33913.0,7,7,3,"{""COW"":8,""SHEEP"":4}",12,61,44,44,15,8,4,43,199,84
93833155,1,576,577,24,50334.0,7,7,3,"{""COW"":8,""SHEEP"":4}",13,62,36,36,11,6,12,45,84,13
93833155,1,719,719,29,65399.0,10,10,3,"{""COW"":8,""SHEEP"":4}",13,0,7,7,0,0,0,40,18,28
93833276,0,0,1,0,3.0,4,4,1,{},0,0,14,14,0,0,0,30,128,256
93833276,0,24,25,1,8.0,1,1,1,"{""COW"":1,""SHEEP"":4}",5,10,0,0,0,0,0,28,132,260
93833276,0,96,97,4,500.0,3,3,1,"{""COW"":1,""SHEEP"":4}",5,14,11,11,0,0,0,33,149,266
93833276,0,192,193,8,594.0,6,6,2,"{""COW"":6,""SHEEP"":4}",10,33,12,12,0,0,0,35,181,270
93833276,0,288,289,12,6244.0,8,8,3,"{""COW"":8,""SHEEP"":4}",12,61,16,16,12,6,0,38,214,228
93833276,0,384,385,16,16677.0,6,6,3,"{""COW"":8,""SHEEP"":4}",12,61,38,38,15,3,16,40,248,232
93833276,0,480,481,20,52739.0,7,7,3,"{""COW"":8,""SHEEP"":4}",12,61,44,44,15,8,4,43,232,235
93833276,0,576,577,24,92169.0,7,7,3,"{""COW"":8,""SHEEP"":4}",13,62,36,36,11,6,12,44,215,10
93833276,0,719,719,29,144272.0,10,10,3,"{""COW"":8,""SHEEP"":4}",13,0,0,0,0,0,0,24,238,25
93833276,1,0,1,0,3.0,4,4,1,{},0,0,14,14,0,0,0,30,128,256
93833276,1,24,25,1,8.0,1,1,1,"{""COW"":1,""SHEEP"":4}",5,10,0,0,0,0,0,28,132,260
93833276,1,96,97,4,500.0,3,3,1,"{""COW"":1,""SHEEP"":4}",5,14,11,11,0,0,0,33,149,266
93833276,1,192,193,8,594.0,6,6,2,"{""COW"":6,""SHEEP"":4}",10,33,12,12,0,0,0,35,181,270
93833276,1,288,289,12,6244.0,8,8,3,"{""COW"":8,""SHEEP"":4}",12,61,16,16,12,6,0,38,214,228
93833276,1,384,385,16,16677.0,6,6,3,"{""COW"":8,""SHEEP"":4}",12,61,38,38,15,3,16,40,248,232
93833276,1,480,481,20,52739.0,7,7,3,"{""COW"":8,""SHEEP"":4}",12,61,44,44,15,8,4,43,232,235
93833276,1,576,577,24,92249.0,7,7,3,"{""COW"":8,""SHEEP"":4}",13,62,36,36,11,6,12,44,215,10
93833276,1,719,719,29,144359.0,10,10,3,"{""COW"":8,""SHEEP"":4}",13,0,7,7,0,0,0,24,238,25
93838615,0,0,1,0,3.0,4,4,1,{},0,0,14,14,0,0,0,30,128,256
93838615,0,24,25,1,8.0,1,1,1,"{""COW"":1,""SHEEP"":4}",5,10,0,0,0,0,0,28,132,260
93838615,0,96,97,4,500.0,3,3,1,"{""COW"":1,""SHEEP"":4}",5,14,11,11,0,0,0,33,139,266
93838615,0,192,193,8,588.0,6,6,2,"{""COW"":6,""SHEEP"":4}",10,33,12,12,0,0,0,36,159,270
93838615,0,288,289,12,6188.0,8,8,3,"{""COW"":8,""SHEEP"":4}",12,61,16,16,12,6,0,39,190,228
93838615,0,384,385,16,15660.0,6,6,3,"{""COW"":8,""SHEEP"":4}",12,61,38,38,15,3,16,43,212,232
93838615,0,480,481,20,42120.0,7,7,3,"{""COW"":8,""SHEEP"":4}",12,61,44,44,15,8,4,46,84,235
93838615,0,576,577,24,57992.0,7,7,3,"{""COW"":8,""SHEEP"":4}",13,62,36,36,11,6,12,48,9,10
93838615,0,719,719,29,86528.0,10,10,3,"{""COW"":8,""SHEEP"":4}",13,0,7,7,0,0,0,39,24,25
93838615,1,0,1,0,3.0,4,4,1,{},0,0,14,14,0,0,0,30,128,256
93838615,1,24,25,1,8.0,1,1,1,"{""COW"":1,""SHEEP"":4}",5,10,0,0,0,0,0,28,132,260
93838615,1,96,97,4,500.0,3,3,1,"{""COW"":1,""SHEEP"":4}",5,14,11,11,0,0,0,33,139,266
93838615,1,192,193,8,588.0,6,6,2,"{""COW"":6,""SHEEP"":4}",10,33,12,12,0,0,0,36,159,270
93838615,1,288,289,12,6188.0,8,8,3,"{""COW"":8,""SHEEP"":4}",12,61,16,16,12,6,0,39,190,228
93838615,1,384,385,16,15660.0,6,6,3,"{""COW"":8,""SHEEP"":4}",12,61,38,38,15,3,16,43,212,232
93838615,1,480,481,20,42105.0,7,7,3,"{""COW"":8,""SHEEP"":4}",12,61,44,44,15,8,4,46,84,235
93838615,1,576,577,24,57975.0,7,7,3,"{""COW"":8,""SHEEP"":4}",13,62,36,36,11,6,12,48,9,10
93838615,1,719,719,29,85321.0,10,10,3,"{""COW"":8,""SHEEP"":4}",13,0,0,0,0,0,0,39,24,25
93851991,0,0,1,0,3.0,4,4,1,{},0,0,14,14,0,0,0,30,128,256
93851991,0,24,25,1,8.0,1,1,1,"{""COW"":1,""SHEEP"":4}",5,10,0,0,0,0,0,28,132,260
93851991,0,96,97,4,502.0,3,3,1,"{""COW"":1,""SHEEP"":4}",5,14,11,11,0,0,0,33,139,266
93851991,0,192,193,8,563.0,6,6,2,"{""COW"":6,""SHEEP"":4}",10,33,12,12,0,0,0,34,145,270
93851991,0,288,289,12,6069.0,8,8,3,"{""COW"":8,""SHEEP"":4}",12,61,16,16,12,6,0,37,150,228
93851991,0,384,385,16,11353.0,6,6,3,"{""COW"":8,""SHEEP"":4}",12,61,38,38,15,3,16,41,161,232
93851991,0,480,481,20,15746.0,7,7,3,"{""COW"":8,""SHEEP"":4}",12,61,44,44,15,8,4,43,5,235
93851991,0,576,577,24,23281.0,7,7,3,"{""COW"":8,""SHEEP"":4}",13,62,36,36,11,6,12,46,7,10
93851991,0,719,719,29,37548.0,10,10,3,"{""COW"":8,""SHEEP"":4}",13,0,7,7,0,0,0,34,14,25
93851991,1,0,1,0,3.0,4,4,1,{},0,0,14,14,0,0,0,30,128,256
93851991,1,24,25,1,8.0,1,1,1,"{""COW"":1,""SHEEP"":4}",5,10,0,0,0,0,0,28,132,260
93851991,1,96,97,4,502.0,3,3,1,"{""COW"":1,""SHEEP"":4}",5,14,11,11,0,0,0,33,139,266
93851991,1,192,193,8,563.0,6,6,2,"{""COW"":6,""SHEEP"":4}",10,33,12,12,0,0,0,34,145,270
93851991,1,288,289,12,6069.0,8,8,3,"{""COW"":8,""SHEEP"":4}",12,61,16,16,12,6,0,37,150,228
93851991,1,384,385,16,11353.0,6,6,3,"{""COW"":8,""SHEEP"":4}",12,61,38,38,15,3,16,41,161,232
93851991,1,480,481,20,15689.0,7,7,3,"{""COW"":8,""SHEEP"":4}",12,61,44,44,15,8,4,43,5,235
93851991,1,576,577,24,23182.0,7,7,3,"{""COW"":8,""SHEEP"":4}",13,62,36,36,11,6,12,46,7,10
93851991,1,719,719,29,37159.0,10,10,3,"{""COW"":8,""SHEEP"":4}",13,0,0,0,0,0,0,34,14,25
93851994,0,0,1,0,3.0,4,4,1,{},0,0,14,14,0,0,0,30,128,256
93851994,0,24,25,1,8.0,1,1,1,"{""COW"":1,""SHEEP"":4}",5,10,0,0,0,0,0,28,132,260
93851994,0,96,97,4,500.0,3,3,1,"{""COW"":1,""SHEEP"":4}",5,14,11,11,0,0,0,33,149,266
93851994,0,192,193,8,588.0,6,6,2,"{""COW"":6,""SHEEP"":4}",10,33,12,12,0,0,0,36,181,270
93851994,0,288,289,12,6150.0,8,8,3,"{""COW"":8,""SHEEP"":4}",12,61,16,16,12,6,0,39,214,228
93851994,0,384,385,16,14709.0,6,6,3,"{""COW"":8,""SHEEP"":4}",12,61,38,38,15,3,16,43,248,232
93851994,0,480,481,20,41403.0,7,7,3,"{""COW"":8,""SHEEP"":4}",12,61,44,44,15,8,4,47,232,235
93851994,0,576,577,24,71109.0,7,7,3,"{""COW"":8,""SHEEP"":4}",13,62,36,36,11,6,12,50,222,10
93851994,0,719,719,29,106329.0,10,10,3,"{""COW"":8,""SHEEP"":4}",13,0,0,0,0,0,0,43,253,25
93851994,1,0,1,0,3.0,4,4,1,{},0,0,14,14,0,0,0,30,128,256
93851994,1,24,25,1,8.0,1,1,1,"{""COW"":1,""SHEEP"":4}",5,10,0,0,0,0,0,28,132,260
93851994,1,96,97,4,500.0,3,3,1,"{""COW"":1,""SHEEP"":4}",5,14,11,11,0,0,0,33,149,266
93851994,1,192,193,8,588.0,6,6,2,"{""COW"":6,""SHEEP"":4}",10,33,12,12,0,0,0,36,181,270
93851994,1,288,289,12,6150.0,8,8,3,"{""COW"":8,""SHEEP"":4}",12,61,16,16,12,6,0,39,214,228
93851994,1,384,385,16,14709.0,6,6,3,"{""COW"":8,""SHEEP"":4}",12,61,38,38,15,3,16,43,248,232
93851994,1,480,481,20,41419.0,7,7,3,"{""COW"":8,""SHEEP"":4}",12,61,44,44,15,8,4,47,232,235
93851994,1,576,577,24,71214.0,7,7,3,"{""COW"":8,""SHEEP"":4}",13,62,36,36,11,6,12,50,222,10
93851994,1,719,719,29,106359.0,10,10,3,"{""COW"":8,""SHEEP"":4}",13,0,7,7,0,0,0,43,253,25
93855533,0,0,1,0,3.0,4,4,1,{},0,0,14,14,0,0,0,30,128,256
93855533,0,24,25,1,8.0,1,1,1,"{""COW"":1,""SHEEP"":4}",5,10,0,0,0,0,0,28,132,260
93855533,0,96,97,4,500.0,3,3,1,"{""COW"":1,""SHEEP"":4}",5,14,11,11,0,0,0,33,149,266
93855533,0,192,193,8,594.0,6,6,2,"{""COW"":6,""SHEEP"":4}",10,33,12,12,0,0,0,35,181,270
93855533,0,288,289,12,6179.0,8,8,3,"{""COW"":8,""SHEEP"":4}",12,61,16,16,12,6,0,38,206,228
93855533,0,384,385,16,15691.0,6,6,3,"{""COW"":8,""SHEEP"":4}",12,61,38,38,15,3,16,40,225,232
93855533,0,480,481,20,44188.0,7,7,3,"{""COW"":8,""SHEEP"":4}",12,61,44,44,15,8,4,42,155,235
93855533,0,576,577,24,62009.0,7,7,3,"{""COW"":8,""SHEEP"":4}",13,62,36,36,11,6,12,43,9,10
93855533,0,719,719,29,83949.0,10,10,3,"{""COW"":8,""SHEEP"":4}",13,0,7,7,0,0,0,21,24,25
93855533,1,0,1,0,3.0,4,4,1,{},0,0,14,14,0,0,0,30,128,256
93855533,1,24,25,1,8.0,1,1,1,"{""COW"":1,""SHEEP"":4}",5,10,0,0,0,0,0,28,132,260
93855533,1,96,97,4,500.0,3,3,1,"{""COW"":1,""SHEEP"":4}",5,14,11,11,0,0,0,33,149,266
93855533,1,192,193,8,594.0,6,6,2,"{""COW"":6,""SHEEP"":4}",10,33,12,12,0,0,0,35,181,270
93855533,1,288,289,12,6179.0,8,8,3,"{""COW"":8,""SHEEP"":4}",12,61,16,16,12,6,0,38,206,228
93855533,1,384,385,16,15691.0,6,6,3,"{""COW"":8,""SHEEP"":4}",12,61,38,38,15,3,16,40,225,232
93855533,1,480,481,20,44171.0,7,7,3,"{""COW"":8,""SHEEP"":4}",12,61,44,44,15,8,4,42,155,235
93855533,1,576,577,24,62035.0,7,7,3,"{""COW"":8,""SHEEP"":4}",13,61,36,36,11,6,12,43,9,10
93855533,1,719,719,29,83105.0,10,10,3,"{""COW"":8,""SHEEP"":4}",13,0,0,0,0,0,0,21,24,25
93868493,0,0,1,0,3.0,4,4,1,{},0,0,14,14,0,0,0,30,128,256
93868493,0,24,25,1,8.0,1,1,1,"{""COW"":1,""SHEEP"":4}",5,10,0,0,0,0,0,28,132,260
93868493,0,96,97,4,500.0,3,3,1,"{""COW"":1,""SHEEP"":4}",5,14,11,11,0,0,0,33,139,266
93868493,0,192,193,8,594.0,6,6,2,"{""COW"":6,""SHEEP"":4}",10,32,12,12,0,0,0,35,159,270
93868493,0,288,289,12,6251.0,8,8,3,"{""COW"":8,""SHEEP"":4}",12,60,16,16,12,6,0,37,190,228
93868493,0,384,385,16,17134.0,6,6,3,"{""COW"":8,""SHEEP"":4}",12,60,38,38,16,3,16,40,215,232
93868493,0,480,481,20,48522.0,7,7,3,"{""COW"":8,""SHEEP"":4}",12,60,44,44,16,8,4,43,171,235
93868493,0,576,577,24,77782.0,7,7,3,"{""COW"":8,""SHEEP"":4}",13,62,36,36,11,6,12,45,49,10
93868493,0,719,719,29,118443.0,10,10,3,"{""COW"":8,""SHEEP"":4}",13,0,7,7,0,0,0,33,132,25
93868493,1,0,1,0,3.0,4,4,1,{},0,0,14,14,0,0,0,30,128,256
93868493,1,24,25,1,8.0,1,1,1,"{""COW"":1,""SHEEP"":4}",5,10,0,0,0,0,0,28,132,260
93868493,1,96,97,4,500.0,3,3,1,"{""COW"":1,""SHEEP"":4}",5,14,11,11,0,0,0,33,139,266
93868493,1,192,193,8,594.0,6,6,2,"{""COW"":6,""SHEEP"":4}",10,32,12,12,0,0,0,35,159,270
93868493,1,288,289,12,6251.0,8,8,3,"{""COW"":8,""SHEEP"":4}",12,60,16,16,12,6,0,37,190,228
93868493,1,384,385,16,17134.0,6,6,3,"{""COW"":8,""SHEEP"":4}",12,60,38,38,16,3,16,40,215,232
93868493,1,480,481,20,48520.0,7,7,3,"{""COW"":8,""SHEEP"":4}",12,60,44,44,16,8,4,43,171,235
93868493,1,576,577,24,77698.0,7,7,3,"{""COW"":8,""SHEEP"":4}",13,62,36,36,11,6,12,45,49,10
93868493,1,719,719,29,117777.0,10,10,3,"{""COW"":8,""SHEEP"":4}",13,0,0,0,0,0,0,33,132,25
93878204,0,0,1,0,13.0,5,5,1,{},1,0,5,5,0,0,0,29,128,256
93878204,0,24,25,1,16.0,0,0,1,"{""COW"":2,""SHEEP"":2}",4,19,3,0,0,0,0,28,132,260
93878204,0,96,97,4,131.0,5,5,1,"{""COW"":3,""SHEEP"":2}",5,19,6,6,0,0,0,33,139,266
93878204,0,192,193,8,187.0,5,5,2,"{""COW"":6,""SHEEP"":3}",10,30,10,9,0,0,0,35,145,270
93878204,0,288,289,12,15149.0,5,5,3,"{""COW"":10,""SHEEP"":4}",14,52,14,8,18,0,0,38,168,171
93878204,0,384,385,16,29739.0,5,5,3,"{""COW"":10,""SHEEP"":4}",14,56,27,21,0,0,10,41,194,178
93878204,0,480,481,20,57336.0,5,5,3,"{""COW"":10,""SHEEP"":4}",14,59,14,8,9,0,4,42,116,84
93878204,0,576,577,24,74174.0,5,5,3,"{""COW"":10,""SHEEP"":4}",14,52,12,6,10,0,4,43,7,13
93878204,0,719,719,29,92806.0,8,8,3,"{""COW"":10,""SHEEP"":4}",14,0,0,0,0,0,0,34,16,28
93878204,1,0,1,0,2.0,5,5,1,{},0,0,14,14,0,0,0,29,128,256
93878204,1,24,25,1,8.0,1,1,1,"{""COW"":1,""SHEEP"":4}",5,10,0,0,0,0,0,28,132,260
93878204,1,96,97,4,508.0,3,3,1,"{""COW"":1,""SHEEP"":4}",5,14,11,11,0,0,0,33,139,266
93878204,1,192,193,8,562.0,6,6,2,"{""COW"":6,""SHEEP"":4}",10,33,12,12,0,0,0,35,145,270
93878204,1,288,289,12,6646.0,8,8,3,"{""COW"":8,""SHEEP"":4}",12,61,16,16,12,6,0,38,168,171
93878204,1,384,385,16,16486.0,6,6,3,"{""COW"":8,""SHEEP"":4}",12,61,38,38,15,3,16,41,194,178
93878204,1,480,481,20,44669.0,7,7,3,"{""COW"":8,""SHEEP"":4}",12,61,44,44,15,8,4,42,116,84
93878204,1,576,577,24,57086.0,7,7,3,"{""COW"":8,""SHEEP"":4}",13,62,36,36,11,6,12,43,7,13
93878204,1,719,719,29,84340.0,10,10,3,"{""COW"":8,""SHEEP"":4}",13,0,7,7,0,0,0,34,16,28
93881784,0,0,1,0,3.0,4,4,1,{},0,0,14,14,0,0,0,30,128,256
93881784,0,24,25,1,8.0,1,1,1,"{""COW"":1,""SHEEP"":4}",5,10,0,0,0,0,0,28,132,260
93881784,0,96,97,4,500.0,3,3,1,"{""COW"":1,""SHEEP"":4}",5,14,11,11,0,0,0,33,149,266
93881784,0,192,193,8,588.0,6,6,2,"{""COW"":6,""SHEEP"":4}",10,33,12,12,0,0,0,36,173,270
93881784,0,288,289,12,6874.0,8,8,3,"{""COW"":8,""SHEEP"":4}",12,61,16,16,12,6,0,38,190,228
93881784,0,384,385,16,15394.0,6,6,3,"{""COW"":8,""SHEEP"":4}",12,61,38,38,15,3,16,42,212,232
93881784,0,480,481,20,37970.0,7,7,3,"{""COW"":8,""SHEEP"":4}",12,61,44,44,15,8,4,45,108,235
93881784,0,576,577,24,51340.0,7,7,3,"{""COW"":8,""SHEEP"":4}",13,62,36,36,11,6,12,47,12,10
93881784,0,719,719,29,77264.0,10,10,3,"{""COW"":8,""SHEEP"":4}",13,0,0,0,0,0,0,34,85,25
93881784,1,0,1,0,3.0,4,4,1,{},0,0,14,14,0,0,0,30,128,256
93881784,1,24,25,1,8.0,1,1,1,"{""COW"":1,""SHEEP"":4}",5,10,0,0,0,0,0,28,132,260
93881784,1,96,97,4,500.0,3,3,1,"{""COW"":1,""SHEEP"":4}",5,14,11,11,0,0,0,33,149,266
93881784,1,192,193,8,588.0,6,6,2,"{""COW"":6,""SHEEP"":4}",10,33,12,12,0,0,0,36,173,270
93881784,1,288,289,12,6874.0,8,8,3,"{""COW"":8,""SHEEP"":4}",12,61,16,16,12,6,0,38,190,228
93881784,1,384,385,16,15425.0,6,6,3,"{""COW"":8,""SHEEP"":4}",12,61,38,38,15,3,16,42,212,232
93881784,1,480,481,20,38014.0,7,7,3,"{""COW"":8,""SHEEP"":4}",12,61,44,44,15,8,4,45,108,235
93881784,1,576,577,24,51473.0,7,7,3,"{""COW"":8,""SHEEP"":4}",13,62,36,36,11,6,12,47,12,10
93881784,1,719,719,29,78069.0,10,10,3,"{""COW"":8,""SHEEP"":4}",13,0,7,7,0,0,0,34,85,25
93884604,0,0,1,0,3.0,4,4,1,{},0,0,14,14,0,0,0,30,128,256
93884604,0,24,25,1,8.0,1,1,1,"{""COW"":1,""SHEEP"":4}",5,10,0,0,0,0,0,28,132,260
93884604,0,96,97,4,500.0,3,3,1,"{""COW"":1,""SHEEP"":4}",5,14,11,11,0,0,0,33,149,266
93884604,0,192,193,8,588.0,6,6,2,"{""COW"":6,""SHEEP"":4}",10,32,12,12,0,0,0,36,173,270
93884604,0,288,289,12,6150.0,8,8,3,"{""COW"":8,""SHEEP"":4}",12,60,16,16,12,6,0,39,198,228
93884604,0,384,385,16,14709.0,6,6,3,"{""COW"":8,""SHEEP"":4}",12,60,38,38,16,3,16,43,221,232
93884604,0,480,481,20,36580.0,7,7,3,"{""COW"":8,""SHEEP"":4}",12,60,44,44,16,8,4,47,179,235
93884604,0,576,577,24,55512.0,7,7,3,"{""COW"":8,""SHEEP"":4}",13,62,36,36,11,6,12,50,30,10
93884604,0,719,719,29,73547.0,10,10,3,"{""COW"":8,""SHEEP"":4}",13,0,7,7,0,0,0,43,53,25
93884604,1,0,1,0,3.0,4,4,1,{},0,0,14,14,0,0,0,30,128,256
93884604,1,24,25,1,8.0,1,1,1,"{""COW"":1,""SHEEP"":4}",5,10,0,0,0,0,0,28,132,260
93884604,1,96,97,4,500.0,3,3,1,"{""COW"":1,""SHEEP"":4}",5,14,11,11,0,0,0,33,149,266
93884604,1,192,193,8,588.0,6,6,2,"{""COW"":6,""SHEEP"":4}",10,33,12,12,0,0,0,36,173,270
93884604,1,288,289,12,6150.0,8,8,3,"{""COW"":8,""SHEEP"":4}",12,61,16,16,12,6,0,39,198,228
93884604,1,384,385,16,14709.0,6,6,3,"{""COW"":8,""SHEEP"":4}",12,61,38,38,15,3,16,43,221,232
93884604,1,480,481,20,37689.0,7,7,3,"{""COW"":8,""SHEEP"":4}",12,61,44,44,15,8,4,47,179,235
93884604,1,576,577,24,56626.0,7,7,3,"{""COW"":8,""SHEEP"":4}",13,62,36,36,11,6,12,50,30,10
93884604,1,719,719,29,73845.0,10,10,3,"{""COW"":8,""SHEEP"":4}",13,0,0,0,0,0,0,43,53,25
93893289,0,0,1,0,1.0,4,4,1,{},0,0,8,8,0,0,0,30,128,256
93893289,0,24,25,1,29.0,1,1,1,"{""COW"":1,""SHEEP"":4}",5,9,2,2,0,0,0,29,132,260
93893289,0,96,97,4,676.0,3,3,1,"{""COW"":1,""SHEEP"":4}",5,13,8,8,0,0,0,32,139,266
93893289,0,192,193,8,1501.0,6,6,2,"{""COW"":6,""SHEEP"":4}",10,32,13,13,0,0,0,33,145,270
93893289,0,288,289,12,8704.0,8,8,3,"{""COW"":8,""SHEEP"":4}",12,63,15,15,15,0,0,35,150,233
93893289,0,384,385,16,23637.0,6,6,3,"{""COW"":8,""SHEEP"":4}",12,63,16,16,22,0,0,36,114,236
93893289,0,480,481,20,28543.0,7,7,3,"{""COW"":8,""SHEEP"":4}",12,63,15,15,21,0,0,37,3,239
93893289,0,576,577,24,41088.0,7,7,3,"{""COW"":9,""SHEEP"":4}",13,62,16,16,5,0,0,39,7,10
93893289,0,719,719,29,58808.0,10,10,3,"{""COW"":9,""SHEEP"":4}",13,1,7,7,0,0,0,21,16,25
93893289,1,0,1,0,0.0,5,5,1,{},0,0,14,14,0,0,0,30,128,256
93893289,1,24,25,1,3.0,1,1,1,"{""COW"":1,""SHEEP"":4}",5,10,0,0,0,0,0,29,132,260
93893289,1,96,97,4,496.0,3,3,1,"{""COW"":1,""SHEEP"":4}",5,14,11,11,0,0,0,32,139,266
93893289,1,192,193,8,1448.0,6,6,2,"{""COW"":6,""SHEEP"":4}",10,32,12,12,0,0,0,33,145,270
93893289,1,288,289,12,9541.0,8,8,3,"{""COW"":8,""SHEEP"":4}",12,60,16,16,12,6,0,35,150,233
93893289,1,384,385,16,18753.0,6,6,3,"{""COW"":8,""SHEEP"":4}",12,60,38,38,16,3,16,36,114,236
93893289,1,480,481,20,28324.0,7,7,3,"{""COW"":8,""SHEEP"":4}",12,60,44,44,16,8,4,37,3,239
93893289,1,576,577,24,38718.0,7,7,3,"{""COW"":8,""SHEEP"":4}",13,62,36,36,11,6,12,39,7,10
93893289,1,719,719,29,60143.0,10,10,3,"{""COW"":8,""SHEEP"":4}",13,0,7,7,0,0,0,21,16,25
93894998,0,0,1,0,3.0,4,4,1,{},0,0,14,14,0,0,0,30,128,256
93894998,0,24,25,1,8.0,1,1,1,"{""COW"":1,""SHEEP"":4}",5,10,0,0,0,0,0,28,132,260
93894998,0,96,97,4,502.0,3,3,1,"{""COW"":1,""SHEEP"":4}",5,14,11,11,0,0,0,33,139,266
93894998,0,192,193,8,563.0,6,6,2,"{""COW"":6,""SHEEP"":4}",10,33,12,12,0,0,0,34,159,270
93894998,0,288,289,12,6090.0,8,8,3,"{""COW"":8,""SHEEP"":4}",12,61,16,16,12,6,0,37,190,228
93894998,0,384,385,16,13949.0,6,6,3,"{""COW"":8,""SHEEP"":4}",12,61,38,38,15,3,16,41,215,232
93894998,0,480,481,20,36084.0,7,7,3,"{""COW"":8,""SHEEP"":4}",12,61,44,44,15,8,4,44,162,235
93894998,0,576,577,24,52996.0,7,7,3,"{""COW"":8,""SHEEP"":4}",13,62,36,36,11,6,12,47,20,10
93894998,0,719,719,29,73857.0,10,10,3,"{""COW"":8,""SHEEP"":4}",13,1,0,0,0,0,0,37,85,25
93894998,1,0,1,0,3.0,4,4,1,{},0,0,14,14,0,0,0,30,128,256
93894998,1,24,25,1,8.0,1,1,1,"{""COW"":1,""SHEEP"":4}",5,10,0,0,0,0,0,28,132,260
93894998,1,96,97,4,502.0,3,3,1,"{""COW"":1,""SHEEP"":4}",5,14,11,11,0,0,0,33,139,266
93894998,1,192,193,8,563.0,6,6,2,"{""COW"":6,""SHEEP"":4}",10,33,12,12,0,0,0,34,159,270
93894998,1,288,289,12,6090.0,8,8,3,"{""COW"":8,""SHEEP"":4}",12,61,16,16,12,6,0,37,190,228
93894998,1,384,385,16,13949.0,6,6,3,"{""COW"":8,""SHEEP"":4}",12,61,38,38,15,3,16,41,215,232
93894998,1,480,481,20,36084.0,7,7,3,"{""COW"":8,""SHEEP"":4}",12,61,44,44,15,8,4,44,162,235
93894998,1,576,577,24,52996.0,7,7,3,"{""COW"":8,""SHEEP"":4}",13,62,36,36,11,6,12,47,20,10
93894998,1,719,719,29,71987.0,10,10,3,"{""COW"":8,""SHEEP"":4}",13,0,7,7,0,0,0,37,85,25
93895054,0,0,1,0,13.0,5,5,1,{},1,0,5,5,0,0,0,29,128,256
93895054,0,24,25,1,16.0,0,0,1,"{""COW"":2,""SHEEP"":2}",4,19,3,0,0,0,0,28,132,260
93895054,0,96,97,4,131.0,5,5,1,"{""COW"":3,""SHEEP"":2}",5,19,6,6,0,0,0,33,149,266
93895054,0,192,193,8,187.0,5,5,2,"{""COW"":6,""SHEEP"":3}",10,30,10,9,0,0,0,35,173,270
93895054,0,288,289,12,14721.0,5,5,3,"{""COW"":6,""SHEEP"":8}",14,52,14,8,18,0,0,38,189,171
93895054,0,384,385,16,36427.0,5,5,3,"{""COW"":6,""SHEEP"":8}",14,54,15,9,0,0,0,40,199,178
93895054,0,480,481,20,60968.0,5,5,3,"{""COW"":6,""SHEEP"":8}",14,60,24,18,4,0,0,43,116,84
93895054,0,576,577,24,74947.0,5,5,3,"{""COW"":6,""SHEEP"":8}",14,54,14,8,6,0,0,44,7,13
93895054,0,719,719,29,88098.0,8,8,3,"{""COW"":6,""SHEEP"":6}",14,4,0,0,0,0,0,34,16,28
93895054,1,0,1,0,2.0,5,5,1,{},0,0,14,14,0,0,0,29,128,256
93895054,1,24,25,1,8.0,1,1,1,"{""COW"":1,""SHEEP"":4}",5,10,0,0,0,0,0,28,132,260
93895054,1,96,97,4,508.0,3,3,1,"{""COW"":1,""SHEEP"":4}",5,14,11,11,0,0,0,33,149,266
93895054,1,192,193,8,562.0,6,6,2,"{""COW"":6,""SHEEP"":4}",10,33,12,12,0,0,0,35,173,270
93895054,1,288,289,12,7348.0,8,8,3,"{""COW"":8,""SHEEP"":4}",12,61,16,16,12,6,0,38,189,171
93895054,1,384,385,16,19956.0,6,6,3,"{""COW"":8,""SHEEP"":4}",12,61,38,38,15,3,16,40,199,178
93895054,1,480,481,20,50611.0,7,7,3,"{""COW"":8,""SHEEP"":4}",12,61,44,44,15,8,4,43,116,84
93895054,1,576,577,24,60292.0,7,7,3,"{""COW"":8,""SHEEP"":4}",13,62,36,36,11,6,12,44,7,13
93895054,1,719,719,29,79544.0,10,10,3,"{""COW"":8,""SHEEP"":4}",13,0,7,7,0,0,0,34,16,28
93902191,0,0,1,0,3.0,4,4,1,{},0,0,14,14,0,0,0,30,128,256
93902191,0,24,25,1,8.0,1,1,1,"{""COW"":1,""SHEEP"":4}",5,10,0,0,0,0,0,28,132,260
93902191,0,96,97,4,500.0,3,3,1,"{""COW"":1,""SHEEP"":4}",5,14,11,11,0,0,0,33,149,266
93902191,0,192,193,8,960.0,6,6,2,"{""COW"":6,""SHEEP"":4}",10,33,12,12,0,0,0,35,173,270
93902191,0,288,289,12,8355.0,8,8,3,"{""COW"":8,""SHEEP"":4}",12,61,16,16,12,6,0,38,199,228
93902191,0,384,385,16,17265.0,6,6,3,"{""COW"":8,""SHEEP"":4}",12,61,38,38,15,3,16,41,230,232
93902191,0,480,481,20,44561.0,7,7,3,"{""COW"":8,""SHEEP"":4}",12,61,44,44,15,8,4,44,201,235
93902191,0,576,577,24,72260.0,7,7,3,"{""COW"":8,""SHEEP"":4}",13,62,36,36,11,6,12,45,171,10
93902191,0,719,719,29,110229.0,10,10,3,"{""COW"":8,""SHEEP"":4}",13,0,7,7,0,0,0,24,190,25
93902191,1,0,1,0,3.0,4,4,1,{},0,0,14,14,0,0,0,30,128,256
93902191,1,24,25,1,8.0,1,1,1,"{""COW"":1,""SHEEP"":4}",5,10,0,0,0,0,0,28,132,260
93902191,1,96,97,4,500.0,3,3,1,"{""COW"":1,""SHEEP"":4}",5,14,11,11,0,0,0,33,149,266
93902191,1,192,193,8,960.0,6,6,2,"{""COW"":6,""SHEEP"":4}",10,33,12,12,0,0,0,35,173,270
93902191,1,288,289,12,8385.0,8,8,3,"{""COW"":8,""SHEEP"":4}",12,61,16,16,12,6,0,38,199,228
93902191,1,384,385,16,17330.0,6,6,3,"{""COW"":8,""SHEEP"":4}",12,61,38,38,15,3,16,41,230,232
93902191,1,480,481,20,44662.0,7,7,3,"{""COW"":8,""SHEEP"":4}",12,61,44,44,15,8,4,44,201,235
93902191,1,576,577,24,72367.0,7,7,3,"{""COW"":8,""SHEEP"":4}",13,62,36,36,11,6,12,45,171,10
93902191,1,719,719,29,110717.0,10,10,3,"{""COW"":8,""SHEEP"":4}",13,0,0,0,0,0,0,24,190,25
93902234,0,0,1,0,3.0,4,4,1,{},0,0,14,14,0,0,0,30,128,256
93902234,0,24,25,1,8.0,1,1,1,"{""COW"":1,""SHEEP"":4}",5,10,0,0,0,0,0,28,132,260
93902234,0,96,97,4,500.0,3,3,1,"{""COW"":1,""SHEEP"":4}",5,14,11,11,0,0,0,33,149,266
93902234,0,192,193,8,588.0,6,6,2,"{""COW"":6,""SHEEP"":4}",10,33,12,12,0,0,0,36,173,270
93902234,0,288,289,12,6778.0,8,8,3,"{""COW"":8,""SHEEP"":4}",12,61,16,16,12,3,0,39,189,228
93902234,0,384,385,16,17794.0,6,6,3,"{""COW"":8,""SHEEP"":4}",12,61,38,38,15,0,16,43,199,232
93902234,0,480,481,20,37600.0,7,7,3,"{""COW"":8,""SHEEP"":4}",12,61,44,44,15,8,4,45,5,235
93902234,0,576,577,24,53464.0,7,7,3,"{""COW"":8,""SHEEP"":4}",13,62,36,36,11,0,0,47,9,10
93902234,0,719,719,29,80155.0,10,10,3,"{""COW"":8,""SHEEP"":4}",13,0,0,0,0,0,0,38,43,25
93902234,1,0,1,0,3.0,4,4,1,{},0,0,14,14,0,0,0,30,128,256
93902234,1,24,25,1,8.0,1,1,1,"{""COW"":1,""SHEEP"":4}",5,10,0,0,0,0,0,28,132,260
93902234,1,96,97,4,500.0,3,3,1,"{""COW"":1,""SHEEP"":4}",5,14,11,11,0,0,0,33,149,266
93902234,1,192,193,8,588.0,6,6,2,"{""COW"":6,""SHEEP"":4}",10,33,12,12,0,0,0,36,173,270
93902234,1,288,289,12,6150.0,8,8,3,"{""COW"":8,""SHEEP"":4}",12,61,16,16,12,6,0,39,189,228
93902234,1,384,385,16,15556.0,6,6,3,"{""COW"":8,""SHEEP"":4}",12,61,38,38,15,3,16,43,199,232
93902234,1,480,481,20,37250.0,7,7,3,"{""COW"":8,""SHEEP"":4}",12,61,44,44,15,8,4,45,5,235
93902234,1,576,577,24,49897.0,7,7,3,"{""COW"":8,""SHEEP"":4}",13,62,36,36,11,6,12,47,9,10
93902234,1,719,719,29,79566.0,10,10,3,"{""COW"":8,""SHEEP"":4}",13,0,7,7,0,0,0,38,43,25
93905358,0,0,1,0,2.0,5,5,1,{},0,0,14,14,0,0,0,29,128,256
93905358,0,24,25,1,8.0,1,1,1,"{""COW"":1,""SHEEP"":4}",5,10,0,0,0,0,0,28,132,260
93905358,0,96,97,4,510.0,3,3,1,"{""COW"":1,""SHEEP"":4}",5,14,11,11,0,0,0,32,149,266
93905358,0,192,193,8,569.0,6,6,2,"{""COW"":6,""SHEEP"":4}",10,33,12,12,0,0,0,34,181,270
93905358,0,288,289,12,6661.0,8,8,3,"{""COW"":8,""SHEEP"":4}",12,61,16,16,12,6,0,37,214,171
93905358,0,384,385,16,16227.0,6,6,3,"{""COW"":8,""SHEEP"":4}",12,61,38,38,15,3,16,40,244,178
93905358,0,480,481,20,50386.0,7,7,3,"{""COW"":8,""SHEEP"":4}",12,61,44,44,15,8,4,43,238,84
93905358,0,576,577,24,80868.0,7,7,3,"{""COW"":8,""SHEEP"":4}",13,62,36,36,11,6,12,44,210,13
93905358,0,719,719,29,127392.0,10,10,3,"{""COW"":8,""SHEEP"":4}",13,0,7,7,0,0,0,37,219,28
93905358,1,0,1,0,13.0,5,5,1,{},1,0,5,5,0,0,0,29,128,256
93905358,1,24,25,1,16.0,0,0,1,"{""COW"":2,""SHEEP"":2}",4,19,3,0,0,0,0,28,132,260
93905358,1,96,97,4,131.0,5,5,1,"{""COW"":3,""SHEEP"":2}",5,19,6,6,0,0,0,32,149,266
93905358,1,192,193,8,190.0,5,5,2,"{""COW"":6,""SHEEP"":3}",10,30,10,9,0,0,0,34,181,270
93905358,1,288,289,12,15188.0,5,5,3,"{""COW"":10,""SHEEP"":4}",14,52,14,8,18,0,0,37,214,171
93905358,1,384,385,16,29855.0,5,5,3,"{""COW"":10,""SHEEP"":4}",14,56,27,21,0,0,8,40,244,178
93905358,1,480,481,20,57605.0,5,5,3,"{""COW"":10,""SHEEP"":4}",14,59,23,17,11,5,4,43,238,84
93905358,1,576,577,24,92541.0,5,5,3,"{""COW"":10,""SHEEP"":4}",14,53,11,5,4,24,4,44,210,13
93905358,1,719,719,29,139356.0,8,8,3,"{""COW"":10,""SHEEP"":4}",14,1,0,0,0,0,0,37,219,28
93909041,0,0,1,0,3.0,4,4,1,{},0,0,14,14,0,0,0,30,128,256
93909041,0,24,25,1,8.0,1,1,1,"{""COW"":1,""SHEEP"":4}",5,10,0,0,0,0,0,28,132,260
93909041,0,96,97,4,502.0,3,3,1,"{""COW"":1,""SHEEP"":4}",5,14,11,11,0,0,0,33,139,266
93909041,0,192,193,8,1438.0,6,6,2,"{""COW"":6,""SHEEP"":4}",10,33,12,12,0,0,0,34,159,270
93909041,0,288,289,12,9393.0,8,8,3,"{""COW"":8,""SHEEP"":4}",12,61,16,16,12,6,0,37,190,228
93909041,0,384,385,16,18309.0,6,6,3,"{""COW"":8,""SHEEP"":4}",12,61,38,38,15,3,16,40,212,232
93909041,0,480,481,20,41734.0,7,7,3,"{""COW"":8,""SHEEP"":4}",12,61,44,44,15,8,4,43,108,235
93909041,0,576,577,24,54489.0,7,7,3,"{""COW"":8,""SHEEP"":4}",13,62,36,36,11,6,12,45,9,10
93909041,0,719,719,29,78651.0,10,10,3,"{""COW"":8,""SHEEP"":4}",13,0,7,7,0,0,0,33,24,25
93909041,1,0,1,0,3.0,4,4,1,{},0,0,14,14,0,0,0,30,128,256
93909041,1,24,25,1,8.0,1,1,1,"{""COW"":1,""SHEEP"":4}",5,10,0,0,0,0,0,28,132,260
93909041,1,96,97,4,502.0,3,3,1,"{""COW"":1,""SHEEP"":4}",5,14,11,11,0,0,0,33,139,266
93909041,1,192,193,8,1438.0,6,6,2,"{""COW"":6,""SHEEP"":4}",10,33,12,12,0,0,0,34,159,270
93909041,1,288,289,12,9393.0,8,8,3,"{""COW"":8,""SHEEP"":4}",12,61,16,16,12,6,0,37,190,228
93909041,1,384,385,16,18242.0,6,6,3,"{""COW"":8,""SHEEP"":4}",12,61,38,38,15,3,16,40,212,232
93909041,1,480,481,20,41667.0,7,7,3,"{""COW"":8,""SHEEP"":4}",12,61,44,44,15,8,4,43,108,235
93909041,1,576,577,24,54321.0,7,7,3,"{""COW"":8,""SHEEP"":4}",13,62,36,36,11,6,12,45,9,10
93909041,1,719,719,29,78363.0,10,10,3,"{""COW"":8,""SHEEP"":4}",13,0,0,0,0,0,0,33,24,25
93928528,0,0,1,0,3.0,4,4,1,{},0,0,14,14,0,0,0,30,128,256
93928528,0,24,25,1,8.0,1,1,1,"{""COW"":1,""SHEEP"":4}",5,10,0,0,0,0,0,28,132,260
93928528,0,96,97,4,502.0,3,3,1,"{""COW"":1,""SHEEP"":4}",5,14,11,11,0,0,0,33,139,266
93928528,0,192,193,8,1438.0,6,6,2,"{""COW"":6,""SHEEP"":4}",10,33,12,12,0,0,0,34,159,270
93928528,0,288,289,12,9477.0,8,8,3,"{""COW"":8,""SHEEP"":4}",12,61,16,16,12,6,0,37,180,228
93928528,0,384,385,16,22719.0,6,6,3,"{""COW"":8,""SHEEP"":4}",12,61,38,38,15,3,16,41,208,232
93928528,0,480,481,20,55873.0,7,7,3,"{""COW"":8,""SHEEP"":4}",12,61,44,44,15,8,4,44,108,235
93928528,0,576,577,24,73346.0,7,7,3,"{""COW"":8,""SHEEP"":4}",13,62,36,36,11,6,12,46,12,10
93928528,0,719,719,29,105367.0,10,10,3,"{""COW"":8,""SHEEP"":4}",13,0,7,7,0,0,0,35,85,25
93928528,1,0,1,0,3.0,4,4,1,{},0,0,14,14,0,0,0,30,128,256
93928528,1,24,25,1,8.0,1,1,1,"{""COW"":1,""SHEEP"":4}",5,10,0,0,0,0,0,28,132,260
93928528,1,96,97,4,502.0,3,3,1,"{""COW"":1,""SHEEP"":4}",5,14,11,11,0,0,0,33,139,266
93928528,1,192,193,8,1438.0,6,6,2,"{""COW"":6,""SHEEP"":4}",10,33,12,12,0,0,0,34,159,270
93928528,1,288,289,12,9477.0,8,8,3,"{""COW"":8,""SHEEP"":4}",12,61,16,16,12,6,0,37,180,228
93928528,1,384,385,16,22705.0,6,6,3,"{""COW"":8,""SHEEP"":4}",12,61,38,38,15,3,16,41,208,232
93928528,1,480,481,20,55842.0,7,7,3,"{""COW"":8,""SHEEP"":4}",12,61,44,44,15,8,4,44,108,235
93928528,1,576,577,24,73314.0,7,7,3,"{""COW"":8,""SHEEP"":4}",13,62,36,36,11,6,12,46,12,10
93928528,1,719,719,29,104558.0,10,10,3,"{""COW"":8,""SHEEP"":4}",13,0,0,0,0,0,0,35,85,25
93928639,0,0,1,0,13.0,5,5,1,{},1,0,5,5,0,0,0,29,128,256
93928639,0,24,25,1,15.0,0,0,1,"{""COW"":2,""SHEEP"":2}",4,19,3,0,0,0,0,28,132,260
93928639,0,96,97,4,135.0,5,5,1,"{""COW"":3,""SHEEP"":2}",5,19,6,6,0,0,0,32,149,266
93928639,0,192,193,8,262.0,5,5,2,"{""COW"":6,""SHEEP"":3}",10,30,10,9,0,0,0,34,181,270
93928639,0,288,289,12,15090.0,5,5,3,"{""COW"":10,""SHEEP"":4}",14,52,14,8,18,0,0,37,214,171
93928639,0,384,385,16,29376.0,5,5,3,"{""COW"":10,""SHEEP"":4}",14,56,30,24,0,0,8,40,236,178
93928639,0,480,481,20,57015.0,5,5,3,"{""COW"":10,""SHEEP"":4}",14,59,24,18,11,0,4,42,225,84
93928639,0,576,577,24,93171.0,5,5,3,"{""COW"":10,""SHEEP"":4}",14,53,19,13,4,0,4,43,191,13
93928639,0,719,719,29,133082.0,8,8,3,"{""COW"":10,""SHEEP"":4}",14,1,0,0,0,0,0,35,202,28
93928639,1,0,1,0,2.0,5,5,1,{},0,0,14,14,0,0,0,29,128,256
93928639,1,24,25,1,0.0,0,0,1,"{""COW"":1,""SHEEP"":4}",5,10,0,0,0,0,0,28,132,260
93928639,1,96,97,4,526.0,3,3,1,"{""COW"":1,""SHEEP"":4}",5,14,4,4,0,0,0,32,149,266
93928639,1,192,193,8,899.0,6,6,2,"{""COW"":5,""SHEEP"":4}",10,32,13,13,0,0,0,34,181,270
93928639,1,288,289,12,6631.0,8,8,3,"{""COW"":7,""SHEEP"":4}",12,60,17,17,11,6,0,37,214,171
93928639,1,384,385,16,15759.0,6,6,3,"{""COW"":7,""SHEEP"":4}",12,60,40,40,15,3,16,40,236,178
93928639,1,480,481,20,45390.0,7,7,3,"{""COW"":7,""SHEEP"":4}",12,60,50,50,13,3,4,42,225,84
93928639,1,576,577,24,71530.0,7,7,3,"{""COW"":7,""SHEEP"":4}",13,62,45,45,10,6,12,43,191,13
93928639,1,719,719,29,115018.0,10,10,3,"{""COW"":7,""SHEEP"":4}",13,1,7,7,0,0,0,35,202,28
93938057,0,0,1,0,3.0,4,4,1,{},0,0,14,14,0,0,0,30,128,256
93938057,0,24,25,1,8.0,1,1,1,"{""COW"":1,""SHEEP"":4}",5,10,0,0,0,0,0,28,132,260
93938057,0,96,97,4,502.0,3,3,1,"{""COW"":1,""SHEEP"":4}",5,14,11,11,0,0,0,33,149,266
93938057,0,192,193,8,777.0,6,6,2,"{""COW"":6,""SHEEP"":4}",10,33,12,12,0,0,0,34,173,270
93938057,0,288,289,12,7107.0,8,8,3,"{""COW"":8,""SHEEP"":4}",12,61,16,16,12,3,0,37,199,228
93938057,0,384,385,16,18589.0,6,6,3,"{""COW"":8,""SHEEP"":4}",12,61,38,38,15,0,16,41,228,232
93938057,0,480,481,20,49631.0,7,7,3,"{""COW"":8,""SHEEP"":4}",12,61,44,44,15,8,4,44,195,235
93938057,0,576,577,24,84352.0,7,7,3,"{""COW"":8,""SHEEP"":4}",13,62,36,36,11,0,12,46,84,10
93938057,0,719,719,29,128357.0,10,10,3,"{""COW"":8,""SHEEP"":4}",13,0,0,0,0,0,0,36,85,25
93938057,1,0,1,0,3.0,4,4,1,{},0,0,14,14,0,0,0,30,128,256
93938057,1,24,25,1,8.0,1,1,1,"{""COW"":1,""SHEEP"":4}",5,10,0,0,0,0,0,28,132,260
93938057,1,96,97,4,502.0,3,3,1,"{""COW"":1,""SHEEP"":4}",5,14,11,11,0,0,0,33,149,266
93938057,1,192,193,8,321.0,6,6,2,"{""COW"":6,""SHEEP"":4}",10,33,12,12,0,0,0,34,173,270
93938057,1,288,289,12,6003.0,8,8,3,"{""COW"":8,""SHEEP"":4}",12,56,16,16,12,6,0,37,199,228
93938057,1,384,385,16,14129.0,6,6,3,"{""COW"":8,""SHEEP"":4}",12,61,34,34,15,2,12,41,228,232
93938057,1,480,481,20,46513.0,7,7,3,"{""COW"":8,""SHEEP"":4}",12,61,40,40,15,8,4,44,195,235
93938057,1,576,577,24,79763.0,7,7,3,"{""COW"":8,""SHEEP"":4}",13,62,32,32,11,6,12,46,84,10
93938057,1,719,719,29,122700.0,10,10,3,"{""COW"":8,""SHEEP"":4}",13,0,7,7,0,0,0,36,85,25
93940044,0,0,1,0,2.0,5,5,1,{},0,0,14,14,0,0,0,29,128,256
93940044,0,24,25,1,8.0,1,1,1,"{""COW"":1,""SHEEP"":4}",5,10,0,0,0,0,0,28,132,260
93940044,0,96,97,4,508.0,3,3,1,"{""COW"":1,""SHEEP"":4}",5,14,11,11,0,0,0,33,149,266
93940044,0,192,193,8,854.0,6,6,2,"{""COW"":6,""SHEEP"":4}",10,33,12,12,0,0,0,35,173,270
93940044,0,288,289,12,8470.0,8,8,3,"{""COW"":8,""SHEEP"":4}",12,61,16,16,12,6,0,38,189,171
93940044,0,384,385,16,15842.0,6,6,3,"{""COW"":8,""SHEEP"":4}",12,61,38,38,15,3,16,40,200,178
93940044,0,480,481,20,38977.0,7,7,3,"{""COW"":8,""SHEEP"":4}",12,61,44,44,15,8,4,42,116,84
93940044,0,576,577,24,44206.0,7,7,3,"{""COW"":8,""SHEEP"":4}",13,62,36,36,11,6,12,44,7,13
93940044,0,719,719,29,66875.0,10,10,3,"{""COW"":8,""SHEEP"":4}",13,0,7,7,0,0,0,34,16,28
93940044,1,0,1,0,13.0,5,5,1,{},1,0,5,5,0,0,0,29,128,256
93940044,1,24,25,1,16.0,0,0,1,"{""COW"":2,""SHEEP"":2}",4,19,3,0,0,0,0,28,132,260
93940044,1,96,97,4,131.0,5,5,1,"{""COW"":3,""SHEEP"":2}",5,19,6,6,0,0,0,33,149,266
93940044,1,192,193,8,299.0,5,5,2,"{""COW"":6,""SHEEP"":3}",10,30,10,9,0,0,0,35,173,270
93940044,1,288,289,12,14849.0,5,5,3,"{""COW"":10,""SHEEP"":4}",14,52,14,8,0,6,0,38,189,171
93940044,1,384,385,16,24382.0,5,5,3,"{""COW"":10,""SHEEP"":4}",14,56,27,21,0,0,14,40,200,178
93940044,1,480,481,20,44688.0,5,5,3,"{""COW"":10,""SHEEP"":4}",14,59,23,17,11,5,4,42,116,84
93940044,1,576,577,24,52518.0,5,5,3,"{""COW"":10,""SHEEP"":4}",14,53,53,47,4,24,4,44,7,13
93940044,1,719,719,29,68698.0,8,8,3,"{""COW"":10,""SHEEP"":4}",14,1,0,0,0,0,0,34,16,28
93953242,0,0,1,0,13.0,5,5,1,{},1,0,5,5,0,0,0,29,128,256
93953242,0,24,25,1,16.0,0,0,1,"{""COW"":2,""SHEEP"":2}",4,19,3,0,0,0,0,28,132,260
93953242,0,96,97,4,131.0,5,5,1,"{""COW"":3,""SHEEP"":2}",5,19,6,6,0,0,0,33,139,266
93953242,0,192,193,8,156.0,5,5,2,"{""COW"":6,""SHEEP"":3}",10,31,10,10,0,0,0,35,145,270
93953242,0,288,289,12,9966.0,5,5,4,"{""COW"":6,""SHEEP"":8}",14,56,19,13,18,0,0,39,151,171
93953242,0,384,385,16,30484.0,5,5,4,"{""COW"":6,""SHEEP"":11}",18,59,17,11,0,0,0,42,174,178
93953242,0,480,481,20,54769.0,5,5,4,"{""COW"":6,""SHEEP"":12}",18,69,20,14,22,0,0,46,66,84
93953242,0,576,577,24,71243.0,5,5,4,"{""COW"":6,""SHEEP"":12}",18,44,8,2,15,0,0,47,11,13
93953242,0,719,719,29,83331.0,8,8,4,"{""COW"":6,""SHEEP"":8}",18,1,0,0,0,0,0,44,47,28
93953242,1,0,1,0,2.0,5,5,1,{},0,0,14,14,0,0,0,29,128,256
93953242,1,24,25,1,8.0,1,1,1,"{""COW"":1,""SHEEP"":4}",5,10,0,0,0,0,0,28,132,260
93953242,1,96,97,4,508.0,3,3,1,"{""COW"":1,""SHEEP"":4}",5,14,11,11,0,0,0,33,139,266
93953242,1,192,193,8,850.0,6,6,2,"{""COW"":6,""SHEEP"":4}",10,33,12,12,0,0,0,35,145,270
93953242,1,288,289,12,8564.0,8,8,3,"{""COW"":8,""SHEEP"":4}",12,61,16,16,12,6,0,39,151,171
93953242,1,384,385,16,20907.0,6,6,3,"{""COW"":8,""SHEEP"":4}",12,61,38,38,15,3,16,42,174,178
93953242,1,480,481,20,45956.0,7,7,3,"{""COW"":8,""SHEEP"":4}",12,61,44,44,15,8,4,46,66,84
93953242,1,576,577,24,50942.0,7,7,3,"{""COW"":8,""SHEEP"":4}",13,62,36,36,11,6,12,47,11,13
93953242,1,719,719,29,68536.0,10,10,3,"{""COW"":8,""SHEEP"":4}",13,0,7,7,0,0,0,44,47,28
93960252,0,0,1,0,3.0,4,4,1,{},0,0,14,14,0,0,0,30,128,256
93960252,0,24,25,1,8.0,1,1,1,"{""COW"":1,""SHEEP"":4}",5,10,0,0,0,0,0,28,132,260
93960252,0,96,97,4,502.0,3,3,1,"{""COW"":1,""SHEEP"":4}",5,14,11,11,0,0,0,33,149,266
93960252,0,192,193,8,554.0,6,6,2,"{""COW"":6,""SHEEP"":4}",10,33,12,12,0,0,0,34,181,270
93960252,0,288,289,12,6182.0,8,8,3,"{""COW"":8,""SHEEP"":4}",12,61,16,16,12,6,0,37,206,228
93960252,0,384,385,16,16799.0,6,6,3,"{""COW"":8,""SHEEP"":4}",12,61,38,38,15,3,16,41,233,232
93960252,0,480,481,20,50228.0,7,7,3,"{""COW"":8,""SHEEP"":4}",12,61,44,44,15,8,4,43,188,235
93960252,0,576,577,24,80416.0,7,7,3,"{""COW"":8,""SHEEP"":4}",13,62,36,36,11,6,12,45,14,10
93960252,0,719,719,29,120795.0,10,10,3,"{""COW"":8,""SHEEP"":4}",13,0,7,7,0,0,0,31,57,25
93960252,1,0,1,0,3.0,4,4,1,{},0,0,14,14,0,0,0,30,128,256
93960252,1,24,25,1,8.0,1,1,1,"{""COW"":1,""SHEEP"":4}",5,10,0,0,0,0,0,28,132,260
93960252,1,96,97,4,502.0,3,3,1,"{""COW"":1,""SHEEP"":4}",5,14,11,11,0,0,0,33,149,266
93960252,1,192,193,8,570.0,6,6,2,"{""COW"":6,""SHEEP"":4}",10,33,12,12,0,0,0,34,181,270
93960252,1,288,289,12,6260.0,8,8,3,"{""COW"":8,""SHEEP"":4}",12,61,16,16,12,6,0,37,206,228
93960252,1,384,385,16,16940.0,6,6,3,"{""COW"":8,""SHEEP"":4}",12,61,38,38,15,3,16,41,233,232
93960252,1,480,481,20,50398.0,7,7,3,"{""COW"":8,""SHEEP"":4}",12,61,44,44,15,8,4,43,188,235
93960252,1,576,577,24,80620.0,7,7,3,"{""COW"":8,""SHEEP"":4}",13,62,36,36,11,6,12,45,14,10
93960252,1,719,719,29,121317.0,10,10,3,"{""COW"":8,""SHEEP"":4}",13,0,0,0,0,0,0,31,57,25
93967175,0,0,1,0,2.0,5,5,1,{},0,0,14,14,0,0,0,29,128,256
93967175,0,24,25,1,8.0,1,1,1,"{""COW"":1,""SHEEP"":4}",5,10,0,0,0,0,0,28,132,260
93967175,0,96,97,4,510.0,3,3,1,"{""COW"":1,""SHEEP"":4}",5,14,11,11,0,0,0,32,139,266
93967175,0,192,193,8,1453.0,6,6,2,"{""COW"":6,""SHEEP"":4}",10,33,12,12,0,0,0,34,145,270
93967175,0,288,289,12,9203.0,8,8,3,"{""COW"":8,""SHEEP"":4}",12,61,16,16,12,6,0,38,168,171
93967175,0,384,385,16,16776.0,6,6,3,"{""COW"":8,""SHEEP"":4}",12,61,38,38,15,3,16,42,181,178
93967175,0,480,481,20,35462.0,7,7,3,"{""COW"":8,""SHEEP"":4}",12,61,44,44,15,8,4,45,41,84
93967175,0,576,577,24,37951.0,7,7,3,"{""COW"":8,""SHEEP"":4}",13,62,36,36,11,6,12,47,9,13
93967175,0,719,719,29,59270.0,10,10,3,"{""COW"":8,""SHEEP"":4}",13,0,7,7,0,0,0,43,24,28
93967175,1,0,1,0,13.0,5,5,1,{},1,0,5,5,0,0,0,29,128,256
93967175,1,24,25,1,16.0,0,0,1,"{""COW"":2,""SHEEP"":2}",4,19,3,0,0,0,0,28,132,260
93967175,1,96,97,4,131.0,5,5,1,"{""COW"":3,""SHEEP"":2}",5,19,6,6,0,0,0,32,139,266
93967175,1,192,193,8,383.0,5,5,2,"{""COW"":6,""SHEEP"":3}",10,31,10,10,0,0,0,34,145,270
93967175,1,288,289,12,8945.0,5,5,4,"{""COW"":6,""SHEEP"":8}",14,56,19,13,18,0,0,38,168,171
93967175,1,384,385,16,24262.0,5,5,4,"{""COW"":6,""SHEEP"":11}",18,59,17,11,0,0,0,42,181,178
93967175,1,480,481,20,46507.0,5,5,4,"{""COW"":6,""SHEEP"":12}",18,69,20,14,22,0,0,45,41,84
93967175,1,576,577,24,63731.0,5,5,4,"{""COW"":6,""SHEEP"":12}",18,44,8,2,15,0,0,47,9,13
93967175,1,719,719,29,83741.0,8,8,4,"{""COW"":6,""SHEEP"":8}",18,1,0,0,0,0,0,43,24,28
93978621,0,0,1,0,3.0,4,4,1,{},0,0,14,14,0,0,0,30,128,256
93978621,0,24,25,1,8.0,1,1,1,"{""COW"":1,""SHEEP"":4}",5,10,0,0,0,0,0,28,132,260
93978621,0,96,97,4,500.0,3,3,1,"{""COW"":1,""SHEEP"":4}",5,14,11,11,0,0,0,33,139,266
93978621,0,192,193,8,816.0,6,6,2,"{""COW"":6,""SHEEP"":4}",10,33,12,12,0,0,0,35,159,270
93978621,0,288,289,12,7016.0,8,8,3,"{""COW"":8,""SHEEP"":4}",12,61,16,16,12,3,0,38,190,228
93978621,0,384,385,16,19741.0,6,6,3,"{""COW"":8,""SHEEP"":4}",12,61,38,38,15,0,16,41,209,232
93978621,0,480,481,20,44918.0,7,7,3,"{""COW"":8,""SHEEP"":4}",12,61,44,44,15,1,4,43,84,235
93978621,0,576,577,24,59411.0,7,7,3,"{""COW"":8,""SHEEP"":4}",13,62,36,36,11,6,0,45,9,10
93978621,0,719,719,29,79915.0,10,10,3,"{""COW"":8,""SHEEP"":4}",13,0,0,0,0,0,0,22,43,25
93978621,1,0,1,0,3.0,4,4,1,{},0,0,14,14,0,0,0,30,128,256
93978621,1,24,25,1,8.0,1,1,1,"{""COW"":1,""SHEEP"":4}",5,10,0,0,0,0,0,28,132,260
93978621,1,96,97,4,500.0,3,3,1,"{""COW"":1,""SHEEP"":4}",5,14,11,11,0,0,0,33,139,266
93978621,1,192,193,8,342.0,6,6,2,"{""COW"":6,""SHEEP"":4}",10,33,12,12,0,0,0,35,159,270
93978621,1,288,289,12,5945.0,8,8,3,"{""COW"":8,""SHEEP"":4}",12,55,16,16,12,6,0,38,190,228
93978621,1,384,385,16,14791.0,6,6,3,"{""COW"":8,""SHEEP"":4}",12,61,34,34,15,2,12,41,209,232
93978621,1,480,481,20,40088.0,7,7,3,"{""COW"":8,""SHEEP"":4}",12,61,40,40,15,8,4,43,84,235
93978621,1,576,577,24,52148.0,7,7,3,"{""COW"":8,""SHEEP"":4}",13,62,32,32,11,6,12,45,9,10
93978621,1,719,719,29,74851.0,10,10,3,"{""COW"":8,""SHEEP"":4}",13,0,7,7,0,0,0,22,43,25
93986526,0,0,1,0,3.0,4,4,1,{},0,0,14,14,0,0,0,30,128,256
93986526,0,24,25,1,8.0,1,1,1,"{""COW"":1,""SHEEP"":4}",5,10,0,0,0,0,0,28,132,260
93986526,0,96,97,4,500.0,3,3,1,"{""COW"":1,""SHEEP"":4}",5,14,11,11,0,0,0,33,139,266
93986526,0,192,193,8,969.0,6,6,2,"{""COW"":6,""SHEEP"":4}",10,33,12,12,0,0,0,35,145,270
93986526,0,288,289,12,8416.0,8,8,3,"{""COW"":8,""SHEEP"":4}",12,61,16,16,12,6,0,38,150,228
93986526,0,384,385,16,20090.0,6,6,3,"{""COW"":8,""SHEEP"":4}",12,61,38,38,15,3,16,40,153,232
93986526,0,480,481,20,31252.0,7,7,3,"{""COW"":8,""SHEEP"":4}",12,61,44,44,15,8,4,42,3,235
93986526,0,576,577,24,40515.0,7,7,3,"{""COW"":8,""SHEEP"":4}",13,62,36,36,11,6,12,43,5,10
93986526,0,719,719,29,61637.0,10,10,3,"{""COW"":8,""SHEEP"":4}",13,0,7,7,0,0,0,21,9,25
93986526,1,0,1,0,3.0,4,4,1,{},0,0,14,14,0,0,0,30,128,256
93986526,1,24,25,1,8.0,1,1,1,"{""COW"":1,""SHEEP"":4}",5,10,0,0,0,0,0,28,132,260
93986526,1,96,97,4,500.0,3,3,1,"{""COW"":1,""SHEEP"":4}",5,14,11,11,0,0,0,33,139,266
93986526,1,192,193,8,949.0,6,6,2,"{""COW"":6,""SHEEP"":4}",10,33,12,12,0,0,0,35,145,270
93986526,1,288,289,12,8363.0,8,8,3,"{""COW"":8,""SHEEP"":4}",12,61,16,16,12,6,0,38,150,228
93986526,1,384,385,16,19688.0,6,6,3,"{""COW"":8,""SHEEP"":4}",12,61,38,38,15,3,16,40,153,232
93986526,1,480,481,20,30659.0,7,7,3,"{""COW"":8,""SHEEP"":4}",12,61,44,44,15,8,4,42,3,235
93986526,1,576,577,24,39857.0,7,7,3,"{""COW"":8,""SHEEP"":4}",13,62,36,36,11,6,12,43,5,10
93986526,1,719,719,29,60438.0,10,10,3,"{""COW"":8,""SHEEP"":4}",13,0,7,7,0,0,0,21,9,25
93987615,0,0,1,0,3.0,4,4,1,{},0,0,14,14,0,0,0,30,128,256
93987615,0,24,25,1,8.0,1,1,1,"{""COW"":1,""SHEEP"":4}",5,10,0,0,0,0,0,28,132,260
93987615,0,96,97,4,502.0,3,3,1,"{""COW"":1,""SHEEP"":4}",5,14,11,11,0,0,0,33,149,266
93987615,0,192,193,8,572.0,6,6,2,"{""COW"":6,""SHEEP"":4}",10,33,12,12,0,0,0,34,173,270
93987615,0,288,289,12,6237.0,8,8,3,"{""COW"":8,""SHEEP"":4}",12,61,16,16,12,6,0,36,190,228
93987615,0,384,385,16,16697.0,6,6,3,"{""COW"":8,""SHEEP"":4}",12,61,38,38,15,3,16,39,212,232
93987615,0,480,481,20,46799.0,7,7,3,"{""COW"":8,""SHEEP"":4}",12,61,44,44,15,8,4,41,108,235
93987615,0,576,577,24,68846.0,7,7,3,"{""COW"":8,""SHEEP"":4}",13,62,36,36,11,6,12,43,11,10
93987615,0,719,719,29,106279.0,10,10,3,"{""COW"":8,""SHEEP"":4}",13,0,0,0,0,0,0,21,53,25
93987615,1,0,1,0,3.0,4,4,1,{},0,0,14,14,0,0,0,30,128,256
93987615,1,24,25,1,8.0,1,1,1,"{""COW"":1,""SHEEP"":4}",5,10,0,0,0,0,0,28,132,260
93987615,1,96,97,4,502.0,3,3,1,"{""COW"":1,""SHEEP"":4}",5,14,11,11,0,0,0,33,149,266
93987615,1,192,193,8,551.0,6,6,2,"{""COW"":6,""SHEEP"":4}",10,33,12,12,0,0,0,34,173,270
93987615,1,288,289,12,6204.0,8,8,3,"{""COW"":8,""SHEEP"":4}",12,61,16,16,12,6,0,36,190,228
93987615,1,384,385,16,16664.0,6,6,3,"{""COW"":8,""SHEEP"":4}",12,61,38,38,15,3,16,39,212,232
93987615,1,480,481,20,46760.0,7,7,3,"{""COW"":8,""SHEEP"":4}",12,61,44,44,15,8,4,41,108,235
93987615,1,576,577,24,68879.0,7,7,3,"{""COW"":8,""SHEEP"":4}",13,62,36,36,11,6,12,43,11,10
93987615,1,719,719,29,107429.0,10,10,3,"{""COW"":8,""SHEEP"":4}",13,0,7,7,0,0,0,21,53,25
93988270,0,0,1,0,2.0,5,5,1,{},0,0,14,14,0,0,0,29,128,256
93988270,0,24,25,1,8.0,1,1,1,"{""COW"":1,""SHEEP"":4}",5,10,0,0,0,0,0,28,132,260
93988270,0,96,97,4,508.0,3,3,1,"{""COW"":1,""SHEEP"":4}",5,14,11,11,0,0,0,33,149,266
93988270,0,192,193,8,561.0,6,6,2,"{""COW"":6,""SHEEP"":4}",10,33,12,12,0,0,0,35,173,270
93988270,0,288,289,12,6503.0,8,8,3,"{""COW"":8,""SHEEP"":4}",12,61,16,16,12,6,0,39,198,171
93988270,0,384,385,16,12746.0,6,6,3,"{""COW"":8,""SHEEP"":4}",12,61,38,38,15,3,16,43,219,178
93988270,0,480,481,20,34031.0,7,7,3,"{""COW"":8,""SHEEP"":4}",12,61,44,44,15,8,4,46,197,84
93988270,0,576,577,24,49723.0,7,7,3,"{""COW"":8,""SHEEP"":4}",13,62,36,36,11,6,12,48,59,13
93988270,0,719,719,29,66831.0,10,10,3,"{""COW"":8,""SHEEP"":4}",13,0,7,7,0,0,0,45,34,28
93988270,1,0,1,0,13.0,5,5,1,{},1,0,5,5,0,0,0,29,128,256
93988270,1,24,25,1,16.0,0,0,1,"{""COW"":2,""SHEEP"":2}",4,19,3,0,0,0,0,28,132,260
93988270,1,96,97,4,131.0,5,5,1,"{""COW"":3,""SHEEP"":2}",5,19,6,6,0,0,0,33,149,266
93988270,1,192,193,8,173.0,5,5,2,"{""COW"":6,""SHEEP"":3}",10,30,10,9,0,0,0,35,173,270
93988270,1,288,289,12,14100.0,5,5,3,"{""COW"":10,""SHEEP"":4}",14,52,14,8,18,0,0,39,198,171
93988270,1,384,385,16,24723.0,5,5,3,"{""COW"":10,""SHEEP"":4}",14,56,27,21,0,0,8,43,219,178
93988270,1,480,481,20,39047.0,5,5,3,"{""COW"":10,""SHEEP"":4}",14,59,23,17,11,5,4,46,197,84
93988270,1,576,577,24,57354.0,5,5,3,"{""COW"":10,""SHEEP"":4}",14,53,11,5,4,24,4,48,59,13
93988270,1,719,719,29,65164.0,8,8,3,"{""COW"":10,""SHEEP"":4}",14,1,0,0,0,0,0,45,34,28
93990917,0,0,1,0,2.0,5,5,1,{},0,0,14,14,0,0,0,29,128,256
93990917,0,24,25,1,8.0,1,1,1,"{""COW"":1,""SHEEP"":4}",5,10,0,0,0,0,0,28,132,260
93990917,0,96,97,4,510.0,3,3,1,"{""COW"":1,""SHEEP"":4}",5,14,11,11,0,0,0,32,149,266
93990917,0,192,193,8,569.0,6,6,2,"{""COW"":6,""SHEEP"":4}",10,33,12,12,0,0,0,34,181,270
93990917,0,288,289,12,7394.0,8,8,3,"{""COW"":8,""SHEEP"":4}",12,61,16,16,12,6,0,37,206,171
93990917,0,384,385,16,20784.0,6,6,3,"{""COW"":8,""SHEEP"":4}",12,61,38,38,15,3,16,40,231,178
93990917,0,480,481,20,59715.0,7,7,3,"{""COW"":8,""SHEEP"":4}",12,61,44,44,15,8,4,42,221,101
93990917,0,576,577,24,88280.0,7,7,3,"{""COW"":8,""SHEEP"":4}",13,62,36,36,11,6,12,43,197,13
93990917,0,719,719,29,143719.0,10,10,3,"{""COW"":8,""SHEEP"":4}",13,0,7,7,0,0,0,34,210,28
93990917,1,0,1,0,13.0,5,5,1,{},1,0,5,5,0,0,0,29,128,256
93990917,1,24,25,1,16.0,0,0,1,"{""COW"":2,""SHEEP"":2}",4,19,3,0,0,0,0,28,132,260
93990917,1,96,97,4,131.0,5,5,1,"{""COW"":3,""SHEEP"":2}",5,19,6,6,0,0,0,32,149,266
93990917,1,192,193,8,190.0,5,5,2,"{""COW"":6,""SHEEP"":3}",10,30,10,9,0,0,0,34,181,270
93990917,1,288,289,12,15504.0,5,5,3,"{""COW"":10,""SHEEP"":4}",14,52,14,8,18,0,0,37,206,171
93990917,1,384,385,16,34022.0,5,5,3,"{""COW"":10,""SHEEP"":4}",14,56,27,21,0,0,8,40,231,178
93990917,1,480,481,20,60862.0,5,5,3,"{""COW"":10,""SHEEP"":4}",14,46,8,2,12,5,4,42,221,101
93990917,1,576,577,24,87421.0,5,5,3,"{""COW"":5,""SHEEP"":4}",14,42,11,5,0,8,1,43,197,13
93990917,1,719,719,29,119753.0,8,8,3,"{""COW"":5,""SHEEP"":4}",14,1,0,0,0,0,0,34,210,28
93996146,0,0,1,0,13.0,5,5,1,{},1,0,5,5,0,0,0,29,128,256
93996146,0,24,25,1,16.0,0,0,1,"{""COW"":2,""SHEEP"":2}",4,19,3,0,0,0,0,28,132,260
93996146,0,96,97,4,131.0,5,5,1,"{""COW"":3,""SHEEP"":2}",5,19,6,6,0,0,0,33,139,266
93996146,0,192,193,8,251.0,5,5,2,"{""COW"":6,""SHEEP"":3}",10,30,10,9,0,0,0,35,145,270
93996146,0,288,289,12,14252.0,5,5,3,"{""COW"":10,""SHEEP"":4}",14,52,14,8,18,0,0,38,150,171
93996146,0,384,385,16,26735.0,5,5,3,"{""COW"":10,""SHEEP"":4}",14,56,28,22,0,0,8,41,145,178
93996146,0,480,481,20,40837.0,5,5,3,"{""COW"":10,""SHEEP"":4}",14,59,34,28,11,0,4,42,5,84
93996146,0,576,577,24,49537.0,5,5,3,"{""COW"":10,""SHEEP"":4}",14,53,29,23,4,0,0,42,7,13
93996146,0,719,719,29,63751.0,8,8,3,"{""COW"":10,""SHEEP"":4}",14,1,0,0,0,0,0,22,16,28
93996146,1,0,1,0,2.0,5,5,1,{},0,0,14,14,0,0,0,29,128,256
93996146,1,24,25,1,8.0,1,1,1,"{""COW"":1,""SHEEP"":4}",5,10,0,0,0,0,0,28,132,260
93996146,1,96,97,4,508.0,3,3,1,"{""COW"":1,""SHEEP"":4}",5,14,11,11,0,0,0,33,139,266
93996146,1,192,193,8,852.0,6,6,2,"{""COW"":6,""SHEEP"":4}",10,33,12,12,0,0,0,35,145,270
93996146,1,288,289,12,8508.0,8,8,3,"{""COW"":8,""SHEEP"":4}",12,61,16,16,12,6,0,38,150,171
93996146,1,384,385,16,17060.0,6,6,3,"{""COW"":8,""SHEEP"":4}",12,61,38,38,15,3,16,41,145,178
93996146,1,480,481,20,27913.0,7,7,3,"{""COW"":8,""SHEEP"":4}",12,61,44,44,15,8,4,42,5,84
93996146,1,576,577,24,30204.0,7,7,3,"{""COW"":8,""SHEEP"":4}",13,62,36,36,11,6,12,42,7,13
93996146,1,719,719,29,53111.0,10,10,3,"{""COW"":8,""SHEEP"":4}",13,0,7,7,0,0,0,22,16,28
94000607,0,0,1,0,3.0,4,4,1,{},0,0,14,14,0,0,0,30,128,256
94000607,0,24,25,1,8.0,1,1,1,"{""COW"":1,""SHEEP"":4}",5,10,0,0,0,0,0,28,132,260
94000607,0,96,97,4,502.0,3,3,1,"{""COW"":1,""SHEEP"":4}",5,14,11,11,0,0,0,33,149,266
94000607,0,192,193,8,563.0,6,6,2,"{""COW"":6,""SHEEP"":4}",10,33,12,12,0,0,0,34,173,270
94000607,0,288,289,12,7785.0,8,8,3,"{""COW"":8,""SHEEP"":4}",12,61,16,16,12,3,0,36,190,228
94000607,0,384,385,16,22573.0,6,6,3,"{""COW"":8,""SHEEP"":4}",12,61,38,38,15,0,16,40,213,232
94000607,0,480,481,20,56270.0,7,7,3,"{""COW"":8,""SHEEP"":4}",12,61,44,44,15,8,4,42,162,235
94000607,0,576,577,24,83081.0,7,7,3,"{""COW"":8,""SHEEP"":4}",13,62,36,36,11,6,0,45,11,10
94000607,0,719,719,29,108955.0,10,10,3,"{""COW"":8,""SHEEP"":4}",13,0,0,0,0,0,0,29,76,25
94000607,1,0,1,0,3.0,4,4,1,{},0,0,14,14,0,0,0,30,128,256
94000607,1,24,25,1,8.0,1,1,1,"{""COW"":1,""SHEEP"":4}",5,10,0,0,0,0,0,28,132,260
94000607,1,96,97,4,502.0,3,3,1,"{""COW"":1,""SHEEP"":4}",5,14,11,11,0,0,0,33,149,266
94000607,1,192,193,8,563.0,6,6,2,"{""COW"":6,""SHEEP"":4}",10,33,12,12,0,0,0,34,173,270
94000607,1,288,289,12,7057.0,8,8,3,"{""COW"":8,""SHEEP"":4}",12,61,16,16,12,6,0,36,190,228
94000607,1,384,385,16,20357.0,6,6,3,"{""COW"":8,""SHEEP"":4}",12,61,38,38,15,3,16,40,213,232
94000607,1,480,481,20,55593.0,7,7,3,"{""COW"":8,""SHEEP"":4}",12,61,44,44,15,8,4,42,162,235
94000607,1,576,577,24,79516.0,7,7,3,"{""COW"":8,""SHEEP"":4}",13,62,36,36,11,6,12,45,11,10
94000607,1,719,719,29,107821.0,10,10,3,"{""COW"":8,""SHEEP"":4}",13,0,7,7,0,0,0,29,76,25
94003252,0,0,1,0,13.0,5,5,1,{},1,0,5,5,0,0,0,29,128,256
94003252,0,24,25,1,16.0,0,0,1,"{""COW"":2,""SHEEP"":2}",4,19,3,0,0,0,0,28,132,260
94003252,0,96,97,4,131.0,5,5,1,"{""COW"":3,""SHEEP"":2}",5,19,6,6,0,0,0,33,149,266
94003252,0,192,193,8,173.0,5,5,2,"{""COW"":6,""SHEEP"":3}",10,29,10,9,0,0,0,35,173,270
94003252,0,288,289,12,15078.0,5,5,3,"{""COW"":10,""SHEEP"":4}",14,51,14,8,18,0,0,40,189,171
94003252,0,384,385,16,29374.0,5,5,3,"{""COW"":10,""SHEEP"":4}",14,55,27,21,0,0,10,44,199,178
94003252,0,480,481,20,55029.0,5,5,3,"{""COW"":10,""SHEEP"":4}",14,58,14,8,9,0,4,47,132,84
94003252,0,576,577,24,67284.0,5,5,3,"{""COW"":10,""SHEEP"":4}",14,52,12,6,10,0,4,50,9,13
94003252,0,719,719,29,82451.0,8,8,3,"{""COW"":10,""SHEEP"":4}",14,0,0,0,0,0,0,48,24,28
94003252,1,0,1,0,2.0,5,5,1,{},0,0,14,14,0,0,0,29,128,256
94003252,1,24,25,1,8.0,1,1,1,"{""COW"":1,""SHEEP"":4}",5,10,0,0,0,0,0,28,132,260
94003252,1,96,97,4,508.0,3,3,1,"{""COW"":1,""SHEEP"":4}",5,14,11,11,0,0,0,33,149,266
94003252,1,192,193,8,561.0,6,6,2,"{""COW"":6,""SHEEP"":4}",10,33,12,12,0,0,0,35,173,270
94003252,1,288,289,12,6643.0,8,8,3,"{""COW"":8,""SHEEP"":4}",12,61,16,16,12,6,0,40,189,171
94003252,1,384,385,16,16162.0,6,6,3,"{""COW"":8,""SHEEP"":4}",12,61,38,38,15,3,16,44,199,178
94003252,1,480,481,20,43474.0,7,7,3,"{""COW"":8,""SHEEP"":4}",12,61,44,44,15,8,4,47,132,84
94003252,1,576,577,24,54389.0,7,7,3,"{""COW"":8,""SHEEP"":4}",13,62,36,36,11,6,12,50,9,13
94003252,1,719,719,29,78573.0,10,10,3,"{""COW"":8,""SHEEP"":4}",13,0,7,7,0,0,0,48,24,28
94003387,0,0,1,0,3.0,4,4,1,{},0,0,14,14,0,0,0,30,128,256
94003387,0,24,25,1,8.0,1,1,1,"{""COW"":1,""SHEEP"":4}",5,10,0,0,0,0,0,28,132,260
94003387,0,96,97,4,502.0,3,3,1,"{""COW"":1,""SHEEP"":4}",5,14,11,11,0,0,0,33,149,266
94003387,0,192,193,8,781.0,6,6,2,"{""COW"":6,""SHEEP"":4}",10,33,12,12,0,0,0,33,181,270
94003387,0,288,289,12,7122.0,8,8,3,"{""COW"":8,""SHEEP"":4}",12,61,16,16,12,3,0,35,206,228
94003387,0,384,385,16,18894.0,6,6,3,"{""COW"":8,""SHEEP"":4}",12,61,38,38,15,0,16,38,234,232
94003387,0,480,481,20,50654.0,7,7,3,"{""COW"":8,""SHEEP"":4}",12,61,44,44,15,8,4,41,203,235
94003387,0,576,577,24,84463.0,7,7,3,"{""COW"":8,""SHEEP"":4}",13,62,36,36,11,6,4,43,120,10
94003387,0,719,719,29,119631.0,10,10,3,"{""COW"":8,""SHEEP"":4}",13,0,7,7,0,0,0,22,116,25
94003387,1,0,1,0,3.0,4,4,1,{},0,0,14,14,0,0,0,30,128,256
94003387,1,24,25,1,8.0,1,1,1,"{""COW"":1,""SHEEP"":4}",5,10,0,0,0,0,0,28,132,260
94003387,1,96,97,4,502.0,3,3,1,"{""COW"":1,""SHEEP"":4}",5,14,11,11,0,0,0,33,149,266
94003387,1,192,193,8,325.0,6,6,2,"{""COW"":6,""SHEEP"":4}",10,33,12,12,0,0,0,33,181,270
94003387,1,288,289,12,6009.0,8,8,3,"{""COW"":8,""SHEEP"":4}",12,57,16,16,12,6,0,35,206,228
94003387,1,384,385,16,14506.0,6,6,3,"{""COW"":8,""SHEEP"":4}",12,61,34,34,15,2,12,38,234,232
94003387,1,480,481,20,47614.0,7,7,3,"{""COW"":8,""SHEEP"":4}",12,61,40,40,15,8,4,41,203,235
94003387,1,576,577,24,81417.0,7,7,3,"{""COW"":8,""SHEEP"":4}",13,62,32,32,11,6,12,43,120,10
94003387,1,719,719,29,116614.0,10,10,3,"{""COW"":8,""SHEEP"":4}",13,0,7,7,0,0,0,22,116,25
94007573,0,0,1,0,13.0,5,5,1,{},1,0,5,5,0,0,0,29,128,256
94007573,0,24,25,1,16.0,0,0,1,"{""COW"":2,""SHEEP"":2}",4,19,3,0,0,0,0,28,132,260
94007573,0,96,97,4,131.0,5,5,1,"{""COW"":3,""SHEEP"":2}",5,19,6,6,0,0,0,33,139,266
94007573,0,192,193,8,187.0,5,5,2,"{""COW"":6,""SHEEP"":3}",10,30,10,9,0,0,0,35,159,270
94007573,0,288,289,12,14776.0,5,5,3,"{""COW"":10,""SHEEP"":4}",14,51,14,8,18,0,0,38,180,171
94007573,0,384,385,16,30770.0,5,5,3,"{""COW"":10,""SHEEP"":4}",14,56,26,20,0,0,8,41,205,178
94007573,0,480,481,20,58012.0,5,5,3,"{""COW"":10,""SHEEP"":4}",14,59,23,17,11,13,4,43,185,84
94007573,0,576,577,24,88115.0,5,5,3,"{""COW"":10,""SHEEP"":4}",14,53,11,5,4,24,4,43,60,13
94007573,0,719,719,29,127150.0,8,8,3,"{""COW"":10,""SHEEP"":4}",14,1,0,0,0,0,0,33,51,28
94007573,1,0,1,0,2.0,5,5,1,{},0,0,14,14,0,0,0,29,128,256
94007573,1,24,25,1,8.0,1,1,1,"{""COW"":1,""SHEEP"":4}",5,10,0,0,0,0,0,28,132,260
94007573,1,96,97,4,508.0,3,3,1,"{""COW"":1,""SHEEP"":4}",5,14,11,11,0,0,0,33,139,266
94007573,1,192,193,8,562.0,6,6,2,"{""COW"":6,""SHEEP"":4}",10,33,12,12,0,0,0,35,159,270
94007573,1,288,289,12,7293.0,8,8,3,"{""COW"":8,""SHEEP"":4}",12,61,16,16,12,6,0,38,180,171
94007573,1,384,385,16,19476.0,6,6,3,"{""COW"":8,""SHEEP"":4}",12,61,38,38,15,3,16,41,205,178
94007573,1,480,481,20,53958.0,7,7,3,"{""COW"":8,""SHEEP"":4}",12,61,44,44,15,8,4,43,185,84
94007573,1,576,577,24,76971.0,7,7,3,"{""COW"":8,""SHEEP"":4}",13,62,36,36,11,6,12,43,60,13
94007573,1,719,719,29,118722.0,10,10,3,"{""COW"":8,""SHEEP"":4}",13,0,7,7,0,0,0,33,51,28
94011159,0,0,1,0,0.0,5,5,1,{},0,0,14,14,0,0,0,30,128,256
94011159,0,24,25,1,3.0,1,1,1,"{""COW"":1,""SHEEP"":4}",5,10,0,0,0,0,0,29,132,260
94011159,0,96,97,4,496.0,3,3,1,"{""COW"":1,""SHEEP"":4}",5,14,11,11,0,0,0,33,139,266
94011159,0,192,193,8,297.0,6,6,2,"{""COW"":6,""SHEEP"":4}",10,33,12,12,0,0,0,36,159,270
94011159,0,288,289,12,6193.0,8,8,3,"{""COW"":8,""SHEEP"":4}",12,57,16,16,12,6,0,39,180,233
94011159,0,384,385,16,17065.0,6,6,3,"{""COW"":8,""SHEEP"":4}",12,61,34,34,15,2,12,41,197,236
94011159,0,480,481,20,46547.0,7,7,3,"{""COW"":8,""SHEEP"":4}",12,61,40,40,15,8,4,43,74,239
94011159,0,576,577,24,65313.0,7,7,3,"{""COW"":8,""SHEEP"":4}",13,62,32,32,11,6,12,44,12,13
94011159,0,719,719,29,103851.0,10,10,3,"{""COW"":8,""SHEEP"":4}",13,0,7,7,0,0,0,23,108,28
94011159,1,0,1,0,1.0,4,4,1,{},0,0,8,8,0,0,0,30,128,256
94011159,1,24,25,1,29.0,1,1,1,"{""COW"":1,""SHEEP"":4}",5,9,2,2,0,0,0,29,132,260
94011159,1,96,97,4,676.0,3,3,1,"{""COW"":1,""SHEEP"":4}",5,13,8,8,0,0,0,33,139,266
94011159,1,192,193,8,801.0,6,6,2,"{""COW"":6,""SHEEP"":4}",10,32,13,13,0,0,0,36,159,270
94011159,1,288,289,12,7364.0,8,8,3,"{""COW"":8,""SHEEP"":4}",12,58,15,15,15,0,0,39,180,233
94011159,1,384,385,16,25875.0,6,6,3,"{""COW"":8,""SHEEP"":4}",12,58,16,16,22,0,0,41,197,236
94011159,1,480,481,20,50768.0,7,7,3,"{""COW"":8,""SHEEP"":4}",12,58,15,15,21,0,0,43,74,239
94011159,1,576,577,24,68914.0,7,7,3,"{""COW"":9,""SHEEP"":4}",13,62,16,16,5,0,0,44,12,13
94011159,1,719,719,29,100523.0,10,10,3,"{""COW"":9,""SHEEP"":4}",13,1,0,0,0,0,0,23,108,28
94012140,0,0,1,0,3.0,4,4,1,{},0,0,14,14,0,0,0,30,128,256
94012140,0,24,25,1,8.0,1,1,1,"{""COW"":1,""SHEEP"":4}",5,10,0,0,0,0,0,28,132,260
94012140,0,96,97,4,502.0,3,3,1,"{""COW"":1,""SHEEP"":4}",5,14,11,11,0,0,0,33,139,266
94012140,0,192,193,8,554.0,6,6,2,"{""COW"":6,""SHEEP"":4}",10,33,12,12,0,0,0,34,159,270
94012140,0,288,289,12,6116.0,8,8,3,"{""COW"":8,""SHEEP"":4}",12,61,16,16,12,6,0,37,190,228
94012140,0,384,385,16,15895.0,6,6,3,"{""COW"":8,""SHEEP"":4}",12,61,38,38,15,3,16,40,221,232
94012140,0,480,481,20,47146.0,7,7,3,"{""COW"":8,""SHEEP"":4}",12,61,44,44,15,8,4,43,166,235
94012140,0,576,577,24,73377.0,7,7,3,"{""COW"":8,""SHEEP"":4}",13,62,36,36,11,6,12,44,11,10
94012140,0,719,719,29,112893.0,10,10,3,"{""COW"":8,""SHEEP"":4}",13,0,7,7,0,0,0,22,55,25
94012140,1,0,1,0,3.0,4,4,1,{},0,0,14,14,0,0,0,30,128,256
94012140,1,24,25,1,8.0,1,1,1,"{""COW"":1,""SHEEP"":4}",5,10,0,0,0,0,0,28,132,260
94012140,1,96,97,4,502.0,3,3,1,"{""COW"":1,""SHEEP"":4}",5,14,11,11,0,0,0,33,139,266
94012140,1,192,193,8,570.0,6,6,2,"{""COW"":6,""SHEEP"":4}",10,33,12,12,0,0,0,34,159,270
94012140,1,288,289,12,6178.0,8,8,3,"{""COW"":8,""SHEEP"":4}",12,61,16,16,12,6,0,37,190,228
94012140,1,384,385,16,16072.0,6,6,3,"{""COW"":8,""SHEEP"":4}",12,61,38,38,15,3,16,40,221,232
94012140,1,480,481,20,47491.0,7,7,3,"{""COW"":8,""SHEEP"":4}",12,61,44,44,15,8,4,43,166,235
94012140,1,576,577,24,73891.0,7,7,3,"{""COW"":8,""SHEEP"":4}",13,62,36,36,11,6,12,44,11,10
94012140,1,719,719,29,115390.0,10,10,3,"{""COW"":8,""SHEEP"":4}",13,0,0,0,0,0,0,22,55,25
94013907,0,0,1,0,13.0,5,5,1,{},1,0,5,5,0,0,0,29,128,256
94013907,0,24,25,1,16.0,0,0,1,"{""COW"":2,""SHEEP"":2}",4,19,3,0,0,0,0,28,132,260
94013907,0,96,97,4,131.0,5,5,1,"{""COW"":3,""SHEEP"":2}",5,19,6,6,0,0,0,32,139,266
94013907,0,192,193,8,197.0,5,5,2,"{""COW"":6,""SHEEP"":3}",10,30,10,9,0,0,0,33,159,270
94013907,0,288,289,12,14766.0,5,5,3,"{""COW"":10,""SHEEP"":4}",14,52,14,8,18,0,0,36,180,171
94013907,0,384,385,16,26797.0,5,5,3,"{""COW"":10,""SHEEP"":4}",14,56,27,21,0,0,8,39,202,178
94013907,0,480,481,20,41043.0,5,5,3,"{""COW"":10,""SHEEP"":4}",14,59,23,17,11,5,4,42,154,84
94013907,0,576,577,24,48123.0,5,5,3,"{""COW"":10,""SHEEP"":4}",14,53,11,5,4,24,4,42,9,13
94013907,0,719,719,29,56431.0,8,8,3,"{""COW"":10,""SHEEP"":4}",14,1,0,0,0,0,0,30,24,28
94013907,1,0,1,0,2.0,5,5,1,{},0,0,14,14,0,0,0,29,128,256
94013907,1,24,25,1,8.0,1,1,1,"{""COW"":1,""SHEEP"":4}",5,10,0,0,0,0,0,28,132,260
94013907,1,96,97,4,510.0,3,3,1,"{""COW"":1,""SHEEP"":4}",5,14,11,11,0,0,0,32,139,266
94013907,1,192,193,8,576.0,6,6,2,"{""COW"":6,""SHEEP"":4}",10,33,12,12,0,0,0,33,159,270
94013907,1,288,289,12,6626.0,8,8,3,"{""COW"":8,""SHEEP"":4}",12,61,16,16,12,6,0,36,180,171
94013907,1,384,385,16,14182.0,6,6,3,"{""COW"":8,""SHEEP"":4}",12,61,38,38,15,3,16,39,202,178
94013907,1,480,481,20,34206.0,7,7,3,"{""COW"":8,""SHEEP"":4}",12,61,44,44,15,8,4,42,154,84
94013907,1,576,577,24,39780.0,7,7,3,"{""COW"":8,""SHEEP"":4}",13,62,36,36,11,6,12,42,9,13
94013907,1,719,719,29,54388.0,10,10,3,"{""COW"":8,""SHEEP"":4}",13,0,7,7,0,0,0,30,24,28
94014633,0,0,1,0,13.0,5,5,1,{},1,0,5,5,0,0,0,29,128,256
94014633,0,24,25,1,16.0,0,0,1,"{""COW"":2,""SHEEP"":2}",4,19,3,0,0,0,0,28,132,260
94014633,0,96,97,4,131.0,5,5,1,"{""COW"":3,""SHEEP"":2}",5,19,6,6,0,0,0,32,149,266
94014633,0,192,193,8,190.0,5,5,2,"{""COW"":6,""SHEEP"":3}",10,30,10,9,0,0,0,34,173,270
94014633,0,288,289,12,15485.0,5,5,3,"{""COW"":10,""SHEEP"":4}",14,52,14,8,18,0,0,38,198,171
94014633,0,384,385,16,30968.0,5,5,3,"{""COW"":10,""SHEEP"":4}",14,56,27,21,0,0,8,41,219,178
94014633,0,480,481,20,57536.0,5,5,3,"{""COW"":10,""SHEEP"":4}",14,59,23,17,11,15,4,44,197,84
94014633,0,576,577,24,86152.0,5,5,3,"{""COW"":10,""SHEEP"":4}",14,53,11,5,4,24,4,45,24,13
94014633,0,719,719,29,120673.0,8,8,3,"{""COW"":10,""SHEEP"":4}",14,1,0,0,0,0,0,39,32,28
94014633,1,0,1,0,2.0,5,5,1,{},0,0,14,14,0,0,0,29,128,256
94014633,1,24,25,1,8.0,1,1,1,"{""COW"":1,""SHEEP"":4}",5,10,0,0,0,0,0,28,132,260
94014633,1,96,97,4,510.0,3,3,1,"{""COW"":1,""SHEEP"":4}",5,14,11,11,0,0,0,32,149,266
94014633,1,192,193,8,569.0,6,6,2,"{""COW"":6,""SHEEP"":4}",10,33,12,12,0,0,0,34,173,270
94014633,1,288,289,12,6703.0,8,8,3,"{""COW"":8,""SHEEP"":4}",12,61,16,16,12,6,0,38,198,171
94014633,1,384,385,16,17153.0,6,6,3,"{""COW"":8,""SHEEP"":4}",12,61,38,38,15,3,16,41,219,178
94014633,1,480,481,20,50214.0,7,7,3,"{""COW"":8,""SHEEP"":4}",12,61,44,44,15,8,4,44,197,84
94014633,1,576,577,24,74498.0,7,7,3,"{""COW"":8,""SHEEP"":4}",13,62,36,36,11,6,12,45,24,13
94014633,1,719,719,29,108365.0,10,10,3,"{""COW"":8,""SHEEP"":4}",13,0,7,7,0,0,0,39,32,28
94018930,0,0,1,0,2.0,5,5,1,{},0,0,14,14,0,0,0,29,128,256
94018930,0,24,25,1,8.0,1,1,1,"{""COW"":1,""SHEEP"":4}",5,10,0,0,0,0,0,28,132,260
94018930,0,96,97,4,508.0,3,3,1,"{""COW"":1,""SHEEP"":4}",5,14,11,11,0,0,0,33,139,266
94018930,0,192,193,8,561.0,6,6,2,"{""COW"":6,""SHEEP"":4}",10,33,12,12,0,0,0,35,159,270
94018930,0,288,289,12,6638.0,8,8,3,"{""COW"":8,""SHEEP"":4}",12,61,16,16,12,6,0,39,190,171
94018930,0,384,385,16,16526.0,6,6,3,"{""COW"":8,""SHEEP"":4}",12,61,38,38,15,3,16,43,219,178
94018930,0,480,481,20,48913.0,7,7,3,"{""COW"":8,""SHEEP"":4}",12,61,44,44,15,8,4,46,197,84
94018930,0,576,577,24,73127.0,7,7,3,"{""COW"":8,""SHEEP"":4}",13,62,36,36,11,6,12,48,22,13
94018930,0,719,719,29,108077.0,10,10,3,"{""COW"":8,""SHEEP"":4}",13,0,7,7,0,0,0,45,24,28
94018930,1,0,1,0,13.0,5,5,1,{},1,0,5,5,0,0,0,29,128,256
94018930,1,24,25,1,16.0,0,0,1,"{""COW"":2,""SHEEP"":2}",4,19,3,0,0,0,0,28,132,260
94018930,1,96,97,4,131.0,5,5,1,"{""COW"":3,""SHEEP"":2}",5,19,6,6,0,0,0,33,139,266
94018930,1,192,193,8,173.0,5,5,2,"{""COW"":6,""SHEEP"":3}",10,30,10,9,0,0,0,35,159,270
94018930,1,288,289,12,15095.0,5,5,3,"{""COW"":10,""SHEEP"":4}",14,51,14,8,18,0,0,39,190,171
94018930,1,384,385,16,28756.0,5,5,3,"{""COW"":10,""SHEEP"":4}",14,56,26,20,0,0,8,43,219,178
94018930,1,480,481,20,57325.0,5,5,3,"{""COW"":10,""SHEEP"":4}",14,59,23,17,11,0,4,46,197,84
94018930,1,576,577,24,82098.0,5,5,3,"{""COW"":10,""SHEEP"":4}",14,53,11,5,4,24,4,48,22,13
94018930,1,719,719,29,116722.0,8,8,3,"{""COW"":10,""SHEEP"":4}",14,1,0,0,0,0,0,45,24,28
94028804,0,0,1,0,13.0,5,5,1,{},1,0,5,5,0,0,0,29,128,256
94028804,0,24,25,1,16.0,0,0,1,"{""COW"":2,""SHEEP"":2}",4,19,3,0,0,0,0,28,132,260
94028804,0,96,97,4,131.0,5,5,1,"{""COW"":3,""SHEEP"":2}",5,19,6,6,0,0,0,33,149,266
94028804,0,192,193,8,192.0,5,5,2,"{""COW"":6,""SHEEP"":3}",10,31,10,10,0,0,0,35,181,270
94028804,0,288,289,12,9567.0,5,5,4,"{""COW"":6,""SHEEP"":8}",14,56,19,13,18,0,0,40,214,171
94028804,0,384,385,16,23615.0,5,5,4,"{""COW"":6,""SHEEP"":11}",18,59,17,11,0,0,0,44,246,178
94028804,0,480,481,20,45309.0,5,5,4,"{""COW"":6,""SHEEP"":12}",18,69,20,14,22,0,0,48,247,84
94028804,0,576,577,24,72085.0,5,5,4,"{""COW"":6,""SHEEP"":12}",18,44,8,2,15,0,0,50,243,13
94028804,0,719,719,29,106403.0,8,8,4,"{""COW"":6,""SHEEP"":8}",18,1,0,0,0,0,0,47,260,28
94028804,1,0,1,0,2.0,5,5,1,{},0,0,14,14,0,0,0,29,128,256
94028804,1,24,25,1,8.0,1,1,1,"{""COW"":1,""SHEEP"":4}",5,10,0,0,0,0,0,28,132,260
94028804,1,96,97,4,508.0,3,3,1,"{""COW"":1,""SHEEP"":4}",5,14,11,11,0,0,0,33,149,266
94028804,1,192,193,8,561.0,6,6,2,"{""COW"":6,""SHEEP"":4}",10,33,12,12,0,0,0,35,181,270
94028804,1,288,289,12,6635.0,8,8,3,"{""COW"":8,""SHEEP"":4}",12,61,16,16,12,6,0,40,214,171
94028804,1,384,385,16,16116.0,6,6,3,"{""COW"":8,""SHEEP"":4}",12,61,38,38,15,3,16,44,246,178
94028804,1,480,481,20,50094.0,7,7,3,"{""COW"":8,""SHEEP"":4}",12,61,44,44,15,8,4,48,247,84
94028804,1,576,577,24,80675.0,7,7,3,"{""COW"":8,""SHEEP"":4}",13,62,36,36,11,6,12,50,243,13
94028804,1,719,719,29,127567.0,10,10,3,"{""COW"":8,""SHEEP"":4}",13,0,7,7,0,0,0,47,260,28
94037497,0,0,1,0,1.0,4,4,1,{},0,0,8,8,0,0,0,30,128,256
94037497,0,24,25,1,29.0,1,1,1,"{""COW"":1,""SHEEP"":4}",5,9,2,2,0,0,0,29,132,260
94037497,0,96,97,4,676.0,3,3,1,"{""COW"":1,""SHEEP"":4}",5,13,8,8,0,0,0,33,149,266
94037497,0,192,193,8,801.0,6,6,2,"{""COW"":6,""SHEEP"":4}",10,32,13,13,0,0,0,36,173,270
94037497,0,288,289,12,6104.0,8,8,3,"{""COW"":8,""SHEEP"":4}",12,63,15,15,15,0,0,39,198,238
94037497,0,384,385,16,17442.0,6,6,3,"{""COW"":8,""SHEEP"":4}",12,63,16,16,22,0,0,42,214,240
94037497,0,480,481,20,34759.0,7,7,3,"{""COW"":8,""SHEEP"":4}",12,63,15,15,21,0,0,44,170,243
94037497,0,576,577,24,53213.0,7,7,3,"{""COW"":9,""SHEEP"":4}",13,62,16,16,5,0,0,47,12,10
94037497,0,719,719,29,65607.0,10,10,3,"{""COW"":9,""SHEEP"":4}",13,1,0,0,0,0,0,36,108,25
94037497,1,0,1,0,0.0,5,5,1,{},0,0,14,14,0,0,0,30,128,256
94037497,1,24,25,1,3.0,1,1,1,"{""COW"":1,""SHEEP"":4}",5,10,0,0,0,0,0,29,132,260
94037497,1,96,97,4,496.0,3,3,1,"{""COW"":1,""SHEEP"":4}",5,14,11,11,0,0,0,33,149,266
94037497,1,192,193,8,297.0,6,6,2,"{""COW"":6,""SHEEP"":4}",10,32,12,12,0,0,0,36,173,270
94037497,1,288,289,12,4274.0,8,8,3,"{""COW"":8,""SHEEP"":4}",12,54,16,16,12,6,0,39,198,238
94037497,1,384,385,16,10740.0,6,6,3,"{""COW"":8,""SHEEP"":4}",12,58,34,34,16,2,12,42,214,240
94037497,1,480,481,20,30930.0,7,7,3,"{""COW"":8,""SHEEP"":4}",12,58,40,40,16,8,4,44,170,243
94037497,1,576,577,24,48315.0,7,7,3,"{""COW"":8,""SHEEP"":4}",13,62,32,32,11,6,12,47,12,10
94037497,1,719,719,29,64666.0,10,10,3,"{""COW"":8,""SHEEP"":4}",13,0,7,7,0,0,0,36,108,25
94040969,0,0,1,0,3.0,4,4,1,{},0,0,14,14,0,0,0,30,128,256
94040969,0,24,25,1,8.0,1,1,1,"{""COW"":1,""SHEEP"":4}",5,10,0,0,0,0,0,28,132,260
94040969,0,96,97,4,500.0,3,3,1,"{""COW"":1,""SHEEP"":4}",5,14,11,11,0,0,0,33,149,266
94040969,0,192,193,8,588.0,6,6,2,"{""COW"":6,""SHEEP"":4}",10,32,12,12,0,0,0,36,181,270
94040969,0,288,289,12,6278.0,8,8,3,"{""COW"":8,""SHEEP"":4}",12,60,16,16,12,6,0,39,206,228
94040969,0,384,385,16,11389.0,6,6,3,"{""COW"":8,""SHEEP"":4}",12,60,38,38,16,3,16,43,228,232
94040969,0,480,481,20,29996.0,7,7,3,"{""COW"":8,""SHEEP"":4}",12,60,44,44,16,8,4,47,189,235
94040969,0,576,577,24,52384.0,7,7,3,"{""COW"":8,""SHEEP"":4}",13,62,36,36,11,6,12,50,101,10
94040969,0,719,719,29,75739.0,10,10,3,"{""COW"":8,""SHEEP"":4}",13,0,0,0,0,0,0,42,97,25
94040969,1,0,1,0,3.0,4,4,1,{},0,0,14,14,0,0,0,30,128,256
94040969,1,24,25,1,8.0,1,1,1,"{""COW"":1,""SHEEP"":4}",5,10,0,0,0,0,0,28,132,260
94040969,1,96,97,4,500.0,3,3,1,"{""COW"":1,""SHEEP"":4}",5,14,11,11,0,0,0,33,149,266
94040969,1,192,193,8,588.0,6,6,2,"{""COW"":6,""SHEEP"":4}",10,33,12,12,0,0,0,36,181,270
94040969,1,288,289,12,6078.0,8,8,3,"{""COW"":8,""SHEEP"":4}",12,61,16,16,12,6,0,39,206,228
94040969,1,384,385,16,11189.0,6,6,3,"{""COW"":8,""SHEEP"":4}",12,61,38,38,15,3,16,43,228,232
94040969,1,480,481,20,30969.0,7,7,3,"{""COW"":8,""SHEEP"":4}",12,61,44,44,15,8,4,47,189,235
94040969,1,576,577,24,53648.0,7,7,3,"{""COW"":8,""SHEEP"":4}",13,62,36,36,11,6,12,50,101,10
94040969,1,719,719,29,77872.0,10,10,3,"{""COW"":8,""SHEEP"":4}",13,0,7,7,0,0,0,42,97,25
94050731,0,0,1,0,2.0,5,5,1,{},0,0,14,14,0,0,0,29,128,256
94050731,0,24,25,1,8.0,1,1,1,"{""COW"":1,""SHEEP"":4}",5,10,0,0,0,0,0,28,132,260
94050731,0,96,97,4,508.0,3,3,1,"{""COW"":1,""SHEEP"":4}",5,14,11,11,0,0,0,33,139,266
94050731,0,192,193,8,561.0,6,6,2,"{""COW"":6,""SHEEP"":4}",10,33,12,12,0,0,0,35,159,270
94050731,0,288,289,12,7371.0,8,8,3,"{""COW"":8,""SHEEP"":4}",12,61,16,16,12,6,0,39,180,171
94050731,0,384,385,16,20974.0,6,6,3,"{""COW"":8,""SHEEP"":4}",12,61,38,38,15,3,16,42,205,178
94050731,0,480,481,20,57798.0,7,7,3,"{""COW"":8,""SHEEP"":4}",12,61,44,44,15,8,4,44,178,84
94050731,0,576,577,24,77739.0,7,7,3,"{""COW"":8,""SHEEP"":4}",13,62,36,36,11,6,12,46,11,13
94050731,0,719,719,29,114490.0,10,10,3,"{""COW"":8,""SHEEP"":4}",13,0,7,7,0,0,0,40,34,28
94050731,1,0,1,0,13.0,5,5,1,{},1,0,5,5,0,0,0,29,128,256
94050731,1,24,25,1,16.0,0,0,1,"{""COW"":2,""SHEEP"":2}",4,19,3,0,0,0,0,28,132,260
94050731,1,96,97,4,131.0,5,5,1,"{""COW"":3,""SHEEP"":2}",5,19,6,6,0,0,0,33,139,266
94050731,1,192,193,8,173.0,5,5,2,"{""COW"":6,""SHEEP"":3}",10,30,10,9,0,0,0,35,159,270
94050731,1,288,289,12,15411.0,5,5,3,"{""COW"":10,""SHEEP"":4}",14,52,14,8,18,0,0,39,180,171
94050731,1,384,385,16,33986.0,5,5,3,"{""COW"":10,""SHEEP"":4}",14,56,27,21,0,0,8,42,205,178
94050731,1,480,481,20,66516.0,5,5,3,"{""COW"":10,""SHEEP"":4}",14,59,23,17,11,5,4,44,178,84
94050731,1,576,577,24,90777.0,5,5,3,"{""COW"":10,""SHEEP"":4}",14,53,11,5,4,24,4,46,11,13
94050731,1,719,719,29,122022.0,8,8,3,"{""COW"":10,""SHEEP"":4}",14,1,0,0,0,0,0,40,34,28
94051564,0,0,1,0,3.0,4,4,1,{},0,0,14,14,0,0,0,30,128,256
94051564,0,24,25,1,8.0,1,1,1,"{""COW"":1,""SHEEP"":4}",5,10,0,0,0,0,0,28,132,260
94051564,0,96,97,4,500.0,3,3,1,"{""COW"":1,""SHEEP"":4}",5,14,11,11,0,0,0,33,139,266
94051564,0,192,193,8,588.0,6,6,2,"{""COW"":6,""SHEEP"":4}",10,32,12,12,0,0,0,36,159,270
94051564,0,288,289,12,6844.0,8,8,3,"{""COW"":8,""SHEEP"":4}",12,60,16,16,12,3,0,39,179,228
94051564,0,384,385,16,18904.0,6,6,3,"{""COW"":8,""SHEEP"":4}",12,60,38,38,16,3,16,43,195,232
94051564,0,480,481,20,41065.0,7,7,3,"{""COW"":8,""SHEEP"":4}",12,60,44,44,16,8,4,46,51,235
94051564,0,576,577,24,55165.0,7,7,3,"{""COW"":8,""SHEEP"":4}",13,61,36,36,11,6,0,48,11,10
94051564,0,719,719,29,76439.0,10,10,3,"{""COW"":8,""SHEEP"":4}",13,1,0,0,0,0,0,38,76,25
94051564,1,0,1,0,3.0,4,4,1,{},0,0,14,14,0,0,0,30,128,256
94051564,1,24,25,1,8.0,1,1,1,"{""COW"":1,""SHEEP"":4}",5,10,0,0,0,0,0,28,132,260
94051564,1,96,97,4,500.0,3,3,1,"{""COW"":1,""SHEEP"":4}",5,14,11,11,0,0,0,33,139,266
94051564,1,192,193,8,588.0,6,6,2,"{""COW"":6,""SHEEP"":4}",10,33,12,12,0,0,0,36,159,270
94051564,1,288,289,12,6178.0,8,8,3,"{""COW"":8,""SHEEP"":4}",12,61,16,16,12,6,0,39,179,228
94051564,1,384,385,16,17217.0,6,6,3,"{""COW"":8,""SHEEP"":4}",12,61,38,38,15,3,16,43,195,232
94051564,1,480,481,20,40200.0,7,7,3,"{""COW"":8,""SHEEP"":4}",12,61,44,44,15,8,4,46,51,235
94051564,1,576,577,24,51578.0,7,7,3,"{""COW"":8,""SHEEP"":4}",13,62,36,36,11,6,12,48,11,10
94051564,1,719,719,29,75449.0,10,10,3,"{""COW"":8,""SHEEP"":4}",13,0,7,7,0,0,0,38,76,25
94055892,0,0,1,0,2.0,5,5,1,{},0,0,14,14,0,0,0,29,128,256
94055892,0,24,25,1,8.0,1,1,1,"{""COW"":1,""SHEEP"":4}",5,10,0,0,0,0,0,28,132,260
94055892,0,96,97,4,510.0,3,3,1,"{""COW"":1,""SHEEP"":4}",5,14,11,11,0,0,0,32,139,266
94055892,0,192,193,8,1452.0,6,6,2,"{""COW"":6,""SHEEP"":4}",10,33,12,12,0,0,0,34,159,270
94055892,0,288,289,12,9263.0,8,8,3,"{""COW"":8,""SHEEP"":4}",12,61,16,16,12,6,0,38,180,171
94055892,0,384,385,16,19382.0,6,6,3,"{""COW"":8,""SHEEP"":4}",12,61,38,38,15,3,16,42,202,178
94055892,0,480,481,20,45118.0,7,7,3,"{""COW"":8,""SHEEP"":4}",12,61,44,44,15,8,4,45,154,84
94055892,0,576,577,24,52582.0,7,7,3,"{""COW"":8,""SHEEP"":4}",13,62,36,36,11,6,12,47,9,13
94055892,0,719,719,29,77944.0,10,10,3,"{""COW"":8,""SHEEP"":4}",13,0,7,7,0,0,0,44,24,28
94055892,1,0,1,0,13.0,5,5,1,{},1,0,5,5,0,0,0,29,128,256
94055892,1,24,25,1,16.0,0,0,1,"{""COW"":2,""SHEEP"":2}",4,19,3,0,0,0,0,28,132,260
94055892,1,96,97,4,131.0,5,5,1,"{""COW"":3,""SHEEP"":2}",5,19,6,6,0,0,0,32,139,266
94055892,1,192,193,8,484.0,5,5,2,"{""COW"":6,""SHEEP"":3}",10,30,10,9,0,0,0,34,159,270
94055892,1,288,289,12,15043.0,5,5,3,"{""COW"":10,""SHEEP"":4}",14,51,14,8,18,0,0,38,180,171
94055892,1,384,385,16,28918.0,5,5,3,"{""COW"":10,""SHEEP"":4}",14,56,26,20,0,0,8,42,202,178
94055892,1,480,481,20,48096.0,5,5,3,"{""COW"":10,""SHEEP"":4}",14,59,23,17,11,3,4,45,154,84
94055892,1,576,577,24,60003.0,5,5,3,"{""COW"":10,""SHEEP"":4}",14,53,11,5,4,24,4,47,9,13
94055892,1,719,719,29,75121.0,8,8,3,"{""COW"":10,""SHEEP"":4}",14,1,0,0,0,0,0,44,24,28
94064036,0,0,1,0,3.0,4,4,1,{},0,0,14,14,0,0,0,30,128,256
94064036,0,24,25,1,8.0,1,1,1,"{""COW"":1,""SHEEP"":4}",5,10,0,0,0,0,0,28,132,260
94064036,0,96,97,4,502.0,3,3,1,"{""COW"":1,""SHEEP"":4}",5,14,11,11,0,0,0,33,139,266
94064036,0,192,193,8,567.0,6,6,2,"{""COW"":6,""SHEEP"":4}",10,32,12,12,0,0,0,33,145,270
94064036,0,288,289,12,6109.0,8,8,3,"{""COW"":8,""SHEEP"":4}",12,59,16,16,12,6,0,34,168,228
94064036,0,384,385,16,14774.0,6,6,3,"{""COW"":8,""SHEEP"":4}",12,59,38,38,16,3,16,36,201,232
94064036,0,480,481,20,36655.0,7,7,3,"{""COW"":8,""SHEEP"":4}",12,59,44,44,16,8,4,38,110,235
94064036,0,576,577,24,51948.0,7,7,3,"{""COW"":8,""SHEEP"":4}",13,61,36,36,11,6,12,38,26,10
94064036,0,719,719,29,70877.0,10,10,3,"{""COW"":8,""SHEEP"":4}",13,0,0,0,0,0,0,20,141,25
94064036,1,0,1,0,3.0,4,4,1,{},0,0,14,14,0,0,0,30,128,256
94064036,1,24,25,1,8.0,1,1,1,"{""COW"":1,""SHEEP"":4}",5,10,0,0,0,0,0,28,132,260
94064036,1,96,97,4,502.0,3,3,1,"{""COW"":1,""SHEEP"":4}",5,14,11,11,0,0,0,33,139,266
94064036,1,192,193,8,567.0,6,6,2,"{""COW"":6,""SHEEP"":4}",10,33,12,12,0,0,0,33,145,270
94064036,1,288,289,12,6109.0,8,8,3,"{""COW"":8,""SHEEP"":4}",12,61,16,16,12,6,0,34,168,228
94064036,1,384,385,16,14710.0,6,6,3,"{""COW"":8,""SHEEP"":4}",12,61,38,38,15,3,16,36,201,232
94064036,1,480,481,20,37302.0,7,7,3,"{""COW"":8,""SHEEP"":4}",12,61,44,44,15,8,4,38,110,235
94064036,1,576,577,24,52339.0,7,7,3,"{""COW"":8,""SHEEP"":4}",13,62,36,36,11,6,12,38,26,10
94064036,1,719,719,29,69795.0,10,10,3,"{""COW"":8,""SHEEP"":4}",13,0,7,7,0,0,0,20,141,25
94072836,0,0,1,0,3.0,4,4,1,{},0,0,14,14,0,0,0,30,128,256
94072836,0,24,25,1,8.0,1,1,1,"{""COW"":1,""SHEEP"":4}",5,10,0,0,0,0,0,28,132,260
94072836,0,96,97,4,500.0,3,3,1,"{""COW"":1,""SHEEP"":4}",5,14,11,11,0,0,0,33,149,266
94072836,0,192,193,8,594.0,6,6,2,"{""COW"":6,""SHEEP"":4}",10,33,12,12,0,0,0,35,181,270
94072836,0,288,289,12,6179.0,8,8,3,"{""COW"":8,""SHEEP"":4}",12,61,16,16,12,6,0,38,206,228
94072836,0,384,385,16,15997.0,6,6,3,"{""COW"":8,""SHEEP"":4}",12,61,38,38,15,3,16,41,235,232
94072836,0,480,481,20,48660.0,7,7,3,"{""COW"":8,""SHEEP"":4}",12,61,44,44,15,8,4,43,203,235
94072836,0,576,577,24,81580.0,7,7,3,"{""COW"":8,""SHEEP"":4}",13,62,36,36,11,6,12,45,128,10
94072836,0,719,719,29,118856.0,10,10,3,"{""COW"":8,""SHEEP"":4}",13,0,7,7,0,0,0,29,60,25
94072836,1,0,1,0,3.0,4,4,1,{},0,0,14,14,0,0,0,30,128,256
94072836,1,24,25,1,8.0,1,1,1,"{""COW"":1,""SHEEP"":4}",5,10,0,0,0,0,0,28,132,260
94072836,1,96,97,4,500.0,3,3,1,"{""COW"":1,""SHEEP"":4}",5,14,11,11,0,0,0,33,149,266
94072836,1,192,193,8,594.0,6,6,2,"{""COW"":6,""SHEEP"":4}",10,33,12,12,0,0,0,35,181,270
94072836,1,288,289,12,6179.0,8,8,3,"{""COW"":8,""SHEEP"":4}",12,61,16,16,12,6,0,38,206,228
94072836,1,384,385,16,15997.0,6,6,3,"{""COW"":8,""SHEEP"":4}",12,61,38,38,15,3,16,41,235,232
94072836,1,480,481,20,48657.0,7,7,3,"{""COW"":8,""SHEEP"":4}",12,61,44,44,15,8,4,43,203,235
94072836,1,576,577,24,81329.0,7,7,3,"{""COW"":8,""SHEEP"":4}",13,61,36,36,11,6,12,45,128,10
94072836,1,719,719,29,117692.0,10,10,3,"{""COW"":8,""SHEEP"":4}",13,0,0,0,0,0,0,29,60,25
94075482,0,0,1,0,3.0,4,4,1,{},0,0,14,14,0,0,0,30,128,256
94075482,0,24,25,1,8.0,1,1,1,"{""COW"":1,""SHEEP"":4}",5,10,0,0,0,0,0,28,132,260
94075482,0,96,97,4,502.0,3,3,1,"{""COW"":1,""SHEEP"":4}",5,14,11,11,0,0,0,33,139,266
94075482,0,192,193,8,1438.0,6,6,2,"{""COW"":6,""SHEEP"":4}",10,33,12,12,0,0,0,34,159,270
94075482,0,288,289,12,9414.0,8,8,3,"{""COW"":8,""SHEEP"":4}",12,61,16,16,12,6,0,37,190,228
94075482,0,384,385,16,21821.0,6,6,3,"{""COW"":8,""SHEEP"":4}",12,61,38,38,15,3,16,41,215,232
94075482,0,480,481,20,54757.0,7,7,3,"{""COW"":8,""SHEEP"":4}",12,61,44,44,15,8,4,44,162,235
94075482,0,576,577,24,77642.0,7,7,3,"{""COW"":8,""SHEEP"":4}",13,62,36,36,11,6,12,47,22,10
94075482,0,719,719,29,118203.0,10,10,3,"{""COW"":8,""SHEEP"":4}",13,0,7,7,0,0,0,38,128,25
94075482,1,0,1,0,3.0,4,4,1,{},0,0,14,14,0,0,0,30,128,256
94075482,1,24,25,1,8.0,1,1,1,"{""COW"":1,""SHEEP"":4}",5,10,0,0,0,0,0,28,132,260
94075482,1,96,97,4,502.0,3,3,1,"{""COW"":1,""SHEEP"":4}",5,14,11,11,0,0,0,33,139,266
94075482,1,192,193,8,1438.0,6,6,2,"{""COW"":6,""SHEEP"":4}",10,33,12,12,0,0,0,34,159,270
94075482,1,288,289,12,9414.0,8,8,3,"{""COW"":8,""SHEEP"":4}",12,61,16,16,12,6,0,37,190,228
94075482,1,384,385,16,21798.0,6,6,3,"{""COW"":8,""SHEEP"":4}",12,61,38,38,15,3,16,41,215,232
94075482,1,480,481,20,54719.0,7,7,3,"{""COW"":8,""SHEEP"":4}",12,61,44,44,15,8,4,44,162,235
94075482,1,576,577,24,77638.0,7,7,3,"{""COW"":8,""SHEEP"":4}",13,62,36,36,11,6,12,47,22,10
94075482,1,719,719,29,117220.0,10,10,3,"{""COW"":8,""SHEEP"":4}",13,0,0,0,0,0,0,38,128,25
94077260,0,0,1,0,3.0,4,4,1,{},0,0,14,14,0,0,0,30,128,256
94077260,0,24,25,1,8.0,1,1,1,"{""COW"":1,""SHEEP"":4}",5,10,0,0,0,0,0,28,132,260
94077260,0,96,97,4,500.0,3,3,1,"{""COW"":1,""SHEEP"":4}",5,14,11,11,0,0,0,33,149,266
94077260,0,192,193,8,588.0,6,6,2,"{""COW"":6,""SHEEP"":4}",10,33,12,12,0,0,0,36,181,270
94077260,0,288,289,12,6874.0,8,8,3,"{""COW"":8,""SHEEP"":4}",12,61,16,16,12,6,0,38,206,228
94077260,0,384,385,16,16815.0,6,6,3,"{""COW"":8,""SHEEP"":4}",12,61,38,38,15,3,16,42,228,232
94077260,0,480,481,20,44498.0,7,7,3,"{""COW"":8,""SHEEP"":4}",12,61,44,44,15,8,4,45,186,235
94077260,0,576,577,24,68449.0,7,7,3,"{""COW"":8,""SHEEP"":4}",13,62,36,36,11,6,12,48,87,10
94077260,0,719,719,29,100983.0,10,10,3,"{""COW"":8,""SHEEP"":4}",13,0,0,0,0,0,0,40,154,25
94077260,1,0,1,0,3.0,4,4,1,{},0,0,14,14,0,0,0,30,128,256
94077260,1,24,25,1,8.0,1,1,1,"{""COW"":1,""SHEEP"":4}",5,10,0,0,0,0,0,28,132,260
94077260,1,96,97,4,500.0,3,3,1,"{""COW"":1,""SHEEP"":4}",5,14,11,11,0,0,0,33,149,266
94077260,1,192,193,8,588.0,6,6,2,"{""COW"":6,""SHEEP"":4}",10,33,12,12,0,0,0,36,181,270
94077260,1,288,289,12,6874.0,8,8,3,"{""COW"":8,""SHEEP"":4}",12,61,16,16,12,6,0,38,206,228
94077260,1,384,385,16,16846.0,6,6,3,"{""COW"":8,""SHEEP"":4}",12,61,38,38,15,3,16,42,228,232
94077260,1,480,481,20,44547.0,7,7,3,"{""COW"":8,""SHEEP"":4}",12,61,44,44,15,8,4,45,186,235
94077260,1,576,577,24,68493.0,7,7,3,"{""COW"":8,""SHEEP"":4}",13,62,36,36,11,6,12,48,87,10
94077260,1,719,719,29,102055.0,10,10,3,"{""COW"":8,""SHEEP"":4}",13,0,7,7,0,0,0,40,154,25
94089553,0,0,1,0,2.0,5,5,1,{},0,0,14,14,0,0,0,29,128,256
94089553,0,24,25,1,8.0,1,1,1,"{""COW"":1,""SHEEP"":4}",5,10,0,0,0,0,0,28,132,260
94089553,0,96,97,4,510.0,3,3,1,"{""COW"":1,""SHEEP"":4}",5,14,11,11,0,0,0,32,139,266
94089553,0,192,193,8,571.0,6,6,2,"{""COW"":6,""SHEEP"":4}",10,32,12,12,0,0,0,34,159,270
94089553,0,288,289,12,6528.0,8,8,3,"{""COW"":8,""SHEEP"":4}",12,60,16,16,12,6,0,37,190,171
94089553,0,384,385,16,12907.0,6,6,3,"{""COW"":8,""SHEEP"":4}",12,60,38,38,15,3,16,39,209,178
94089553,0,480,481,20,33316.0,7,7,3,"{""COW"":8,""SHEEP"":4}",12,60,44,44,15,8,4,40,172,84
94089553,0,576,577,24,42949.0,7,7,3,"{""COW"":8,""SHEEP"":4}",13,62,36,36,11,6,12,40,11,13
94089553,0,719,719,29,65082.0,10,10,3,"{""COW"":8,""SHEEP"":4}",13,0,7,7,0,0,0,22,34,28
94089553,1,0,1,0,13.0,5,5,1,{},1,0,5,5,0,0,0,29,128,256
94089553,1,24,25,1,16.0,0,0,1,"{""COW"":2,""SHEEP"":2}",4,19,3,0,0,0,0,28,132,260
94089553,1,96,97,4,131.0,5,5,1,"{""COW"":3,""SHEEP"":2}",5,19,6,6,0,0,0,32,139,266
94089553,1,192,193,8,187.0,5,5,2,"{""COW"":6,""SHEEP"":3}",10,30,10,9,0,0,0,34,159,270
94089553,1,288,289,12,14190.0,5,5,3,"{""COW"":10,""SHEEP"":4}",14,52,14,8,18,0,0,37,190,171
94089553,1,384,385,16,24950.0,5,5,3,"{""COW"":10,""SHEEP"":4}",14,55,27,21,0,0,8,39,209,178
94089553,1,480,481,20,41134.0,5,5,3,"{""COW"":10,""SHEEP"":4}",14,59,19,13,11,5,4,40,172,84
94089553,1,576,577,24,54871.0,5,5,3,"{""COW"":10,""SHEEP"":4}",14,52,11,5,4,0,4,40,11,13
94089553,1,719,719,29,68496.0,8,8,3,"{""COW"":10,""SHEEP"":4}",14,1,0,0,0,0,0,22,34,28
94103623,0,0,1,0,2.0,5,5,1,{},0,0,14,14,0,0,0,29,128,256
94103623,0,24,25,1,6.0,1,1,1,"{""COW"":1,""SHEEP"":4}",5,10,0,0,0,0,0,28,132,260
94103623,0,96,97,4,508.0,3,3,1,"{""COW"":1,""SHEEP"":4}",5,14,11,11,0,0,0,32,139,266
94103623,0,192,193,8,1455.0,6,6,2,"{""COW"":6,""SHEEP"":4}",10,33,12,12,0,0,0,34,145,270
94103623,0,288,289,12,9173.0,8,8,3,"{""COW"":8,""SHEEP"":4}",12,61,16,16,12,6,0,40,150,174
94103623,0,384,385,16,16503.0,6,6,3,"{""COW"":8,""SHEEP"":4}",12,61,38,38,15,3,16,41,156,181
94103623,0,480,481,20,29201.0,7,7,3,"{""COW"":8,""SHEEP"":4}",12,61,44,44,15,8,4,43,5,99
94103623,0,576,577,24,31621.0,7,7,3,"{""COW"":8,""SHEEP"":4}",13,62,36,36,11,6,12,45,9,13
94103623,0,719,719,29,55140.0,10,10,3,"{""COW"":8,""SHEEP"":4}",13,0,7,7,0,0,0,33,24,28
94103623,1,0,1,0,228.0,5,5,1,{},1,0,0,0,0,0,0,29,128,256
94103623,1,24,25,1,18.0,0,0,1,"{""COW"":2,""SHEEP"":2}",4,19,3,0,0,0,0,28,132,260
94103623,1,96,97,4,133.0,5,5,1,"{""COW"":3,""SHEEP"":2}",5,18,8,8,0,0,0,32,139,266
94103623,1,192,193,8,611.0,5,5,2,"{""COW"":6,""SHEEP"":3}",10,29,10,9,0,0,0,34,145,270
94103623,1,288,289,12,12477.0,5,5,3,"{""COW"":10,""SHEEP"":4}",14,51,77,71,0,6,0,40,150,174
94103623,1,384,385,16,24574.0,5,5,3,"{""COW"":10,""SHEEP"":4}",14,55,53,47,0,0,8,41,156,181
94103623,1,480,481,20,40071.0,5,5,3,"{""COW"":10,""SHEEP"":4}",14,58,29,23,11,4,4,43,5,99
94103623,1,576,577,24,45478.0,5,5,3,"{""COW"":10,""SHEEP"":4}",14,53,52,46,4,24,4,45,9,13
94103623,1,719,719,29,61931.0,8,8,3,"{""COW"":10,""SHEEP"":4}",14,1,0,0,0,0,0,33,24,28
94110510,0,0,1,0,13.0,5,5,1,{},1,0,5,5,0,0,0,29,128,256
94110510,0,24,25,1,16.0,0,0,1,"{""COW"":2,""SHEEP"":2}",4,19,3,0,0,0,0,28,132,260
94110510,0,96,97,4,131.0,5,5,1,"{""COW"":3,""SHEEP"":2}",5,19,6,6,0,0,0,33,149,266
94110510,0,192,193,8,170.0,5,5,2,"{""COW"":6,""SHEEP"":3}",10,30,10,9,0,0,0,35,173,270
94110510,0,288,289,12,14965.0,5,5,3,"{""COW"":10,""SHEEP"":4}",14,52,14,8,18,0,0,40,199,171
94110510,0,384,385,16,27592.0,5,5,3,"{""COW"":10,""SHEEP"":4}",14,56,27,21,0,7,14,44,225,178
94110510,0,480,481,20,51407.0,5,5,3,"{""COW"":10,""SHEEP"":4}",14,59,23,17,11,11,4,47,210,84
94110510,0,576,577,24,78384.0,5,5,3,"{""COW"":10,""SHEEP"":4}",14,53,11,5,4,24,4,48,160,13
94110510,0,719,719,29,100262.0,8,8,3,"{""COW"":10,""SHEEP"":4}",14,1,0,0,0,0,0,45,151,28
94110510,1,0,1,0,2.0,5,5,1,{},0,0,14,14,0,0,0,29,128,256
94110510,1,24,25,1,8.0,1,1,1,"{""COW"":1,""SHEEP"":4}",5,10,0,0,0,0,0,28,132,260
94110510,1,96,97,4,508.0,3,3,1,"{""COW"":1,""SHEEP"":4}",5,14,11,11,0,0,0,33,149,266
94110510,1,192,193,8,563.0,6,6,2,"{""COW"":6,""SHEEP"":4}",10,33,12,12,0,0,0,35,173,270
94110510,1,288,289,12,6635.0,8,8,3,"{""COW"":8,""SHEEP"":4}",12,61,16,16,12,6,0,40,199,171
94110510,1,384,385,16,15759.0,6,6,3,"{""COW"":8,""SHEEP"":4}",12,61,38,38,15,3,16,44,225,178
94110510,1,480,481,20,45376.0,7,7,3,"{""COW"":8,""SHEEP"":4}",12,61,44,44,15,8,4,47,210,84
94110510,1,576,577,24,67997.0,7,7,3,"{""COW"":8,""SHEEP"":4}",13,62,36,36,11,6,12,48,160,13
94110510,1,719,719,29,96422.0,10,10,3,"{""COW"":8,""SHEEP"":4}",13,0,7,7,0,0,0,45,151,28
94114139,0,0,1,0,2.0,5,5,1,{},0,0,14,14,0,0,0,29,128,256
94114139,0,24,25,1,8.0,1,1,1,"{""COW"":1,""SHEEP"":4}",5,10,0,0,0,0,0,28,132,260
94114139,0,96,97,4,508.0,3,3,1,"{""COW"":1,""SHEEP"":4}",5,14,11,11,0,0,0,33,149,266
94114139,0,192,193,8,629.0,6,6,2,"{""COW"":6,""SHEEP"":4}",10,33,12,12,0,0,0,34,173,270
94114139,0,288,289,12,7491.0,8,8,3,"{""COW"":8,""SHEEP"":4}",12,61,16,16,12,6,0,39,190,247
94114139,0,384,385,16,15759.0,6,6,3,"{""COW"":8,""SHEEP"":4}",12,61,38,38,15,3,16,42,212,248
94114139,0,480,481,20,38400.0,7,7,3,"{""COW"":8,""SHEEP"":4}",12,61,44,44,15,8,4,45,199,249
94114139,0,576,577,24,72903.0,7,7,3,"{""COW"":8,""SHEEP"":4}",13,62,36,36,11,6,12,47,188,191
94114139,0,719,719,29,107214.0,10,10,3,"{""COW"":8,""SHEEP"":4}",13,0,7,7,0,0,0,43,211,198
94114139,1,0,1,0,13.0,5,5,1,{},1,0,5,5,0,0,0,29,128,256
94114139,1,24,25,1,16.0,0,0,1,"{""COW"":2,""SHEEP"":2}",4,19,3,0,0,0,0,28,132,260
94114139,1,96,97,4,131.0,5,5,1,"{""COW"":3,""SHEEP"":2}",5,19,9,9,0,0,0,33,149,266
94114139,1,192,193,8,0.0,0,0,2,"{""COW"":4,""SHEEP"":2}",8,20,2,1,0,0,0,34,173,270
94114139,1,288,289,12,313.0,5,5,2,"{""COW"":1,""SHEEP"":1}",9,7,15,9,0,0,0,39,190,247
94114139,1,384,385,16,768.0,5,5,2,"{""COW"":1,""SHEEP"":1}",9,11,19,19,0,0,4,42,212,248
94114139,1,480,481,20,724.0,5,5,2,"{""SHEEP"":1}",9,12,17,11,1,0,0,45,199,249
94114139,1,576,577,24,1513.0,5,5,2,"{""SHEEP"":1}",9,22,14,8,0,0,0,47,188,191
94114139,1,719,719,29,7490.0,8,8,2,"{""SHEEP"":1}",9,1,0,0,0,0,0,43,211,198
94121250,0,0,1,0,3.0,4,4,1,{},0,0,14,14,0,0,0,30,128,256
94121250,0,24,25,1,8.0,1,1,1,"{""COW"":1,""SHEEP"":4}",5,10,0,0,0,0,0,28,132,260
94121250,0,96,97,4,500.0,3,3,1,"{""COW"":1,""SHEEP"":4}",5,14,11,11,0,0,0,33,139,266
94121250,0,192,193,8,588.0,6,6,2,"{""COW"":6,""SHEEP"":4}",10,33,12,12,0,0,0,36,159,270
94121250,0,288,289,12,6195.0,8,8,3,"{""COW"":8,""SHEEP"":4}",12,61,16,16,12,6,0,39,190,228
94121250,0,384,385,16,16311.0,6,6,3,"{""COW"":8,""SHEEP"":4}",12,61,38,38,15,3,16,43,224,232
94121250,0,480,481,20,48774.0,7,7,3,"{""COW"":8,""SHEEP"":4}",12,61,44,44,15,8,4,46,186,235
94121250,0,576,577,24,80226.0,7,7,3,"{""COW"":8,""SHEEP"":4}",13,62,36,36,11,6,12,48,87,10
94121250,0,719,719,29,121904.0,10,10,3,"{""COW"":8,""SHEEP"":4}",13,0,0,0,0,0,0,38,154,25
94121250,1,0,1,0,3.0,4,4,1,{},0,0,14,14,0,0,0,30,128,256
94121250,1,24,25,1,8.0,1,1,1,"{""COW"":1,""SHEEP"":4}",5,10,0,0,0,0,0,28,132,260
94121250,1,96,97,4,500.0,3,3,1,"{""COW"":1,""SHEEP"":4}",5,14,11,11,0,0,0,33,139,266
94121250,1,192,193,8,588.0,6,6,2,"{""COW"":6,""SHEEP"":4}",10,33,12,12,0,0,0,36,159,270
94121250,1,288,289,12,6193.0,8,8,3,"{""COW"":8,""SHEEP"":4}",12,61,16,16,12,6,0,39,190,228
94121250,1,384,385,16,16309.0,6,6,3,"{""COW"":8,""SHEEP"":4}",12,61,38,38,15,3,16,43,224,232
94121250,1,480,481,20,48772.0,7,7,3,"{""COW"":8,""SHEEP"":4}",12,61,44,44,15,8,4,46,186,235
94121250,1,576,577,24,80224.0,7,7,3,"{""COW"":8,""SHEEP"":4}",13,62,36,36,11,6,12,48,87,10
94121250,1,719,719,29,121622.0,10,10,3,"{""COW"":8,""SHEEP"":4}",13,0,7,7,0,0,0,38,154,25
94129971,0,0,1,0,3.0,4,4,1,{},0,0,14,14,0,0,0,30,128,256
94129971,0,24,25,1,8.0,1,1,1,"{""COW"":1,""SHEEP"":4}",5,10,0,0,0,0,0,28,132,260
94129971,0,96,97,4,500.0,3,3,1,"{""COW"":1,""SHEEP"":4}",5,14,11,11,0,0,0,33,139,266
94129971,0,192,193,8,588.0,6,6,2,"{""COW"":6,""SHEEP"":4}",10,33,12,12,0,0,0,36,159,270
94129971,0,288,289,12,6080.0,8,8,3,"{""COW"":8,""SHEEP"":4}",12,61,16,16,12,6,0,38,179,228
94129971,0,384,385,16,11354.0,6,6,3,"{""COW"":8,""SHEEP"":4}",12,61,38,38,15,3,16,42,194,232
94129971,0,480,481,20,21483.0,7,7,3,"{""COW"":8,""SHEEP"":4}",12,61,44,44,15,8,4,45,5,235
94129971,0,576,577,24,29103.0,7,7,3,"{""COW"":8,""SHEEP"":4}",13,62,36,36,11,6,12,47,9,10
94129971,0,719,719,29,44322.0,10,10,3,"{""COW"":8,""SHEEP"":4}",13,0,0,0,0,0,0,38,24,25
94129971,1,0,1,0,3.0,4,4,1,{},0,0,14,14,0,0,0,30,128,256
94129971,1,24,25,1,8.0,1,1,1,"{""COW"":1,""SHEEP"":4}",5,10,0,0,0,0,0,28,132,260
94129971,1,96,97,4,500.0,3,3,1,"{""COW"":1,""SHEEP"":4}",5,14,11,11,0,0,0,33,139,266
94129971,1,192,193,8,588.0,6,6,2,"{""COW"":6,""SHEEP"":4}",10,33,12,12,0,0,0,36,159,270
94129971,1,288,289,12,6080.0,8,8,3,"{""COW"":8,""SHEEP"":4}",12,61,16,16,12,6,0,38,179,228
94129971,1,384,385,16,11354.0,6,6,3,"{""COW"":8,""SHEEP"":4}",12,61,38,38,15,3,16,42,194,232
94129971,1,480,481,20,21496.0,7,7,3,"{""COW"":8,""SHEEP"":4}",12,61,44,44,15,8,4,45,5,235
94129971,1,576,577,24,29207.0,7,7,3,"{""COW"":8,""SHEEP"":4}",13,62,36,36,11,6,12,47,9,10
94129971,1,719,719,29,44833.0,10,10,3,"{""COW"":8,""SHEEP"":4}",13,0,7,7,0,0,0,38,24,25
94130949,0,0,1,0,2.0,5,5,1,{},0,0,14,14,0,0,0,29,128,256
94130949,0,24,25,1,8.0,1,1,1,"{""COW"":1,""SHEEP"":4}",5,10,0,0,0,0,0,28,132,260
94130949,0,96,97,4,508.0,3,3,1,"{""COW"":1,""SHEEP"":4}",5,14,11,11,0,0,0,33,149,266
94130949,0,192,193,8,562.0,6,6,2,"{""COW"":6,""SHEEP"":4}",10,33,12,12,0,0,0,35,181,270
94130949,0,288,289,12,6592.0,8,8,3,"{""COW"":8,""SHEEP"":4}",12,61,16,16,12,6,0,38,206,171
94130949,0,384,385,16,14140.0,6,6,3,"{""COW"":8,""SHEEP"":4}",12,61,38,38,15,3,16,40,223,178
94130949,0,480,481,20,36551.0,7,7,3,"{""COW"":8,""SHEEP"":4}",12,61,44,44,15,8,4,41,197,84
94130949,0,576,577,24,52091.0,7,7,3,"{""COW"":8,""SHEEP"":4}",13,62,36,36,11,6,12,42,60,13
94130949,0,719,719,29,67963.0,10,10,3,"{""COW"":8,""SHEEP"":4}",13,0,7,7,0,0,0,31,57,28
94130949,1,0,1,0,13.0,5,5,1,{},1,0,5,5,0,0,0,29,128,256
94130949,1,24,25,1,16.0,0,0,1,"{""COW"":2,""SHEEP"":2}",4,19,3,0,0,0,0,28,132,260
94130949,1,96,97,4,131.0,5,5,1,"{""COW"":3,""SHEEP"":2}",5,19,6,6,0,0,0,33,149,266
94130949,1,192,193,8,187.0,5,5,2,"{""COW"":6,""SHEEP"":3}",10,30,10,9,0,0,0,35,181,270
94130949,1,288,289,12,14689.0,5,5,3,"{""COW"":10,""SHEEP"":4}",14,52,14,8,18,0,0,38,206,171
94130949,1,384,385,16,26879.0,5,5,3,"{""COW"":10,""SHEEP"":4}",14,56,27,21,0,0,8,40,223,178
94130949,1,480,481,20,42031.0,5,5,3,"{""COW"":10,""SHEEP"":4}",14,59,23,17,11,5,4,41,197,84
94130949,1,576,577,24,60082.0,5,5,3,"{""COW"":10,""SHEEP"":4}",14,53,11,5,4,24,4,42,60,13
94130949,1,719,719,29,69132.0,8,8,3,"{""COW"":10,""SHEEP"":4}",14,1,0,0,0,0,0,31,57,28
94131663,0,0,1,0,13.0,5,5,1,{},1,0,5,5,0,0,0,29,128,256
94131663,0,24,25,1,16.0,0,0,1,"{""COW"":2,""SHEEP"":2}",4,19,3,0,0,0,0,28,132,260
94131663,0,96,97,4,131.0,5,5,1,"{""COW"":3,""SHEEP"":2}",5,19,6,6,0,0,0,32,149,266
94131663,0,192,193,8,190.0,5,5,2,"{""COW"":6,""SHEEP"":3}",10,30,10,9,0,0,0,34,181,270
94131663,0,288,289,12,15078.0,5,5,3,"{""COW"":10,""SHEEP"":4}",14,52,14,8,18,0,0,37,206,171
94131663,0,384,385,16,31176.0,5,5,3,"{""COW"":10,""SHEEP"":4}",14,56,27,21,0,0,8,39,223,178
94131663,0,480,481,20,51554.0,5,5,3,"{""COW"":10,""SHEEP"":4}",14,59,23,17,11,5,4,41,190,84
94131663,0,576,577,24,68968.0,5,5,3,"{""COW"":10,""SHEEP"":4}",14,53,11,5,4,0,4,42,11,13
94131663,0,719,719,29,81867.0,8,8,3,"{""COW"":10,""SHEEP"":4}",14,1,0,0,0,0,0,31,34,28
94131663,1,0,1,0,2.0,5,5,1,{},0,0,14,14,0,0,0,29,128,256
94131663,1,24,25,1,8.0,1,1,1,"{""COW"":1,""SHEEP"":4}",5,10,0,0,0,0,0,28,132,260
94131663,1,96,97,4,510.0,3,3,1,"{""COW"":1,""SHEEP"":4}",5,14,11,11,0,0,0,32,149,266
94131663,1,192,193,8,569.0,6,6,2,"{""COW"":6,""SHEEP"":4}",10,33,12,12,0,0,0,34,181,270
94131663,1,288,289,12,6651.0,8,8,3,"{""COW"":8,""SHEEP"":4}",12,61,16,16,12,6,0,37,206,171
94131663,1,384,385,16,17792.0,6,6,3,"{""COW"":8,""SHEEP"":4}",12,61,38,38,15,3,16,39,223,178
94131663,1,480,481,20,46267.0,7,7,3,"{""COW"":8,""SHEEP"":4}",12,61,44,44,15,8,4,41,190,84
94131663,1,576,577,24,59832.0,7,7,3,"{""COW"":8,""SHEEP"":4}",13,62,36,36,11,6,12,42,11,13
94131663,1,719,719,29,81312.0,10,10,3,"{""COW"":8,""SHEEP"":4}",13,0,7,7,0,0,0,31,34,28
94138576,0,0,1,0,2055.0,7,7,1,{},0,0,2,2,0,0,0,28,128,256
94138576,0,24,25,1,873.0,9,9,1,"{""COW"":1}",8,16,4,3,0,0,0,28,132,260
94138576,0,96,97,4,292.0,10,10,1,"{""COW"":2,""SHEEP"":1}",8,16,8,5,0,0,0,32,149,266
94138576,0,192,193,8,0.0,0,0,2,"{""COW"":2,""SHEEP"":2}",11,16,10,6,0,0,0,34,181,270
94138576,0,288,289,12,3005.0,5,5,2,"{""COW"":5,""SHEEP"":2}",14,35,16,9,0,0,0,39,206,216
94138576,0,384,385,16,9953.0,9,9,3,"{""COW"":10,""SHEEP"":2}",14,32,26,14,0,0,0,43,231,120
94138576,0,480,481,20,17736.0,5,5,3,"{""COW"":10,""SHEEP"":2}",14,32,26,14,6,0,0,47,240,7
94138576,0,576,577,24,32771.0,6,6,3,"{""COW"":10,""SHEEP"":2}",14,32,26,14,15,0,2,50,236,19
94138576,0,719,719,29,50971.0,3,3,3,"{""COW"":10,""SHEEP"":2}",14,0,0,0,0,0,0,53,248,4
94138576,1,0,1,0,22.0,5,5,1,{},1,0,5,5,0,0,0,28,128,256
94138576,1,24,25,1,22.0,0,0,1,"{""COW"":2,""SHEEP"":2}",4,19,3,0,0,0,0,28,132,260
94138576,1,96,97,4,140.0,5,5,1,"{""COW"":3,""SHEEP"":2}",5,19,6,6,0,0,0,32,149,266
94138576,1,192,193,8,183.0,5,5,2,"{""COW"":6,""SHEEP"":3}",10,31,10,10,0,0,0,34,181,270
94138576,1,288,289,12,9572.0,5,5,4,"{""COW"":6,""SHEEP"":8}",14,56,19,13,18,0,0,39,206,216
94138576,1,384,385,16,25267.0,5,5,4,"{""COW"":6,""SHEEP"":11}",18,59,17,11,0,0,0,43,231,120
94138576,1,480,481,20,43769.0,5,5,4,"{""COW"":6,""SHEEP"":12}",18,69,27,21,22,0,0,47,240,7
94138576,1,576,577,24,71845.0,5,5,4,"{""COW"":6,""SHEEP"":12}",18,44,18,12,15,0,0,50,236,19
94138576,1,719,719,29,106914.0,8,8,4,"{""COW"":6,""SHEEP"":8}",18,1,0,0,0,0,0,53,248,4
94139436,0,0,1,0,25.0,5,5,1,{},1,0,5,5,0,0,0,27,128,256
94139436,0,24,25,1,19.0,0,0,1,"{""COW"":2,""SHEEP"":2}",4,19,3,0,0,0,0,30,132,260
94139436,0,96,97,4,147.0,5,5,1,"{""COW"":3,""SHEEP"":2}",5,19,6,6,0,0,0,32,139,266
94139436,0,192,193,8,176.0,5,5,2,"{""COW"":6,""SHEEP"":3}",10,31,10,10,0,0,0,35,159,270
94139436,0,288,289,12,6740.0,5,5,4,"{""COW"":6,""SHEEP"":8}",14,56,19,13,18,0,0,42,190,28
94139436,0,384,385,16,23681.0,5,5,4,"{""COW"":6,""SHEEP"":11}",18,59,17,11,0,0,0,46,206,40
94139436,0,480,481,20,34214.0,5,5,4,"{""COW"":6,""SHEEP"":12}",18,69,27,21,22,0,0,50,209,7
94139436,0,576,577,24,52911.0,5,5,4,"{""COW"":6,""SHEEP"":12}",18,44,18,12,15,0,0,52,187,19
94139436,0,719,719,29,73151.0,8,8,4,"{""COW"":6,""SHEEP"":8}",18,1,0,0,0,0,0,55,78,34
94139436,1,0,1,0,513.0,4,4,1,{},1,0,0,0,0,0,0,27,128,256
94139436,1,24,25,1,27.0,4,4,1,"{""COW"":3}",3,15,11,0,0,0,0,30,132,260
94139436,1,96,97,4,138.0,7,7,1,"{""COW"":3}",3,18,11,11,0,0,0,32,139,266
94139436,1,192,193,8,9.0,4,4,1,"{""COW"":3}",3,19,4,4,0,0,0,35,159,270
94139436,1,288,289,12,9443.0,9,9,3,"{""COW"":13,""SHEEP"":3}",18,24,31,31,3,0,0,42,190,28
94139436,1,384,385,16,6675.0,8,8,4,"{""COW"":12,""SHEEP"":3}",18,55,31,31,7,0,0,46,206,40
94139436,1,480,481,20,12262.0,9,9,4,"{""COW"":12,""SHEEP"":2}",18,56,30,30,18,0,5,50,209,7
94139436,1,576,577,24,23853.0,7,7,4,"{""COW"":8,""SHEEP"":1}",18,59,21,21,40,9,9,52,187,19
94139436,1,719,719,29,49527.0,12,12,4,{},18,38,0,0,0,0,0,55,78,34
94140312,0,0,1,0,25.0,5,5,1,{},1,0,5,5,0,0,0,27,128,256
94140312,0,24,25,1,19.0,0,0,1,"{""COW"":2,""SHEEP"":2}",4,19,3,0,0,0,0,29,132,260
94140312,0,96,97,4,141.0,5,5,1,"{""COW"":3,""SHEEP"":2}",5,19,6,6,0,0,0,32,139,266
94140312,0,192,193,8,160.0,5,5,2,"{""COW"":6,""SHEEP"":3}",10,31,10,10,0,0,0,36,145,270
94140312,0,288,289,12,8035.0,5,5,4,"{""COW"":6,""SHEEP"":7}",14,56,22,16,16,0,0,42,168,150
94140312,0,384,385,16,19539.0,5,5,4,"{""COW"":6,""SHEEP"":10}",18,58,24,18,0,0,0,45,170,120
94140312,0,480,481,20,36888.0,5,5,4,"{""COW"":6,""SHEEP"":11}",18,69,33,27,20,0,0,49,108,7
94140312,0,576,577,24,54582.0,5,5,4,"{""COW"":6,""SHEEP"":11}",18,44,20,14,13,0,0,52,5,10
94140312,0,719,719,29,79549.0,8,8,4,"{""COW"":6,""SHEEP"":8}",18,1,0,0,0,0,0,54,3,25
94140312,1,0,1,0,1318.0,2,2,1,{},0,0,0,0,0,0,0,27,128,256
94140312,1,24,25,1,443.0,2,2,1,"{""COW"":3,""SHEEP"":1}",4,6,9,7,0,0,0,29,132,260
94140312,1,96,97,4,730.0,2,2,1,"{""COW"":3,""SHEEP"":1}",4,12,8,6,0,0,0,32,139,266
94140312,1,192,193,8,1288.0,2,2,1,"{""COW"":5,""SHEEP"":1}",6,17,10,8,0,0,0,36,145,270
94140312,1,288,289,12,4379.0,3,3,3,"{""COW"":7,""SHEEP"":7}",15,27,13,11,10,0,0,42,168,150
94140312,1,384,385,16,13661.0,3,3,3,"{""COW"":8,""SHEEP"":7}",15,49,15,13,10,0,0,45,170,120
94140312,1,480,481,20,23991.0,3,3,3,"{""COW"":8,""SHEEP"":7}",15,45,15,13,13,0,0,49,108,7
94140312,1,576,577,24,33315.0,3,3,3,"{""COW"":8,""SHEEP"":7}",15,33,15,13,16,0,0,52,5,10
94140312,1,719,719,29,42531.0,10,10,3,"{""COW"":8,""SHEEP"":7}",15,10,0,0,0,0,0,54,3,25
94141184,0,0,1,0,636.0,6,6,1,{},1,0,9,9,0,0,0,29,128,256
94141184,0,24,25,1,48.0,7,7,1,"{""COW"":3,""SHEEP"":1}",4,10,8,4,0,0,0,29,132,260
94141184,0,96,97,4,110.0,7,7,1,"{""COW"":3,""SHEEP"":1}",4,18,12,12,0,0,0,32,139,266
94141184,0,192,193,8,155.0,7,7,2,"{""COW"":4,""SHEEP"":2}",11,24,18,18,0,0,0,33,145,270
94141184,0,288,289,12,4958.0,9,9,3,"{""COW"":4,""SHEEP"":11}",15,39,45,39,0,0,0,38,168,140
94141184,0,384,385,16,11656.0,9,9,3,"{""COW"":4,""SHEEP"":11}",15,43,45,39,0,15,16,42,190,118
94141184,0,480,481,20,14356.0,8,8,3,"{""COW"":4,""SHEEP"":11}",15,45,45,45,0,0,3,45,193,7
94141184,0,576,577,24,24666.0,7,7,3,"{""COW"":4,""SHEEP"":11}",15,26,45,45,0,0,5,47,135,7
94141184,0,719,719,29,30255.0,8,8,3,"{""COW"":4,""SHEEP"":11}",15,4,0,0,0,0,0,48,45,22
94141184,1,0,1,0,16.0,5,5,1,{},1,0,5,5,0,0,0,29,128,256
94141184,1,24,25,1,16.0,0,0,1,"{""COW"":2,""SHEEP"":2}",4,19,3,0,0,0,0,29,132,260
94141184,1,96,97,4,143.0,5,5,1,"{""COW"":3,""SHEEP"":2}",5,19,6,6,0,0,0,32,139,266
94141184,1,192,193,8,162.0,5,5,2,"{""COW"":6,""SHEEP"":3}",10,31,10,10,0,0,0,33,145,270
94141184,1,288,289,12,6840.0,5,5,4,"{""COW"":6,""SHEEP"":8}",14,56,19,13,18,0,0,38,168,140
94141184,1,384,385,16,14784.0,5,5,4,"{""COW"":6,""SHEEP"":11}",18,59,17,11,0,0,0,42,190,118
94141184,1,480,481,20,23941.0,5,5,4,"{""COW"":6,""SHEEP"":12}",18,68,27,21,22,0,0,45,193,7
94141184,1,576,577,24,39735.0,5,5,4,"{""COW"":6,""SHEEP"":12}",18,43,14,8,15,0,0,47,135,7
94141184,1,719,719,29,49144.0,8,8,4,"{""COW"":6,""SHEEP"":8}",18,1,0,0,0,0,0,48,45,22
94142060,0,0,1,0,2058.0,2,2,1,{},0,0,0,0,0,0,0,27,128,256
94142060,0,24,25,1,15.0,2,2,1,"{""COW"":3,""SHEEP"":1}",4,17,17,15,0,0,0,30,132,260
94142060,0,96,97,4,1023.0,2,2,1,"{""COW"":3,""SHEEP"":1}",4,19,7,5,0,0,0,32,149,266
94142060,0,192,193,8,995.0,3,3,2,"{""COW"":5,""SHEEP"":2}",7,27,6,4,0,0,0,34,173,270
94142060,0,288,289,12,5951.0,3,3,3,"{""COW"":8,""SHEEP"":6}",14,39,77,75,0,9,0,41,199,148
94142060,0,384,385,16,22786.0,3,3,3,"{""COW"":8,""SHEEP"":6}",14,53,54,52,0,9,0,44,227,118
94142060,0,480,481,20,40060.0,3,3,3,"{""COW"":8,""SHEEP"":6}",14,52,32,30,8,15,7,48,235,7
94142060,0,576,577,24,67763.0,3,3,3,"{""COW"":8,""SHEEP"":6}",14,41,14,12,0,12,17,50,218,4
94142060,0,719,719,29,101141.0,12,12,3,"{""COW"":4,""SHEEP"":5}",14,7,0,0,0,0,0,52,190,1
94142060,1,0,1,0,25.0,5,5,1,{},1,0,5,5,0,0,0,27,128,256
94142060,1,24,25,1,18.0,0,0,1,"{""COW"":2,""SHEEP"":2}",4,19,3,0,0,0,0,30,132,260
94142060,1,96,97,4,139.0,5,5,1,"{""COW"":3,""SHEEP"":2}",5,19,6,6,0,0,0,32,149,266
94142060,1,192,193,8,176.0,5,5,2,"{""COW"":6,""SHEEP"":3}",10,31,10,10,0,0,0,34,173,270
94142060,1,288,289,12,10178.0,5,5,4,"{""COW"":6,""SHEEP"":8}",14,56,19,13,18,0,0,41,199,148
94142060,1,384,385,16,30448.0,5,5,4,"{""COW"":6,""SHEEP"":11}",18,59,17,11,0,0,0,44,227,118
94142060,1,480,481,20,56129.0,5,5,4,"{""COW"":6,""SHEEP"":12}",18,68,27,21,22,0,0,48,235,7
94142060,1,576,577,24,89295.0,5,5,4,"{""COW"":6,""SHEEP"":12}",18,43,16,10,15,0,0,50,218,4
94142060,1,719,719,29,116956.0,8,8,4,"{""COW"":6,""SHEEP"":8}",18,1,0,0,0,0,0,52,190,1
