episode_id,seat,team,opponent,reward,opponent_reward,outcome,margin,shops,first_diff_step,first_diff_components,diff_turns,diff_market_turns,diff_farmer_turns,diff_hand_turns,action_hash_24,action_hash_100,action_hash_200,action_hash_400,action_hash_719,unit_counts,sell_counts,buy_counts,hires,land_buys,final_assets,final_shed
92927508,0,道海孤舟,Madhur Sabherwal,67331.0,68198.0,L,-867.0,"[""YARN_STORE"",""PIZZA_SHOP"",""BRUNCH_SPOT"",""YARN_STORE"",""YARN_STORE"",""ICE_CREAM_SHOP"",""PET_CAFE"",""YARN_STORE""]",0,market,719,424,642,689,fccadba09c450296,e41f9099cd6b6fde,3ec0344767db01dd,8a6a00574f672b90,73aa0afaca9f9ca7,"{""BUILD_COOP"":2,""BUILD_PASTURE"":12,""CARE"":577,""COLLECT_FERTILIZER"":498,""DIG"":20,""DROP"":263,""EAST"":690,""FEED"":370,""HARVEST"":221,""NORTH"":717,""PASS"":1364,""PICKUP"":313,""PLACE"":17,""PLANT"":22,""SOUTH"":439,""WATER"":273,""WEST"":777}","{""CARROT"":4,""EGG"":35,""FERTILIZER"":252,""MELON"":25,""MILK"":120,""STRAWBERRY"":24,""TOMATO"":4,""WHEAT"":1125,""WOOL"":148}","{""BUY_ANIMAL:COW"":5,""BUY_ANIMAL:GOOSE"":1,""BUY_ANIMAL:SHEEP"":6,""BUY_PRODUCT:WHEAT"":1366,""BUY_SEED:CARROT"":2,""BUY_SEED:MELON"":6,""BUY_SEED:STRAWBERRY"":7,""BUY_SEED:TOMATO"":1,""BUY_SEED:WHEAT"":6}",255,2,"{""COW"":5,""GOOSE"":1,""SHEEP"":6,""STRAWBERRY"":1}","{""WHEAT"":10}"
92927508,1,Madhur Sabherwal,道海孤舟,68198.0,67331.0,W,867.0,"[""YARN_STORE"",""PIZZA_SHOP"",""BRUNCH_SPOT"",""YARN_STORE"",""YARN_STORE"",""ICE_CREAM_SHOP"",""PET_CAFE"",""YARN_STORE""]",0,market,719,376,651,689,3ae2b0497968c251,694492c1c0d57f70,acd5935d540795b5,aeb9534981f5d483,d24ef949f2f15202,"{""BUILD_COOP"":2,""BUILD_PASTURE"":13,""CARE"":272,""COLLECT_FERTILIZER"":120,""DIG"":6,""DROP"":68,""EAST"":879,""FEED"":285,""FERTILIZE"":20,""HARVEST"":173,""NORTH"":1751,""PASS"":1,""PICKUP"":174,""PLACE"":21,""PLANT"":118,""SOUTH"":1029,""WATER"":488,""WEST"":1214}","{""CARROT"":4,""EGG"":10,""FERTILIZER"":100,""MELON"":24,""MILK"":138,""STRAWBERRY"":44,""WHEAT"":428,""WOOL"":176}","{""BUY_ANIMAL:COW"":8,""BUY_ANIMAL:GOOSE"":2,""BUY_ANIMAL:SHEEP"":10,""BUY_PRODUCT:WHEAT"":611,""BUY_SEED:CARROT"":6,""BUY_SEED:MELON"":7,""BUY_SEED:STRAWBERRY"":18,""BUY_SEED:WHEAT"":60}",262,1,"{""COW"":5,""GOOSE"":1,""SHEEP"":8,""STRAWBERRY"":15}","{""GOOSE"":1,""WHEAT"":19,""WOOL"":4}"
92928454,0,道海孤舟,Chirag Desai,69479.0,14321.0,W,55158.0,"[""SMOOTHIE_SHOP"",""ICE_CREAM_SHOP"",""BAKERY"",""PET_CAFE"",""BRUNCH_SPOT"",""YARN_STORE"",""PET_CAFE"",""FARMERS_MARKET""]",0,market,719,411,653,689,fccadba09c450296,74534bf7a6efa08a,b9529f58c9ee122d,73c9287d2b37e87a,cdcbeb04520d21b7,"{""BUILD_COOP"":2,""BUILD_PASTURE"":10,""CARE"":559,""COLLECT_FERTILIZER"":473,""DIG"":17,""DROP"":252,""EAST"":762,""FEED"":339,""HARVEST"":229,""NORTH"":660,""PASS"":1255,""PICKUP"":313,""PLACE"":14,""PLANT"":27,""SOUTH"":413,""WATER"":269,""WEST"":958}","{""CARROT"":16,""EGG"":60,""FERTILIZER"":222,""MELON"":25,""MILK"":129,""STRAWBERRY"":27,""WHEAT"":1079,""WOOL"":88}","{""BUY_ANIMAL:COW"":5,""BUY_ANIMAL:GOOSE"":2,""BUY_ANIMAL:SHEEP"":4,""BUY_PRODUCT:WHEAT"":1295,""BUY_SEED:CARROT"":8,""BUY_SEED:MELON"":6,""BUY_SEED:STRAWBERRY"":7,""BUY_SEED:WHEAT"":6}",254,2,"{""COW"":5,""GOOSE"":2,""SHEEP"":4}","{""WHEAT"":10}"
92928454,1,Chirag Desai,道海孤舟,14321.0,69479.0,L,-55158.0,"[""SMOOTHIE_SHOP"",""ICE_CREAM_SHOP"",""BAKERY"",""PET_CAFE"",""BRUNCH_SPOT"",""YARN_STORE"",""PET_CAFE"",""FARMERS_MARKET""]",0,"market,farmer",719,403,663,687,e46e7e5827c22b36,cf5f0b06568cca6d,6e2cb63c0d243a2c,3cd6d5e5f0a97054,f66cd26fe635adba,"{""BUILD_PASTURE"":8,""CARE"":21,""COLLECT_FERTILIZER"":27,""DIG"":120,""EAST"":1366,""FEED"":119,""HARVEST"":314,""NORTH"":1243,""PASS"":201,""PICKUP"":70,""PLACE"":8,""PLANT"":423,""SOUTH"":703,""WATER"":611,""WEST"":1494}","{""CARROT"":152,""FERTILIZER"":21,""MELON"":50,""MILK"":32,""WHEAT"":398,""WOOL"":8}","{""BUY_ANIMAL:COW"":6,""BUY_ANIMAL:SHEEP"":2,""BUY_PRODUCT:WHEAT"":306,""BUY_SEED:CARROT"":224,""BUY_SEED:MELON"":13,""BUY_SEED:WHEAT"":152}",275,2,"{""COW"":5,""SHEEP"":2}",{}
92929391,0,道海孤舟,Gryffin Wang,54773.0,48720.0,W,6053.0,"[""YARN_STORE"",""BRUNCH_SPOT"",""BAKERY"",""YARN_STORE"",""BRUNCH_SPOT"",""FARMERS_MARKET"",""BAKERY"",""BAKERY""]",0,market,719,428,644,689,fccadba09c450296,a479f6073965d0a9,58b15a2704f520f3,9c79b2f062b2ef20,716c6bc4dfd98752,"{""BUILD_COOP"":3,""BUILD_PASTURE"":10,""CARE"":594,""COLLECT_FERTILIZER"":517,""DIG"":14,""DROP"":242,""EAST"":690,""FEED"":371,""HARVEST"":260,""NORTH"":662,""PASS"":1294,""PICKUP"":336,""PLACE"":16,""PLANT"":20,""SOUTH"":379,""WATER"":221,""WEST"":923}","{""CARROT"":4,""EGG"":92,""FERTILIZER"":251,""MELON"":25,""MILK"":87,""STRAWBERRY"":24,""WHEAT"":1121,""WOOL"":148}","{""BUY_ANIMAL:COW"":3,""BUY_ANIMAL:GOOSE"":3,""BUY_ANIMAL:SHEEP"":6,""BUY_PRODUCT:WHEAT"":1366,""BUY_SEED:CARROT"":2,""BUY_SEED:MELON"":6,""BUY_SEED:STRAWBERRY"":6,""BUY_SEED:WHEAT"":6}",254,2,"{""COW"":3,""GOOSE"":3,""SHEEP"":6}","{""WHEAT"":10}"
92929391,1,Gryffin Wang,道海孤舟,48720.0,54773.0,L,-6053.0,"[""YARN_STORE"",""BRUNCH_SPOT"",""BAKERY"",""YARN_STORE"",""BRUNCH_SPOT"",""FARMERS_MARKET"",""BAKERY"",""BAKERY""]",0,"market,farmer",719,368,618,689,4da9bf4be3b9ab67,b445675745c2186b,2a35c5caa761f30d,d6c203e4ebebae43,f02875c864118f1f,"{""BUILD_PASTURE"":14,""CARE"":277,""COLLECT_FERTILIZER"":120,""DIG"":36,""DROP"":15,""EAST"":1019,""FEED"":281,""HARVEST"":288,""NORTH"":1125,""PASS"":676,""PICKUP"":334,""PLACE"":14,""PLANT"":161,""SOUTH"":848,""WATER"":1260,""WEST"":1427}","{""FERTILIZER"":113,""MELON"":124,""MILK"":111,""STRAWBERRY"":101,""WHEAT"":367,""WOOL"":120}","{""BUY_ANIMAL:COW"":8,""BUY_ANIMAL:SHEEP"":6,""BUY_PRODUCT:WHEAT"":551,""BUY_SEED:MELON"":25,""BUY_SEED:STRAWBERRY"":49,""BUY_SEED:WHEAT"":112}",317,2,"{""COW"":8,""SHEEP"":6,""STRAWBERRY"":16,""WHEAT"":27}",{}
92930322,0,Swaroop Kallakuri,道海孤舟,59837.0,72424.0,L,-12587.0,"[""ICE_CREAM_SHOP"",""YARN_STORE"",""BAKERY"",""BAKERY"",""ICE_CREAM_SHOP"",""PIZZA_SHOP"",""YARN_STORE"",""ICE_CREAM_SHOP""]",0,market,719,507,605,689,2f0dd7a6083dfa9d,760f9e9902a721ef,ae9ef4c41779e774,a909f9c06ba2ca36,2edd3950019f736c,"{""BUILD_PASTURE"":25,""CARE"":360,""DIG"":24,""DROP"":717,""EAST"":184,""FEED"":325,""HARVEST"":221,""NORTH"":799,""PASS"":957,""PICKUP"":882,""PLACE"":21,""PLANT"":118,""SOUTH"":211,""WATER"":615,""WEST"":762}","{""MELON"":111,""MILK"":194,""STRAWBERRY"":14,""WHEAT"":773,""WOOL"":89}","{""BUY_ANIMAL:COW"":13,""BUY_ANIMAL:SHEEP"":8,""BUY_PRODUCT:WHEAT"":1157,""BUY_SEED:MELON"":27,""BUY_SEED:STRAWBERRY"":10,""BUY_SEED:WHEAT"":62}",240,2,"{""COW"":10,""SHEEP"":5,""STRAWBERRY"":1}","{""WHEAT"":45}"
92930322,1,道海孤舟,Swaroop Kallakuri,72424.0,59837.0,W,12587.0,"[""ICE_CREAM_SHOP"",""YARN_STORE"",""BAKERY"",""BAKERY"",""ICE_CREAM_SHOP"",""PIZZA_SHOP"",""YARN_STORE"",""ICE_CREAM_SHOP""]",0,market,719,431,631,689,fccadba09c450296,74534bf7a6efa08a,3e8033bf7dde425a,cac333b509756e8d,ff89c7f40975f1ce,"{""BUILD_COOP"":3,""BUILD_PASTURE"":13,""CARE"":592,""COLLECT_FERTILIZER"":495,""DIG"":14,""DROP"":262,""EAST"":674,""FEED"":372,""HARVEST"":218,""NORTH"":682,""PASS"":1379,""PICKUP"":327,""PLACE"":19,""PLANT"":19,""SOUTH"":415,""WATER"":254,""WEST"":814}","{""EGG"":66,""FERTILIZER"":268,""MELON"":25,""MILK"":135,""STRAWBERRY"":24,""WHEAT"":1103,""WOOL"":128}","{""BUY_ANIMAL:COW"":6,""BUY_ANIMAL:GOOSE"":2,""BUY_ANIMAL:SHEEP"":6,""BUY_PRODUCT:WHEAT"":1365,""BUY_SEED:MELON"":6,""BUY_SEED:STRAWBERRY"":7,""BUY_SEED:WHEAT"":6}",254,2,"{""COW"":6,""GOOSE"":2,""SHEEP"":6,""STRAWBERRY"":1}","{""WHEAT"":10}"
92931235,0,道海孤舟,ShirrleyChen,63492.0,41916.0,W,21576.0,"[""BAKERY"",""YARN_STORE"",""ICE_CREAM_SHOP"",""PET_CAFE"",""BRUNCH_SPOT"",""SMOOTHIE_SHOP"",""BAKERY"",""FARMERS_MARKET""]",0,market,719,432,651,689,fccadba09c450296,e41f9099cd6b6fde,35fa4beebed7f33c,d2f70922e9eb5375,87a191b41b4c6b4c,"{""BUILD_COOP"":3,""BUILD_PASTURE"":10,""CARE"":571,""COLLECT_FERTILIZER"":490,""DIG"":10,""DROP"":263,""EAST"":625,""FEED"":341,""HARVEST"":238,""NORTH"":673,""PASS"":1422,""PICKUP"":310,""PLACE"":16,""PLANT"":25,""SOUTH"":444,""WATER"":262,""WEST"":826}","{""CARROT"":12,""EGG"":73,""FERTILIZER"":245,""MELON"":25,""MILK"":120,""STRAWBERRY"":24,""WHEAT"":1090,""WOOL"":116}","{""BUY_ANIMAL:COW"":5,""BUY_ANIMAL:GOOSE"":3,""BUY_ANIMAL:SHEEP"":4,""BUY_PRODUCT:WHEAT"":1326,""BUY_SEED:CARROT"":6,""BUY_SEED:MELON"":6,""BUY_SEED:STRAWBERRY"":7,""BUY_SEED:WHEAT"":6}",253,2,"{""COW"":5,""GOOSE"":3,""SHEEP"":4,""STRAWBERRY"":1}","{""WHEAT"":10}"
92931235,1,ShirrleyChen,道海孤舟,41916.0,63492.0,L,-21576.0,"[""BAKERY"",""YARN_STORE"",""ICE_CREAM_SHOP"",""PET_CAFE"",""BRUNCH_SPOT"",""SMOOTHIE_SHOP"",""BAKERY"",""FARMERS_MARKET""]",0,market,719,402,644,689,60f35ce943d22ddd,8c88bec8bcb39431,aec16f5ccd2d610f,c4dabadff524339f,9b9d24631ca41ee6,"{""BUILD_COOP"":8,""BUILD_PASTURE"":6,""CARE"":147,""COLLECT_FERTILIZER"":253,""DIG"":69,""DROP"":57,""EAST"":1025,""FEED"":188,""FERTILIZE"":28,""HARVEST"":220,""NORTH"":1143,""PASS"":352,""PICKUP"":117,""PLACE"":15,""PLANT"":192,""SOUTH"":875,""WATER"":986,""WEST"":1342}","{""CARROT"":86,""EGG"":187,""FERTILIZER"":165,""MELON"":208,""MILK"":39,""STRAWBERRY"":49,""WHEAT"":23,""WOOL"":28}","{""BUY_ANIMAL:COW"":3,""BUY_ANIMAL:GOOSE"":9,""BUY_ANIMAL:SHEEP"":3,""BUY_PRODUCT:WHEAT"":121,""BUY_SEED:CARROT"":80,""BUY_SEED:MELON"":60,""BUY_SEED:STRAWBERRY"":23,""BUY_SEED:WHEAT"":59}",292,3,"{""COW"":3,""GOOSE"":5,""SHEEP"":3,""STRAWBERRY"":5}","{""EGG"":1,""FERTILIZER"":1,""MILK"":1,""WOOL"":1}"
92932148,0,道海孤舟,IsaacJinyu,71343.0,110854.0,L,-39511.0,"[""YARN_STORE"",""PIZZA_SHOP"",""ICE_CREAM_SHOP"",""SMOOTHIE_SHOP"",""FARMERS_MARKET"",""ICE_CREAM_SHOP"",""PET_CAFE"",""YARN_STORE""]",0,market,719,430,636,689,fccadba09c450296,77a82109fb845155,fe85c365687d5d47,289f9d05007fe489,d90094876977c92c,"{""BUILD_PASTURE"":13,""CARE"":546,""COLLECT_FERTILIZER"":437,""DIG"":16,""DROP"":259,""EAST"":750,""FEED"":330,""HARVEST"":187,""NORTH"":589,""PASS"":1573,""PICKUP"":284,""PLACE"":17,""PLANT"":24,""SOUTH"":406,""WATER"":287,""WEST"":811}","{""CARROT"":8,""FERTILIZER"":238,""MELON"":30,""MILK"":153,""STRAWBERRY"":28,""TOMATO"":4,""WHEAT"":1134,""WOOL"":116}","{""BUY_ANIMAL:COW"":7,""BUY_ANIMAL:SHEEP"":5,""BUY_PRODUCT:WHEAT"":1365,""BUY_SEED:CARROT"":4,""BUY_SEED:MELON"":6,""BUY_SEED:STRAWBERRY"":7,""BUY_SEED:TOMATO"":1,""BUY_SEED:WHEAT"":6}",253,2,"{""COW"":7,""SHEEP"":5}","{""WHEAT"":10}"
92932148,1,IsaacJinyu,道海孤舟,110854.0,71343.0,W,39511.0,"[""YARN_STORE"",""PIZZA_SHOP"",""ICE_CREAM_SHOP"",""SMOOTHIE_SHOP"",""FARMERS_MARKET"",""ICE_CREAM_SHOP"",""PET_CAFE"",""YARN_STORE""]",0,"market,farmer",719,465,656,689,219ffd1a94a52dc4,51b48e79a5928bc4,2f1e4d812e71cd25,0aeb01dcb1da4b06,2443591a3b385227,"{""BUILD_COOP"":3,""BUILD_PASTURE"":12,""CARE"":311,""COLLECT_FERTILIZER"":163,""DIG"":28,""DROP"":20,""EAST"":716,""FEED"":310,""HARVEST"":425,""NORTH"":1112,""PASS"":1047,""PICKUP"":77,""PLACE"":47,""PLANT"":268,""SOUTH"":994,""WATER"":1249,""WEST"":1018}","{""EGG"":306,""FERTILIZER"":163,""MELON"":120,""MILK"":1004,""STRAWBERRY"":75,""WHEAT"":2066}","{""BUY_ANIMAL:COW"":12,""BUY_ANIMAL:GOOSE"":3,""BUY_PRODUCT:WHEAT"":646,""BUY_SEED:MELON"":22,""BUY_SEED:STRAWBERRY"":18,""BUY_SEED:WHEAT"":232}",314,2,"{""COW"":12,""GOOSE"":3,""STRAWBERRY"":3}",{}
92961363,0,道海孤舟,道海孤舟,57462.0,57558.0,L,-96.0,"[""PET_CAFE"",""PET_CAFE"",""SMOOTHIE_SHOP"",""YARN_STORE"",""YARN_STORE"",""BRUNCH_SPOT"",""FARMERS_MARKET"",""PET_CAFE""]",174,hands,23,13,0,10,4750084d0f71023d,e005a8abbb639144,5b91c8b39b99b18b,5c3300280f8512d1,af56970453285d06,"{""BUILD_PASTURE"":13,""CARE"":285,""COLLECT_FERTILIZER"":296,""DIG"":41,""DROP"":57,""EAST"":634,""FEED"":290,""FERTILIZE"":72,""HARVEST"":390,""NORTH"":838,""PASS"":994,""PICKUP"":135,""PLACE"":13,""PLANT"":198,""SOUTH"":553,""WATER"":1010,""WEST"":811}","{""FERTILIZER"":235,""MELON"":114,""MILK"":241,""STRAWBERRY"":286,""WHEAT"":455,""WOOL"":132}","{""BUY_ANIMAL:COW"":9,""BUY_ANIMAL:SHEEP"":4,""BUY_PRODUCT:WHEAT"":212,""BUY_SEED:MELON"":19,""BUY_SEED:STRAWBERRY"":37,""BUY_SEED:WHEAT"":148}",262,2,"{""COW"":9,""SHEEP"":4,""WHEAT"":1}",{}
92961363,1,道海孤舟,道海孤舟,57558.0,57462.0,W,96.0,"[""PET_CAFE"",""PET_CAFE"",""SMOOTHIE_SHOP"",""YARN_STORE"",""YARN_STORE"",""BRUNCH_SPOT"",""FARMERS_MARKET"",""PET_CAFE""]",77,hands,22,13,0,9,4750084d0f71023d,3a8b0c87bb88a3b8,1d73d663de18069d,4d538247a498108b,3ab88873e84bad8b,"{""BUILD_PASTURE"":13,""CARE"":285,""COLLECT_FERTILIZER"":296,""DIG"":41,""DROP"":57,""EAST"":634,""FEED"":290,""FERTILIZE"":72,""HARVEST"":390,""NORTH"":837,""PASS"":994,""PICKUP"":135,""PLACE"":13,""PLANT"":199,""SOUTH"":553,""WATER"":1010,""WEST"":811}","{""FERTILIZER"":235,""MELON"":114,""MILK"":241,""STRAWBERRY"":286,""WHEAT"":455,""WOOL"":132}","{""BUY_ANIMAL:COW"":9,""BUY_ANIMAL:SHEEP"":4,""BUY_PRODUCT:WHEAT"":212,""BUY_SEED:MELON"":19,""BUY_SEED:STRAWBERRY"":37,""BUY_SEED:WHEAT"":148}",262,2,"{""COW"":9,""SHEEP"":4,""WHEAT"":1}",{}
92962819,0,JoJa,道海孤舟,23513.0,132592.0,L,-109079.0,"[""PET_CAFE"",""SMOOTHIE_SHOP"",""YARN_STORE"",""ICE_CREAM_SHOP"",""YARN_STORE"",""BRUNCH_SPOT"",""ICE_CREAM_SHOP"",""YARN_STORE""]",0,market,719,504,610,689,caf0b7361c00fc7b,5c003d442dda6891,30238de8177e9d81,b52e4cd705a664c0,3dccf11cffb76544,"{""BUILD_PASTURE"":14,""CARE"":256,""COLLECT_FERTILIZER"":280,""DIG"":11,""EAST"":628,""FEED"":275,""HARVEST"":160,""NORTH"":1335,""PASS"":1711,""PICKUP"":329,""PLACE"":14,""PLANT"":91,""SOUTH"":992,""WATER"":272,""WEST"":981}","{""CARROT"":20,""FERTILIZER"":260,""MELON"":58,""MILK"":214,""STRAWBERRY"":4,""WHEAT"":1345,""WOOL"":39}","{""BUY_ANIMAL:COW"":10,""BUY_ANIMAL:SHEEP"":4,""BUY_PRODUCT:WHEAT"":1527,""BUY_SEED:CARROT"":51,""BUY_SEED:MELON"":17,""BUY_SEED:STRAWBERRY"":1,""BUY_SEED:WHEAT"":38}",290,3,"{""CARROT"":18,""COW"":10,""SHEEP"":4}","{""WHEAT"":20}"
92962819,1,道海孤舟,JoJa,132592.0,23513.0,W,109079.0,"[""PET_CAFE"",""SMOOTHIE_SHOP"",""YARN_STORE"",""ICE_CREAM_SHOP"",""YARN_STORE"",""BRUNCH_SPOT"",""ICE_CREAM_SHOP"",""YARN_STORE""]",311,market,12,12,0,0,4750084d0f71023d,e005a8abbb639144,8288584f2403fe50,1966788d0b6f0ae9,467a5f9505812097,"{""BUILD_PASTURE"":13,""CARE"":285,""COLLECT_FERTILIZER"":296,""DIG"":40,""DROP"":57,""EAST"":634,""FEED"":290,""FERTILIZE"":72,""HARVEST"":390,""NORTH"":838,""PASS"":994,""PICKUP"":135,""PLACE"":13,""PLANT"":199,""SOUTH"":553,""WATER"":1010,""WEST"":811}","{""FERTILIZER"":235,""MELON"":114,""MILK"":241,""STRAWBERRY"":286,""WHEAT"":455,""WOOL"":132}","{""BUY_ANIMAL:COW"":9,""BUY_ANIMAL:SHEEP"":4,""BUY_PRODUCT:WHEAT"":212,""BUY_SEED:MELON"":19,""BUY_SEED:STRAWBERRY"":37,""BUY_SEED:WHEAT"":148}",262,2,"{""COW"":9,""SHEEP"":4,""WHEAT"":1}",{}
92963734,0,道海孤舟,aldoktvns,119047.0,60041.0,W,59006.0,"[""ICE_CREAM_SHOP"",""BRUNCH_SPOT"",""PIZZA_SHOP"",""PIZZA_SHOP"",""FARMERS_MARKET"",""FARMERS_MARKET"",""PIZZA_SHOP"",""PET_CAFE""]",216,market,11,11,0,0,4750084d0f71023d,e005a8abbb639144,8288584f2403fe50,8ec6dcb31c6c8cb9,46a29239f1e106ce,"{""BUILD_PASTURE"":13,""CARE"":285,""COLLECT_FERTILIZER"":296,""DIG"":40,""DROP"":57,""EAST"":634,""FEED"":290,""FERTILIZE"":72,""HARVEST"":390,""NORTH"":838,""PASS"":994,""PICKUP"":135,""PLACE"":13,""PLANT"":199,""SOUTH"":553,""WATER"":1010,""WEST"":811}","{""FERTILIZER"":235,""MELON"":114,""MILK"":241,""STRAWBERRY"":286,""WHEAT"":455,""WOOL"":132}","{""BUY_ANIMAL:COW"":9,""BUY_ANIMAL:SHEEP"":4,""BUY_PRODUCT:WHEAT"":212,""BUY_SEED:MELON"":19,""BUY_SEED:STRAWBERRY"":37,""BUY_SEED:WHEAT"":148}",262,2,"{""COW"":9,""SHEEP"":4,""WHEAT"":1}",{}
92963734,1,aldoktvns,道海孤舟,60041.0,119047.0,L,-59006.0,"[""ICE_CREAM_SHOP"",""BRUNCH_SPOT"",""PIZZA_SHOP"",""PIZZA_SHOP"",""FARMERS_MARKET"",""FARMERS_MARKET"",""PIZZA_SHOP"",""PET_CAFE""]",0,market,719,372,643,687,e0399686a5437cc1,7e926f9ded02fce2,b2737f4e111c0aab,7796341cb5e125d1,7359826d0ea6fc23,"{""BUILD_COOP"":3,""BUILD_PASTURE"":23,""CARE"":374,""COLLECT_FERTILIZER"":170,""DIG"":51,""DROP"":33,""EAST"":917,""FEED"":355,""HARVEST"":242,""NORTH"":878,""PASS"":341,""PICKUP"":116,""PLACE"":53,""PLANT"":209,""SOUTH"":778,""WATER"":600,""WEST"":998}","{""CARROT"":46,""FERTILIZER"":170,""MELON"":120,""MILK"":371,""STRAWBERRY"":32,""WHEAT"":380,""WOOL"":30}","{""BUY_ANIMAL:COW"":22,""BUY_ANIMAL:GOOSE"":3,""BUY_ANIMAL:SHEEP"":5,""BUY_PRODUCT:WHEAT"":506,""BUY_SEED:CARROT"":24,""BUY_SEED:MELON"":53,""BUY_SEED:STRAWBERRY"":32,""BUY_SEED:WHEAT"":149}",240,3,"{""COW"":7}","{""GOOSE"":3,""WHEAT"":8}"
92964659,0,Yavuz.YILMAZ,道海孤舟,74800.0,95380.0,L,-20580.0,"[""PET_CAFE"",""YARN_STORE"",""ICE_CREAM_SHOP"",""PET_CAFE"",""FARMERS_MARKET"",""YARN_STORE"",""ICE_CREAM_SHOP"",""SMOOTHIE_SHOP""]",0,"market,farmer",719,350,607,689,f7d7812e63639af7,b6cb6f412155c267,321383d8732f7d2e,b05439e34163d575,5e12d821420756df,"{""BUILD_COOP"":11,""BUILD_PASTURE"":34,""CARE"":395,""COLLECT_FERTILIZER"":331,""DIG"":23,""DROP"":42,""EAST"":1023,""FEED"":406,""FERTILIZE"":88,""HARVEST"":336,""NORTH"":1153,""PASS"":1188,""PICKUP"":153,""PLACE"":28,""PLANT"":190,""SOUTH"":838,""WATER"":852,""WEST"":1312}","{""FERTILIZER"":235,""MELON"":120,""MILK"":73,""STRAWBERRY"":74,""WHEAT"":51,""WOOL"":342}","{""BUY_ANIMAL:COW"":3,""BUY_ANIMAL:SHEEP"":25,""BUY_PRODUCT:WHEAT"":109,""BUY_SEED:MELON"":24,""BUY_SEED:STRAWBERRY"":29,""BUY_SEED:WHEAT"":142}",338,3,"{""COW"":3,""SHEEP"":25,""STRAWBERRY"":4,""WHEAT"":18}",{}
92964659,1,道海孤舟,Yavuz.YILMAZ,95380.0,74800.0,W,20580.0,"[""PET_CAFE"",""YARN_STORE"",""ICE_CREAM_SHOP"",""PET_CAFE"",""FARMERS_MARKET"",""YARN_STORE"",""ICE_CREAM_SHOP"",""SMOOTHIE_SHOP""]",311,market,15,15,0,0,4750084d0f71023d,e005a8abbb639144,8288584f2403fe50,c73d913301f69f79,cf8ba7981ae38ff1,"{""BUILD_PASTURE"":13,""CARE"":285,""COLLECT_FERTILIZER"":296,""DIG"":40,""DROP"":57,""EAST"":634,""FEED"":290,""FERTILIZE"":72,""HARVEST"":390,""NORTH"":838,""PASS"":994,""PICKUP"":135,""PLACE"":13,""PLANT"":199,""SOUTH"":553,""WATER"":1010,""WEST"":811}","{""FERTILIZER"":235,""MELON"":114,""MILK"":241,""STRAWBERRY"":286,""WHEAT"":455,""WOOL"":132}","{""BUY_ANIMAL:COW"":9,""BUY_ANIMAL:SHEEP"":4,""BUY_PRODUCT:WHEAT"":212,""BUY_SEED:MELON"":19,""BUY_SEED:STRAWBERRY"":37,""BUY_SEED:WHEAT"":148}",262,2,"{""COW"":9,""SHEEP"":4,""WHEAT"":1}",{}
92965591,0,道海孤舟,ayutin tin,68820.0,29772.0,W,39048.0,"[""BAKERY"",""BRUNCH_SPOT"",""PET_CAFE"",""ICE_CREAM_SHOP"",""PIZZA_SHOP"",""PET_CAFE"",""YARN_STORE"",""BRUNCH_SPOT""]",128,farmer,22,11,8,3,4750084d0f71023d,e005a8abbb639144,8ec9c9852b7fab53,6cef86ec7222ae57,1ddd9c9c60831339,"{""BUILD_PASTURE"":13,""CARE"":285,""COLLECT_FERTILIZER"":296,""DIG"":42,""DROP"":57,""EAST"":634,""FEED"":290,""FERTILIZE"":72,""HARVEST"":390,""NORTH"":838,""PASS"":992,""PICKUP"":135,""PLACE"":13,""PLANT"":199,""SOUTH"":553,""WATER"":1010,""WEST"":811}","{""FERTILIZER"":235,""MELON"":114,""MILK"":241,""STRAWBERRY"":286,""WHEAT"":455,""WOOL"":132}","{""BUY_ANIMAL:COW"":9,""BUY_ANIMAL:SHEEP"":4,""BUY_PRODUCT:WHEAT"":212,""BUY_SEED:MELON"":19,""BUY_SEED:STRAWBERRY"":37,""BUY_SEED:WHEAT"":148}",262,2,"{""COW"":9,""SHEEP"":4,""WHEAT"":1}",{}
92965591,1,ayutin tin,道海孤舟,29772.0,68820.0,L,-39048.0,"[""BAKERY"",""BRUNCH_SPOT"",""PET_CAFE"",""ICE_CREAM_SHOP"",""PIZZA_SHOP"",""PET_CAFE"",""YARN_STORE"",""BRUNCH_SPOT""]",0,market,719,440,648,689,9968015293aad6b6,2814b6f2157f06e2,4ca5c97d4cee8fe4,959badcd9e013ff4,a739e657a5267bbc,"{""BUILD_PASTURE"":14,""CARE"":304,""COLLECT_FERTILIZER"":276,""DIG"":36,""DROP"":177,""EAST"":1321,""FEED"":306,""FERTILIZE"":6,""HARVEST"":243,""NORTH"":1283,""PASS"":271,""PICKUP"":140,""PLACE"":14,""PLANT"":118,""SOUTH"":948,""WATER"":665,""WEST"":1536}","{""FERTILIZER"":270,""MELON"":128,""MILK"":221,""STRAWBERRY"":168,""WHEAT"":106,""WOOL"":142}","{""BUY_ANIMAL:COW"":8,""BUY_ANIMAL:SHEEP"":6,""BUY_PRODUCT:WHEAT"":288,""BUY_SEED:MELON"":24,""BUY_SEED:STRAWBERRY"":39,""BUY_SEED:WHEAT"":63}",307,2,"{""COW"":8,""SHEEP"":6,""WHEAT"":3}",{}
92966513,0,Ahmed Berat Özer,道海孤舟,32484.0,60589.0,L,-28105.0,"[""BRUNCH_SPOT"",""PET_CAFE"",""BRUNCH_SPOT"",""PET_CAFE"",""PET_CAFE"",""PET_CAFE"",""PIZZA_SHOP"",""ICE_CREAM_SHOP""]",0,"market,farmer",719,426,606,688,b72aba25e7f570f0,30fbdca74c48ca83,fb6eb78250b09e95,a5d332ba91a44d7b,56f1c9342e2a0f6e,"{""BUILD_PASTURE"":14,""CARE"":292,""COLLECT_FERTILIZER"":279,""DIG"":40,""DROP"":56,""EAST"":657,""FEED"":287,""FERTILIZE"":51,""HARVEST"":323,""NORTH"":952,""PASS"":687,""PICKUP"":157,""PLACE"":16,""PLANT"":154,""SOUTH"":795,""WATER"":886,""WEST"":934}","{""FERTILIZER"":224,""MELON"":128,""MILK"":191,""STRAWBERRY"":258,""WHEAT"":350,""WOOL"":145}","{""BUY_ANIMAL:COW"":8,""BUY_ANIMAL:SHEEP"":6,""BUY_PRODUCT:WHEAT"":341,""BUY_SEED:MELON"":24,""BUY_SEED:STRAWBERRY"":44,""BUY_SEED:WHEAT"":86}",259,2,"{""COW"":8,""SHEEP"":6,""STRAWBERRY"":2}",{}
92966513,1,道海孤舟,Ahmed Berat Özer,60589.0,32484.0,W,28105.0,"[""BRUNCH_SPOT"",""PET_CAFE"",""BRUNCH_SPOT"",""PET_CAFE"",""PET_CAFE"",""PET_CAFE"",""PIZZA_SHOP"",""ICE_CREAM_SHOP""]",312,market,10,10,0,0,4750084d0f71023d,e005a8abbb639144,8288584f2403fe50,b8d13bf12e41bc80,a589797488e88e2a,"{""BUILD_PASTURE"":13,""CARE"":285,""COLLECT_FERTILIZER"":296,""DIG"":40,""DROP"":57,""EAST"":634,""FEED"":290,""FERTILIZE"":72,""HARVEST"":390,""NORTH"":838,""PASS"":994,""PICKUP"":135,""PLACE"":13,""PLANT"":199,""SOUTH"":553,""WATER"":1010,""WEST"":811}","{""FERTILIZER"":235,""MELON"":114,""MILK"":241,""STRAWBERRY"":286,""WHEAT"":455,""WOOL"":132}","{""BUY_ANIMAL:COW"":9,""BUY_ANIMAL:SHEEP"":4,""BUY_PRODUCT:WHEAT"":212,""BUY_SEED:MELON"":19,""BUY_SEED:STRAWBERRY"":37,""BUY_SEED:WHEAT"":148}",262,2,"{""COW"":9,""SHEEP"":4,""WHEAT"":1}",{}
92967433,0,道海孤舟,Syed Muhammad Gillani,57513.0,59237.0,L,-1724.0,"[""BRUNCH_SPOT"",""PIZZA_SHOP"",""PET_CAFE"",""BAKERY"",""BRUNCH_SPOT"",""YARN_STORE"",""BRUNCH_SPOT"",""PIZZA_SHOP""]",312,market,11,11,0,0,4750084d0f71023d,e005a8abbb639144,8288584f2403fe50,1fa8e89e0f8372db,6ee57f9f587bc09e,"{""BUILD_PASTURE"":13,""CARE"":285,""COLLECT_FERTILIZER"":296,""DIG"":40,""DROP"":57,""EAST"":634,""FEED"":290,""FERTILIZE"":72,""HARVEST"":390,""NORTH"":838,""PASS"":994,""PICKUP"":135,""PLACE"":13,""PLANT"":199,""SOUTH"":553,""WATER"":1010,""WEST"":811}","{""FERTILIZER"":235,""MELON"":114,""MILK"":241,""STRAWBERRY"":286,""WHEAT"":455,""WOOL"":132}","{""BUY_ANIMAL:COW"":9,""BUY_ANIMAL:SHEEP"":4,""BUY_PRODUCT:WHEAT"":212,""BUY_SEED:MELON"":19,""BUY_SEED:STRAWBERRY"":37,""BUY_SEED:WHEAT"":148}",262,2,"{""COW"":9,""SHEEP"":4,""WHEAT"":1}",{}
92967433,1,Syed Muhammad Gillani,道海孤舟,59237.0,57513.0,W,1724.0,"[""BRUNCH_SPOT"",""PIZZA_SHOP"",""PET_CAFE"",""BAKERY"",""BRUNCH_SPOT"",""YARN_STORE"",""BRUNCH_SPOT"",""PIZZA_SHOP""]",0,"market,farmer",719,470,617,689,90b273a545cd0c8e,dd74e9c98f7ef85d,7bf9e66cd509ef14,2ee6324bbce6f8a4,3fafb4eb3ffe53da,"{""BUILD_PASTURE"":14,""CARE"":313,""COLLECT_FERTILIZER"":302,""DIG"":29,""DROP"":9,""EAST"":814,""FEED"":316,""FERTILIZE"":58,""HARVEST"":383,""NORTH"":1012,""PASS"":632,""PICKUP"":136,""PLACE"":51,""PLANT"":200,""SOUTH"":638,""WATER"":967,""WEST"":1040}","{""CARROT"":18,""FERTILIZER"":1994,""MELON"":120,""MILK"":189,""STRAWBERRY"":230,""WHEAT"":1162,""WOOL"":207}","{""BUY_ANIMAL:COW"":6,""BUY_ANIMAL:SHEEP"":8,""BUY_PRODUCT:WHEAT"":433,""BUY_SEED:CARROT"":15,""BUY_SEED:MELON"":20,""BUY_SEED:STRAWBERRY"":34,""BUY_SEED:WHEAT"":147}",277,2,"{""COW"":6,""SHEEP"":6,""WHEAT"":1}",{}
92968376,0,道海孤舟,Devin Zhou,93468.0,62256.0,W,31212.0,"[""BAKERY"",""ICE_CREAM_SHOP"",""BRUNCH_SPOT"",""PIZZA_SHOP"",""ICE_CREAM_SHOP"",""BAKERY"",""FARMERS_MARKET"",""PET_CAFE""]",134,hands,41,13,0,28,4750084d0f71023d,e005a8abbb639144,165c98e486d76720,cec3257dccc233d2,4402e6532ed31c84,"{""BUILD_PASTURE"":13,""CARE"":285,""COLLECT_FERTILIZER"":296,""DIG"":43,""DROP"":57,""EAST"":634,""FEED"":290,""FERTILIZE"":72,""HARVEST"":390,""NORTH"":838,""PASS"":994,""PICKUP"":135,""PLACE"":13,""PLANT"":199,""SOUTH"":553,""WATER"":1008,""WEST"":810}","{""FERTILIZER"":235,""MELON"":114,""MILK"":241,""STRAWBERRY"":286,""WHEAT"":455,""WOOL"":132}","{""BUY_ANIMAL:COW"":9,""BUY_ANIMAL:SHEEP"":4,""BUY_PRODUCT:WHEAT"":212,""BUY_SEED:MELON"":19,""BUY_SEED:STRAWBERRY"":37,""BUY_SEED:WHEAT"":148}",262,2,"{""COW"":9,""SHEEP"":4,""WHEAT"":1}",{}
92968376,1,Devin Zhou,道海孤舟,62256.0,93468.0,L,-31212.0,"[""BAKERY"",""ICE_CREAM_SHOP"",""BRUNCH_SPOT"",""PIZZA_SHOP"",""ICE_CREAM_SHOP"",""BAKERY"",""FARMERS_MARKET"",""PET_CAFE""]",0,market,719,547,637,688,ee33b1ed22656419,e99acd38c5222677,991fa06e1926bb43,b862785f324deec6,1f53e4764ffc6f7f,"{""BUILD_PASTURE"":14,""CARE"":308,""COLLECT_FERTILIZER"":318,""DIG"":25,""DROP"":80,""EAST"":857,""FEED"":319,""FERTILIZE"":107,""HARVEST"":338,""NORTH"":1236,""PASS"":399,""PICKUP"":339,""PLACE"":26,""PLANT"":131,""SOUTH"":929,""WATER"":851,""WEST"":1098}","{""CARROT"":13,""EGG"":8,""FERTILIZER"":405,""MELON"":206,""MILK"":560,""STRAWBERRY"":509,""TOMATO"":4,""WHEAT"":1108,""WOOL"":162}","{""BUY_ANIMAL:COW"":8,""BUY_ANIMAL:SHEEP"":6,""BUY_PRODUCT:WHEAT"":967,""BUY_SEED:MELON"":21,""BUY_SEED:STRAWBERRY"":44,""BUY_SEED:WHEAT"":66}",306,2,"{""COW"":4,""SHEEP"":5,""STRAWBERRY"":6,""WHEAT"":1}",{}
92969308,0,Takahiro Someya,道海孤舟,61312.0,66402.0,L,-5090.0,"[""PET_CAFE"",""YARN_STORE"",""BRUNCH_SPOT"",""BRUNCH_SPOT"",""PIZZA_SHOP"",""YARN_STORE"",""BAKERY"",""PIZZA_SHOP""]",0,"market,farmer",719,454,651,688,b9c6c4af250d74d0,e20b64dd2a94476d,72ddb585f2f3a747,2478a875dee25e2d,fdf35ec73deb2046,"{""BUILD_PASTURE"":14,""CARE"":322,""COLLECT_FERTILIZER"":324,""DIG"":32,""DROP"":100,""EAST"":671,""FEED"":323,""FERTILIZE"":103,""HARVEST"":341,""NORTH"":1030,""PASS"":460,""PICKUP"":262,""PLACE"":14,""PLANT"":135,""SOUTH"":793,""WATER"":938,""WEST"":896}","{""FERTILIZER"":236,""MELON"":132,""MILK"":230,""STRAWBERRY"":270,""WHEAT"":191,""WOOL"":164}","{""BUY_ANIMAL:COW"":8,""BUY_ANIMAL:SHEEP"":6,""BUY_PRODUCT:FERTILIZER"":15,""BUY_PRODUCT:WHEAT"":275,""BUY_SEED:MELON"":26,""BUY_SEED:STRAWBERRY"":41,""BUY_SEED:WHEAT"":68}",284,2,"{""COW"":8,""SHEEP"":6,""STRAWBERRY"":5,""WHEAT"":7}",{}
92969308,1,道海孤舟,Takahiro Someya,66402.0,61312.0,W,5090.0,"[""PET_CAFE"",""YARN_STORE"",""BRUNCH_SPOT"",""BRUNCH_SPOT"",""PIZZA_SHOP"",""YARN_STORE"",""BAKERY"",""PIZZA_SHOP""]",311,market,17,17,0,0,4750084d0f71023d,e005a8abbb639144,8288584f2403fe50,56abc1f29d813213,27588a98acb2826b,"{""BUILD_PASTURE"":13,""CARE"":285,""COLLECT_FERTILIZER"":296,""DIG"":40,""DROP"":57,""EAST"":634,""FEED"":290,""FERTILIZE"":72,""HARVEST"":390,""NORTH"":838,""PASS"":994,""PICKUP"":135,""PLACE"":13,""PLANT"":199,""SOUTH"":553,""WATER"":1010,""WEST"":811}","{""FERTILIZER"":235,""MELON"":114,""MILK"":241,""STRAWBERRY"":286,""WHEAT"":455,""WOOL"":132}","{""BUY_ANIMAL:COW"":9,""BUY_ANIMAL:SHEEP"":4,""BUY_PRODUCT:WHEAT"":212,""BUY_SEED:MELON"":19,""BUY_SEED:STRAWBERRY"":37,""BUY_SEED:WHEAT"":148}",262,2,"{""COW"":8,""SHEEP"":3,""WHEAT"":1}",{}
92970237,0,JeovaAnderson,道海孤舟,63937.0,75293.0,L,-11356.0,"[""YARN_STORE"",""BAKERY"",""PIZZA_SHOP"",""PIZZA_SHOP"",""YARN_STORE"",""ICE_CREAM_SHOP"",""YARN_STORE"",""YARN_STORE""]",0,market,716,381,503,676,1c979e74071bb1cd,4424a9834acd53d3,b07cf7eda0b66360,baec67a9c4150e87,a33a7407177c64e3,"{""BUILD_PASTURE"":14,""CARE"":308,""COLLECT_FERTILIZER"":293,""DIG"":27,""DROP"":48,""EAST"":647,""FEED"":301,""FERTILIZE"":84,""HARVEST"":352,""NORTH"":844,""PASS"":1050,""PICKUP"":146,""PLACE"":14,""PLANT"":172,""SOUTH"":495,""WATER"":912,""WEST"":886}","{""FERTILIZER"":209,""MELON"":144,""MILK"":213,""STRAWBERRY"":291,""WHEAT"":281,""WOOL"":150}","{""BUY_ANIMAL:COW"":8,""BUY_ANIMAL:SHEEP"":6,""BUY_PRODUCT:WHEAT"":265,""BUY_SEED:MELON"":24,""BUY_SEED:STRAWBERRY"":42,""BUY_SEED:WHEAT"":107}",260,2,"{""COW"":8,""SHEEP"":6,""WHEAT"":7}",{}
92970237,1,道海孤舟,JeovaAnderson,75293.0,63937.0,W,11356.0,"[""YARN_STORE"",""BAKERY"",""PIZZA_SHOP"",""PIZZA_SHOP"",""YARN_STORE"",""ICE_CREAM_SHOP"",""YARN_STORE"",""YARN_STORE""]",311,market,13,13,0,0,4750084d0f71023d,e005a8abbb639144,8288584f2403fe50,4663fac4e2ce197c,549b1d4aab845ab4,"{""BUILD_PASTURE"":13,""CARE"":285,""COLLECT_FERTILIZER"":296,""DIG"":40,""DROP"":57,""EAST"":634,""FEED"":290,""FERTILIZE"":72,""HARVEST"":390,""NORTH"":838,""PASS"":994,""PICKUP"":135,""PLACE"":13,""PLANT"":199,""SOUTH"":553,""WATER"":1010,""WEST"":811}","{""FERTILIZER"":235,""MELON"":114,""MILK"":241,""STRAWBERRY"":286,""WHEAT"":455,""WOOL"":132}","{""BUY_ANIMAL:COW"":9,""BUY_ANIMAL:SHEEP"":4,""BUY_PRODUCT:WHEAT"":212,""BUY_SEED:MELON"":19,""BUY_SEED:STRAWBERRY"":37,""BUY_SEED:WHEAT"":148}",262,2,"{""COW"":9,""SHEEP"":4,""WHEAT"":1}",{}
92971175,0,tipstar0125,道海孤舟,80027.0,50391.0,W,29636.0,"[""YARN_STORE"",""BAKERY"",""BAKERY"",""BAKERY"",""PET_CAFE"",""FARMERS_MARKET"",""YARN_STORE"",""BRUNCH_SPOT""]",0,"market,farmer",719,468,621,689,90b273a545cd0c8e,ae89fa91229583c7,746f1104f2d6aeba,a2985be54077dcf6,f189b935ce75937c,"{""BUILD_PASTURE"":14,""CARE"":313,""COLLECT_FERTILIZER"":302,""DIG"":18,""DROP"":7,""EAST"":784,""FEED"":317,""FERTILIZE"":57,""HARVEST"":386,""NORTH"":1003,""PASS"":683,""PICKUP"":137,""PLACE"":52,""PLANT"":195,""SOUTH"":650,""WATER"":955,""WEST"":1044}","{""CARROT"":21,""FERTILIZER"":1775,""MELON"":120,""MILK"":189,""STRAWBERRY"":226,""WHEAT"":1229,""WOOL"":207}","{""BUY_ANIMAL:COW"":6,""BUY_ANIMAL:SHEEP"":8,""BUY_PRODUCT:WHEAT"":500,""BUY_SEED:CARROT"":16,""BUY_SEED:MELON"":20,""BUY_SEED:STRAWBERRY"":34,""BUY_SEED:WHEAT"":141}",277,2,"{""COW"":6,""SHEEP"":6}",{}
92971175,1,道海孤舟,tipstar0125,50391.0,80027.0,L,-29636.0,"[""YARN_STORE"",""BAKERY"",""BAKERY"",""BAKERY"",""PET_CAFE"",""FARMERS_MARKET"",""YARN_STORE"",""BRUNCH_SPOT""]",311,market,22,22,0,0,4750084d0f71023d,e005a8abbb639144,8288584f2403fe50,c73d913301f69f79,cb322ba031fe1281,"{""BUILD_PASTURE"":13,""CARE"":285,""COLLECT_FERTILIZER"":296,""DIG"":40,""DROP"":57,""EAST"":634,""FEED"":290,""FERTILIZE"":72,""HARVEST"":390,""NORTH"":838,""PASS"":994,""PICKUP"":135,""PLACE"":13,""PLANT"":199,""SOUTH"":553,""WATER"":1010,""WEST"":811}","{""FERTILIZER"":235,""MELON"":114,""MILK"":241,""STRAWBERRY"":286,""WHEAT"":455,""WOOL"":132}","{""BUY_ANIMAL:COW"":9,""BUY_ANIMAL:SHEEP"":4,""BUY_PRODUCT:WHEAT"":212,""BUY_SEED:MELON"":19,""BUY_SEED:STRAWBERRY"":37,""BUY_SEED:WHEAT"":148}",262,2,"{""COW"":9,""SHEEP"":4,""WHEAT"":1}",{}
92972119,0,道海孤舟,TAUIL Abd Elilah,118310.0,94635.0,W,23675.0,"[""ICE_CREAM_SHOP"",""BAKERY"",""BRUNCH_SPOT"",""PIZZA_SHOP"",""FARMERS_MARKET"",""SMOOTHIE_SHOP"",""ICE_CREAM_SHOP"",""ICE_CREAM_SHOP""]",86,hands,20,11,0,9,4750084d0f71023d,d3a990a2ec0cc5ac,37327192a901a52f,6ba4787d51cca337,3e542756176718f8,"{""BUILD_PASTURE"":13,""CARE"":285,""COLLECT_FERTILIZER"":296,""DIG"":42,""DROP"":57,""EAST"":634,""FEED"":290,""FERTILIZE"":72,""HARVEST"":390,""NORTH"":838,""PASS"":992,""PICKUP"":135,""PLACE"":13,""PLANT"":199,""SOUTH"":553,""WATER"":1010,""WEST"":811}","{""FERTILIZER"":235,""MELON"":114,""MILK"":241,""STRAWBERRY"":286,""WHEAT"":455,""WOOL"":132}","{""BUY_ANIMAL:COW"":9,""BUY_ANIMAL:SHEEP"":4,""BUY_PRODUCT:WHEAT"":212,""BUY_SEED:MELON"":19,""BUY_SEED:STRAWBERRY"":37,""BUY_SEED:WHEAT"":148}",262,2,"{""COW"":9,""SHEEP"":4,""WHEAT"":1}",{}
92972119,1,TAUIL Abd Elilah,道海孤舟,94635.0,118310.0,L,-23675.0,"[""ICE_CREAM_SHOP"",""BAKERY"",""BRUNCH_SPOT"",""PIZZA_SHOP"",""FARMERS_MARKET"",""SMOOTHIE_SHOP"",""ICE_CREAM_SHOP"",""ICE_CREAM_SHOP""]",0,market,715,403,497,680,1c979e74071bb1cd,4424a9834acd53d3,e95ee56f6b099ed9,7b27382782d93af1,4b41fbc27159199d,"{""BUILD_PASTURE"":14,""CARE"":308,""COLLECT_FERTILIZER"":292,""DIG"":31,""DROP"":42,""EAST"":652,""FEED"":303,""FERTILIZE"":84,""HARVEST"":347,""NORTH"":838,""PASS"":1006,""PICKUP"":143,""PLACE"":23,""PLANT"":169,""SOUTH"":522,""WATER"":893,""WEST"":901}","{""FERTILIZER"":215,""MELON"":144,""MILK"":213,""STRAWBERRY"":274,""WHEAT"":251,""WOOL"":142}","{""BUY_ANIMAL:COW"":8,""BUY_ANIMAL:SHEEP"":6,""BUY_PRODUCT:WHEAT"":269,""BUY_SEED:MELON"":24,""BUY_SEED:STRAWBERRY"":42,""BUY_SEED:WHEAT"":103}",259,2,"{""COW"":8,""SHEEP"":5,""WHEAT"":11}",{}
92973040,0,道海孤舟,GzmCR632,82001.0,72685.0,W,9316.0,"[""PET_CAFE"",""YARN_STORE"",""BRUNCH_SPOT"",""SMOOTHIE_SHOP"",""BRUNCH_SPOT"",""FARMERS_MARKET"",""PET_CAFE"",""BRUNCH_SPOT""]",311,market,15,15,0,0,4750084d0f71023d,e005a8abbb639144,8288584f2403fe50,c73d913301f69f79,f4f02abefc3f089d,"{""BUILD_PASTURE"":13,""CARE"":285,""COLLECT_FERTILIZER"":296,""DIG"":40,""DROP"":57,""EAST"":634,""FEED"":290,""FERTILIZE"":72,""HARVEST"":390,""NORTH"":838,""PASS"":994,""PICKUP"":135,""PLACE"":13,""PLANT"":199,""SOUTH"":553,""WATER"":1010,""WEST"":811}","{""FERTILIZER"":235,""MELON"":114,""MILK"":241,""STRAWBERRY"":286,""WHEAT"":455,""WOOL"":132}","{""BUY_ANIMAL:COW"":9,""BUY_ANIMAL:SHEEP"":4,""BUY_PRODUCT:WHEAT"":212,""BUY_SEED:MELON"":19,""BUY_SEED:STRAWBERRY"":37,""BUY_SEED:WHEAT"":148}",262,2,"{""COW"":9,""SHEEP"":4,""WHEAT"":1}",{}
92973040,1,GzmCR632,道海孤舟,72685.0,82001.0,L,-9316.0,"[""PET_CAFE"",""YARN_STORE"",""BRUNCH_SPOT"",""SMOOTHIE_SHOP"",""BRUNCH_SPOT"",""FARMERS_MARKET"",""PET_CAFE"",""BRUNCH_SPOT""]",0,market,719,482,637,689,b261ee061fd067f5,029eeaa7f131213a,eb7ad042a84c296a,1aa29b202857998f,849f9d22e14f9953,"{""BUILD_PASTURE"":14,""CARE"":322,""COLLECT_FERTILIZER"":314,""DIG"":44,""DROP"":106,""EAST"":740,""FEED"":314,""FERTILIZE"":80,""HARVEST"":374,""NORTH"":904,""PASS"":811,""PICKUP"":167,""PLACE"":14,""PLANT"":158,""SOUTH"":638,""WATER"":922,""WEST"":978}","{""FERTILIZER"":233,""MELON"":144,""MILK"":237,""STRAWBERRY"":313,""WHEAT"":828,""WOOL"":164}","{""BUY_ANIMAL:COW"":8,""BUY_ANIMAL:SHEEP"":6,""BUY_PRODUCT:WHEAT"":980,""BUY_SEED:MELON"":24,""BUY_SEED:STRAWBERRY"":42,""BUY_SEED:WHEAT"":92}",277,2,"{""COW"":8,""SHEEP"":6}",{}
92973981,0,道海孤舟,li jiaqi77,82941.0,61242.0,W,21699.0,"[""BRUNCH_SPOT"",""FARMERS_MARKET"",""PIZZA_SHOP"",""BRUNCH_SPOT"",""YARN_STORE"",""BAKERY"",""FARMERS_MARKET"",""BRUNCH_SPOT""]",212,hands,13,10,0,3,4750084d0f71023d,e005a8abbb639144,8288584f2403fe50,d10c8b6cbc726247,6fe95e701557db87,"{""BUILD_PASTURE"":13,""CARE"":285,""COLLECT_FERTILIZER"":296,""DIG"":41,""DROP"":57,""EAST"":634,""FEED"":290,""FERTILIZE"":72,""HARVEST"":390,""NORTH"":838,""PASS"":993,""PICKUP"":135,""PLACE"":13,""PLANT"":199,""SOUTH"":553,""WATER"":1010,""WEST"":811}","{""FERTILIZER"":235,""MELON"":114,""MILK"":241,""STRAWBERRY"":286,""WHEAT"":455,""WOOL"":132}","{""BUY_ANIMAL:COW"":9,""BUY_ANIMAL:SHEEP"":4,""BUY_PRODUCT:WHEAT"":212,""BUY_SEED:MELON"":19,""BUY_SEED:STRAWBERRY"":37,""BUY_SEED:WHEAT"":148}",262,2,"{""COW"":9,""SHEEP"":4,""WHEAT"":1}",{}
92973981,1,li jiaqi77,道海孤舟,61242.0,82941.0,L,-21699.0,"[""BRUNCH_SPOT"",""FARMERS_MARKET"",""PIZZA_SHOP"",""BRUNCH_SPOT"",""YARN_STORE"",""BAKERY"",""FARMERS_MARKET"",""BRUNCH_SPOT""]",0,market,719,482,637,689,b261ee061fd067f5,029eeaa7f131213a,eb7ad042a84c296a,8a36ebb102ea363e,201a7c2d51e50a30,"{""BUILD_PASTURE"":14,""CARE"":322,""COLLECT_FERTILIZER"":314,""DIG"":44,""DROP"":106,""EAST"":740,""FEED"":314,""FERTILIZE"":80,""HARVEST"":374,""NORTH"":904,""PASS"":811,""PICKUP"":167,""PLACE"":14,""PLANT"":158,""SOUTH"":638,""WATER"":922,""WEST"":978}","{""FERTILIZER"":233,""MELON"":144,""MILK"":237,""STRAWBERRY"":313,""WHEAT"":828,""WOOL"":164}","{""BUY_ANIMAL:COW"":8,""BUY_ANIMAL:SHEEP"":6,""BUY_PRODUCT:WHEAT"":980,""BUY_SEED:MELON"":24,""BUY_SEED:STRAWBERRY"":42,""BUY_SEED:WHEAT"":92}",277,2,"{""COW"":8,""SHEEP"":6}","{""FERTILIZER"":2}"
92974927,0,道海孤舟,Fitzcarraldo,101901.0,89220.0,W,12681.0,"[""YARN_STORE"",""BRUNCH_SPOT"",""BRUNCH_SPOT"",""FARMERS_MARKET"",""FARMERS_MARKET"",""FARMERS_MARKET"",""BAKERY"",""PET_CAFE""]",311,market,16,16,0,0,4750084d0f71023d,e005a8abbb639144,8288584f2403fe50,c73d913301f69f79,dca00cb08818c97e,"{""BUILD_PASTURE"":13,""CARE"":285,""COLLECT_FERTILIZER"":296,""DIG"":40,""DROP"":57,""EAST"":634,""FEED"":290,""FERTILIZE"":72,""HARVEST"":390,""NORTH"":838,""PASS"":994,""PICKUP"":135,""PLACE"":13,""PLANT"":199,""SOUTH"":553,""WATER"":1010,""WEST"":811}","{""FERTILIZER"":235,""MELON"":114,""MILK"":241,""STRAWBERRY"":286,""WHEAT"":455,""WOOL"":132}","{""BUY_ANIMAL:COW"":9,""BUY_ANIMAL:SHEEP"":4,""BUY_PRODUCT:WHEAT"":212,""BUY_SEED:MELON"":19,""BUY_SEED:STRAWBERRY"":37,""BUY_SEED:WHEAT"":148}",262,2,"{""COW"":9,""SHEEP"":4,""WHEAT"":1}",{}
92974927,1,Fitzcarraldo,道海孤舟,89220.0,101901.0,L,-12681.0,"[""YARN_STORE"",""BRUNCH_SPOT"",""BRUNCH_SPOT"",""FARMERS_MARKET"",""FARMERS_MARKET"",""FARMERS_MARKET"",""BAKERY"",""PET_CAFE""]",0,market,716,384,503,676,1c979e74071bb1cd,4424a9834acd53d3,e95ee56f6b099ed9,17bced3563177fe7,5a9ec6c7e68426d5,"{""BUILD_PASTURE"":14,""CARE"":308,""COLLECT_FERTILIZER"":294,""DIG"":29,""DROP"":51,""EAST"":650,""FEED"":304,""FERTILIZE"":84,""HARVEST"":354,""NORTH"":839,""PASS"":1003,""PICKUP"":147,""PLACE"":14,""PLANT"":175,""SOUTH"":515,""WATER"":915,""WEST"":895}","{""FERTILIZER"":210,""MELON"":144,""MILK"":213,""STRAWBERRY"":293,""WHEAT"":274,""WOOL"":152}","{""BUY_ANIMAL:COW"":8,""BUY_ANIMAL:SHEEP"":6,""BUY_PRODUCT:WHEAT"":264,""BUY_SEED:MELON"":24,""BUY_SEED:STRAWBERRY"":42,""BUY_SEED:WHEAT"":109}",260,2,"{""COW"":8,""SHEEP"":6,""WHEAT"":11}",{}
92975873,0,道海孤舟,Daniel Tomaro1,109369.0,100884.0,W,8485.0,"[""ICE_CREAM_SHOP"",""YARN_STORE"",""YARN_STORE"",""ICE_CREAM_SHOP"",""YARN_STORE"",""YARN_STORE"",""ICE_CREAM_SHOP"",""PIZZA_SHOP""]",311,market,13,13,0,0,4750084d0f71023d,e005a8abbb639144,8288584f2403fe50,ceba68f3aafc7076,1de281ea55fec4ea,"{""BUILD_PASTURE"":13,""CARE"":285,""COLLECT_FERTILIZER"":296,""DIG"":40,""DROP"":57,""EAST"":634,""FEED"":290,""FERTILIZE"":72,""HARVEST"":390,""NORTH"":838,""PASS"":994,""PICKUP"":135,""PLACE"":13,""PLANT"":199,""SOUTH"":553,""WATER"":1010,""WEST"":811}","{""FERTILIZER"":235,""MELON"":114,""MILK"":241,""STRAWBERRY"":286,""WHEAT"":455,""WOOL"":132}","{""BUY_ANIMAL:COW"":9,""BUY_ANIMAL:SHEEP"":4,""BUY_PRODUCT:WHEAT"":212,""BUY_SEED:MELON"":19,""BUY_SEED:STRAWBERRY"":37,""BUY_SEED:WHEAT"":148}",262,2,"{""COW"":8,""SHEEP"":3,""WHEAT"":1}",{}
92975873,1,Daniel Tomaro1,道海孤舟,100884.0,109369.0,L,-8485.0,"[""ICE_CREAM_SHOP"",""YARN_STORE"",""YARN_STORE"",""ICE_CREAM_SHOP"",""YARN_STORE"",""YARN_STORE"",""ICE_CREAM_SHOP"",""PIZZA_SHOP""]",0,"market,farmer",719,440,598,689,76247bf029424508,b34b58a9495557ea,5c5b3ec9bf34e22e,52a1252e850c406f,451e2c7d062499f2,"{""BUILD_PASTURE"":12,""CARE"":249,""COLLECT_FERTILIZER"":236,""DIG"":15,""DROP"":60,""EAST"":935,""FEED"":264,""FERTILIZE"":55,""HARVEST"":321,""NORTH"":1285,""PASS"":1605,""PICKUP"":134,""PLACE"":36,""PLANT"":131,""SOUTH"":883,""WATER"":816,""WEST"":1137}","{""CARROT"":43,""FERTILIZER"":181,""MELON"":119,""MILK"":126,""STRAWBERRY"":240,""WHEAT"":493,""WOOL"":194}","{""BUY_ANIMAL:COW"":4,""BUY_ANIMAL:SHEEP"":8,""BUY_PRODUCT:WHEAT"":569,""BUY_SEED:CARROT"":17,""BUY_SEED:MELON"":20,""BUY_SEED:STRAWBERRY"":38,""BUY_SEED:WHEAT"":83}",330,2,"{""COW"":4,""SHEEP"":8,""STRAWBERRY"":2}",{}
92976813,0,Anas Riaz,道海孤舟,75614.0,83203.0,L,-7589.0,"[""SMOOTHIE_SHOP"",""YARN_STORE"",""PET_CAFE"",""PET_CAFE"",""BRUNCH_SPOT"",""BRUNCH_SPOT"",""PET_CAFE"",""PET_CAFE""]",0,market,719,482,637,689,b261ee061fd067f5,029eeaa7f131213a,eb7ad042a84c296a,b55e59ab277a1757,348c01591b577dd0,"{""BUILD_PASTURE"":14,""CARE"":322,""COLLECT_FERTILIZER"":314,""DIG"":43,""DROP"":106,""EAST"":740,""FEED"":314,""FERTILIZE"":80,""HARVEST"":374,""NORTH"":904,""PASS"":812,""PICKUP"":167,""PLACE"":14,""PLANT"":158,""SOUTH"":638,""WATER"":922,""WEST"":978}","{""FERTILIZER"":233,""MELON"":144,""MILK"":237,""STRAWBERRY"":313,""WHEAT"":828,""WOOL"":164}","{""BUY_ANIMAL:COW"":8,""BUY_ANIMAL:SHEEP"":6,""BUY_PRODUCT:WHEAT"":980,""BUY_SEED:MELON"":24,""BUY_SEED:STRAWBERRY"":42,""BUY_SEED:WHEAT"":92}",277,2,"{""COW"":8,""SHEEP"":6}",{}
92976813,1,道海孤舟,Anas Riaz,83203.0,75614.0,W,7589.0,"[""SMOOTHIE_SHOP"",""YARN_STORE"",""PET_CAFE"",""PET_CAFE"",""BRUNCH_SPOT"",""BRUNCH_SPOT"",""PET_CAFE"",""PET_CAFE""]",206,hands,23,14,0,9,4750084d0f71023d,e005a8abbb639144,8288584f2403fe50,9491b1aea969d71b,f2d21a801dc770d8,"{""BUILD_PASTURE"":13,""CARE"":285,""COLLECT_FERTILIZER"":296,""DIG"":41,""DROP"":57,""EAST"":634,""FEED"":290,""FERTILIZE"":72,""HARVEST"":390,""NORTH"":838,""PASS"":993,""PICKUP"":135,""PLACE"":13,""PLANT"":199,""SOUTH"":553,""WATER"":1010,""WEST"":811}","{""FERTILIZER"":235,""MELON"":114,""MILK"":241,""STRAWBERRY"":286,""WHEAT"":455,""WOOL"":132}","{""BUY_ANIMAL:COW"":9,""BUY_ANIMAL:SHEEP"":4,""BUY_PRODUCT:WHEAT"":212,""BUY_SEED:MELON"":19,""BUY_SEED:STRAWBERRY"":37,""BUY_SEED:WHEAT"":148}",262,2,"{""COW"":9,""SHEEP"":4,""WHEAT"":1}",{}
92977749,0,oni chan arigato,道海孤舟,82679.0,94162.0,L,-11483.0,"[""YARN_STORE"",""FARMERS_MARKET"",""SMOOTHIE_SHOP"",""FARMERS_MARKET"",""YARN_STORE"",""YARN_STORE"",""ICE_CREAM_SHOP"",""YARN_STORE""]",0,market,717,380,497,677,1c979e74071bb1cd,4424a9834acd53d3,e95ee56f6b099ed9,76871bae94e0351b,f22676946c1ab72c,"{""BUILD_PASTURE"":14,""CARE"":308,""COLLECT_FERTILIZER"":296,""DIG"":27,""DROP"":56,""EAST"":655,""FEED"":300,""FERTILIZE"":84,""HARVEST"":360,""NORTH"":849,""PASS"":1010,""PICKUP"":145,""PLACE"":14,""PLANT"":174,""SOUTH"":513,""WATER"":925,""WEST"":923}","{""FERTILIZER"":212,""MELON"":144,""MILK"":214,""STRAWBERRY"":320,""WHEAT"":305,""WOOL"":148}","{""BUY_ANIMAL:COW"":8,""BUY_ANIMAL:SHEEP"":6,""BUY_PRODUCT:WHEAT"":266,""BUY_SEED:MELON"":24,""BUY_SEED:STRAWBERRY"":42,""BUY_SEED:WHEAT"":109}",263,2,"{""COW"":8,""SHEEP"":6,""WHEAT"":4}",{}
92977749,1,道海孤舟,oni chan arigato,94162.0,82679.0,W,11483.0,"[""YARN_STORE"",""FARMERS_MARKET"",""SMOOTHIE_SHOP"",""FARMERS_MARKET"",""YARN_STORE"",""YARN_STORE"",""ICE_CREAM_SHOP"",""YARN_STORE""]",311,market,13,13,0,0,4750084d0f71023d,e005a8abbb639144,8288584f2403fe50,332f7bac73b7ef0b,4f965fe73b2802ef,"{""BUILD_PASTURE"":13,""CARE"":285,""COLLECT_FERTILIZER"":296,""DIG"":40,""DROP"":57,""EAST"":634,""FEED"":290,""FERTILIZE"":72,""HARVEST"":390,""NORTH"":838,""PASS"":994,""PICKUP"":135,""PLACE"":13,""PLANT"":199,""SOUTH"":553,""WATER"":1010,""WEST"":811}","{""FERTILIZER"":235,""MELON"":114,""MILK"":241,""STRAWBERRY"":286,""WHEAT"":455,""WOOL"":132}","{""BUY_ANIMAL:COW"":9,""BUY_ANIMAL:SHEEP"":4,""BUY_PRODUCT:WHEAT"":212,""BUY_SEED:MELON"":19,""BUY_SEED:STRAWBERRY"":37,""BUY_SEED:WHEAT"":148}",262,2,"{""COW"":9,""SHEEP"":4,""WHEAT"":1}",{}
92978681,0,InformaBook2,道海孤舟,89045.0,73569.0,W,15476.0,"[""BRUNCH_SPOT"",""YARN_STORE"",""BRUNCH_SPOT"",""FARMERS_MARKET"",""YARN_STORE"",""YARN_STORE"",""YARN_STORE"",""PET_CAFE""]",0,market,662,314,243,560,a58bbe7f9d7949c7,f6692478d7dcba53,51963e86e1e5fc16,509584c041942509,fda638054d72b495,"{""BUILD_PASTURE"":13,""CARE"":957,""COLLECT_FERTILIZER"":300,""DIG"":41,""DROP"":70,""EAST"":652,""FEED"":290,""FERTILIZE"":72,""HARVEST"":390,""NORTH"":838,""PASS"":325,""PICKUP"":135,""PLACE"":13,""PLANT"":199,""SOUTH"":554,""WATER"":1010,""WEST"":813}","{""FERTILIZER"":302,""MELON"":126,""MILK"":329,""STRAWBERRY"":321,""WHEAT"":472,""WOOL"":162}","{""BUY_ANIMAL:COW"":8,""BUY_ANIMAL:SHEEP"":4,""BUY_PRODUCT:WHEAT"":189,""BUY_SEED:MELON"":20,""BUY_SEED:STRAWBERRY"":37,""BUY_SEED:WHEAT"":144}",264,2,"{""COW"":8,""SHEEP"":4,""WHEAT"":1}",{}
92978681,1,道海孤舟,InformaBook2,73569.0,89045.0,L,-15476.0,"[""BRUNCH_SPOT"",""YARN_STORE"",""BRUNCH_SPOT"",""FARMERS_MARKET"",""YARN_STORE"",""YARN_STORE"",""YARN_STORE"",""PET_CAFE""]",311,market,15,15,0,0,4750084d0f71023d,e005a8abbb639144,8288584f2403fe50,ff6d9c885f853d54,418b3ba3847171b5,"{""BUILD_PASTURE"":13,""CARE"":285,""COLLECT_FERTILIZER"":296,""DIG"":40,""DROP"":57,""EAST"":634,""FEED"":290,""FERTILIZE"":72,""HARVEST"":390,""NORTH"":838,""PASS"":994,""PICKUP"":135,""PLACE"":13,""PLANT"":199,""SOUTH"":553,""WATER"":1010,""WEST"":811}","{""FERTILIZER"":235,""MELON"":114,""MILK"":241,""STRAWBERRY"":286,""WHEAT"":455,""WOOL"":132}","{""BUY_ANIMAL:COW"":9,""BUY_ANIMAL:SHEEP"":4,""BUY_PRODUCT:WHEAT"":212,""BUY_SEED:MELON"":19,""BUY_SEED:STRAWBERRY"":37,""BUY_SEED:WHEAT"":148}",262,2,"{""COW"":8,""SHEEP"":3,""WHEAT"":1}",{}
92979615,0,道海孤舟,Dennis Gioche,70919.0,61013.0,W,9906.0,"[""PET_CAFE"",""PIZZA_SHOP"",""PET_CAFE"",""PIZZA_SHOP"",""SMOOTHIE_SHOP"",""PIZZA_SHOP"",""BRUNCH_SPOT"",""PIZZA_SHOP""]",312,market,17,17,0,0,4750084d0f71023d,e005a8abbb639144,8288584f2403fe50,dd553a5908f6f1ad,e4f8ea9ed846d784,"{""BUILD_PASTURE"":13,""CARE"":285,""COLLECT_FERTILIZER"":296,""DIG"":40,""DROP"":57,""EAST"":634,""FEED"":290,""FERTILIZE"":72,""HARVEST"":390,""NORTH"":838,""PASS"":994,""PICKUP"":135,""PLACE"":13,""PLANT"":199,""SOUTH"":553,""WATER"":1010,""WEST"":811}","{""FERTILIZER"":235,""MELON"":114,""MILK"":241,""STRAWBERRY"":286,""WHEAT"":455,""WOOL"":132}","{""BUY_ANIMAL:COW"":9,""BUY_ANIMAL:SHEEP"":4,""BUY_PRODUCT:WHEAT"":212,""BUY_SEED:MELON"":19,""BUY_SEED:STRAWBERRY"":37,""BUY_SEED:WHEAT"":148}",262,2,"{""COW"":7,""SHEEP"":3,""WHEAT"":1}",{}
92979615,1,Dennis Gioche,道海孤舟,61013.0,70919.0,L,-9906.0,"[""PET_CAFE"",""PIZZA_SHOP"",""PET_CAFE"",""PIZZA_SHOP"",""SMOOTHIE_SHOP"",""PIZZA_SHOP"",""BRUNCH_SPOT"",""PIZZA_SHOP""]",0,"market,farmer",719,452,651,688,96fae0817719455e,2dd76092229a05fe,81ccb940d9f2a67b,89c759db73a8bd99,b85d5250235ca752,"{""BUILD_PASTURE"":14,""CARE"":317,""COLLECT_FERTILIZER"":322,""DIG"":28,""DROP"":100,""EAST"":659,""FEED"":322,""FERTILIZE"":100,""HARVEST"":341,""NORTH"":1014,""PASS"":443,""PICKUP"":259,""PLACE"":14,""PLANT"":134,""SOUTH"":784,""WATER"":933,""WEST"":882}","{""FERTILIZER"":237,""MELON"":132,""MILK"":229,""STRAWBERRY"":267,""WHEAT"":190,""WOOL"":164}","{""BUY_ANIMAL:COW"":8,""BUY_ANIMAL:SHEEP"":6,""BUY_PRODUCT:FERTILIZER"":15,""BUY_PRODUCT:WHEAT"":275,""BUY_SEED:MELON"":26,""BUY_SEED:STRAWBERRY"":41,""BUY_SEED:WHEAT"":67}",275,2,"{""COW"":8,""SHEEP"":6,""STRAWBERRY"":5,""WHEAT"":6}",{}
92980531,0,Tutti,道海孤舟,36199.0,52127.0,L,-15928.0,"[""PET_CAFE"",""BAKERY"",""SMOOTHIE_SHOP"",""PET_CAFE"",""FARMERS_MARKET"",""BRUNCH_SPOT"",""ICE_CREAM_SHOP"",""PET_CAFE""]",0,market,717,380,497,677,1c979e74071bb1cd,4424a9834acd53d3,e95ee56f6b099ed9,9816d9e35bb57bdb,74e4357eb2cda873,"{""BUILD_PASTURE"":14,""CARE"":308,""COLLECT_FERTILIZER"":296,""DIG"":27,""DROP"":56,""EAST"":655,""FEED"":300,""FERTILIZE"":84,""HARVEST"":360,""NORTH"":849,""PASS"":1010,""PICKUP"":145,""PLACE"":14,""PLANT"":174,""SOUTH"":513,""WATER"":925,""WEST"":923}","{""FERTILIZER"":212,""MELON"":144,""MILK"":214,""STRAWBERRY"":320,""WHEAT"":305,""WOOL"":148}","{""BUY_ANIMAL:COW"":8,""BUY_ANIMAL:SHEEP"":6,""BUY_PRODUCT:WHEAT"":266,""BUY_SEED:MELON"":24,""BUY_SEED:STRAWBERRY"":42,""BUY_SEED:WHEAT"":109}",263,2,"{""COW"":8,""SHEEP"":6,""WHEAT"":4}",{}
92980531,1,道海孤舟,Tutti,52127.0,36199.0,W,15928.0,"[""PET_CAFE"",""BAKERY"",""SMOOTHIE_SHOP"",""PET_CAFE"",""FARMERS_MARKET"",""BRUNCH_SPOT"",""ICE_CREAM_SHOP"",""PET_CAFE""]",312,market,12,12,0,0,4750084d0f71023d,e005a8abbb639144,8288584f2403fe50,b8d13bf12e41bc80,edd545ba5c95b957,"{""BUILD_PASTURE"":13,""CARE"":285,""COLLECT_FERTILIZER"":296,""DIG"":40,""DROP"":57,""EAST"":634,""FEED"":290,""FERTILIZE"":72,""HARVEST"":390,""NORTH"":838,""PASS"":994,""PICKUP"":135,""PLACE"":13,""PLANT"":199,""SOUTH"":553,""WATER"":1010,""WEST"":811}","{""FERTILIZER"":235,""MELON"":114,""MILK"":241,""STRAWBERRY"":286,""WHEAT"":455,""WOOL"":132}","{""BUY_ANIMAL:COW"":9,""BUY_ANIMAL:SHEEP"":4,""BUY_PRODUCT:WHEAT"":212,""BUY_SEED:MELON"":19,""BUY_SEED:STRAWBERRY"":37,""BUY_SEED:WHEAT"":148}",262,2,"{""COW"":9,""SHEEP"":4,""WHEAT"":1}",{}
92980601,0,Yogesh Jadhav,道海孤舟,41952.0,55388.0,L,-13436.0,"[""PET_CAFE"",""BRUNCH_SPOT"",""BRUNCH_SPOT"",""PET_CAFE"",""PET_CAFE"",""YARN_STORE"",""PET_CAFE"",""BAKERY""]",0,market,716,382,496,677,1c979e74071bb1cd,4424a9834acd53d3,e95ee56f6b099ed9,848fc4c6a049645f,0514ba3fac196caf,"{""BUILD_PASTURE"":14,""CARE"":307,""COLLECT_FERTILIZER"":293,""DIG"":27,""DROP"":53,""EAST"":649,""FEED"":300,""FERTILIZE"":84,""HARVEST"":354,""NORTH"":841,""PASS"":1032,""PICKUP"":145,""PLACE"":14,""PLANT"":174,""SOUTH"":508,""WATER"":920,""WEST"":917}","{""FERTILIZER"":209,""MELON"":144,""MILK"":213,""STRAWBERRY"":295,""WHEAT"":290,""WOOL"":148}","{""BUY_ANIMAL:COW"":8,""BUY_ANIMAL:SHEEP"":6,""BUY_PRODUCT:WHEAT"":266,""BUY_SEED:MELON"":24,""BUY_SEED:STRAWBERRY"":42,""BUY_SEED:WHEAT"":109}",262,2,"{""COW"":8,""SHEEP"":6,""WHEAT"":9}",{}
92980601,1,道海孤舟,Yogesh Jadhav,55388.0,41952.0,W,13436.0,"[""PET_CAFE"",""BRUNCH_SPOT"",""BRUNCH_SPOT"",""PET_CAFE"",""PET_CAFE"",""YARN_STORE"",""PET_CAFE"",""BAKERY""]",312,market,15,15,0,0,4750084d0f71023d,e005a8abbb639144,8288584f2403fe50,b8d13bf12e41bc80,ff8371c407cb3dbe,"{""BUILD_PASTURE"":13,""CARE"":285,""COLLECT_FERTILIZER"":296,""DIG"":40,""DROP"":57,""EAST"":634,""FEED"":290,""FERTILIZE"":72,""HARVEST"":390,""NORTH"":838,""PASS"":994,""PICKUP"":135,""PLACE"":13,""PLANT"":199,""SOUTH"":553,""WATER"":1010,""WEST"":811}","{""FERTILIZER"":235,""MELON"":114,""MILK"":241,""STRAWBERRY"":286,""WHEAT"":455,""WOOL"":132}","{""BUY_ANIMAL:COW"":9,""BUY_ANIMAL:SHEEP"":4,""BUY_PRODUCT:WHEAT"":212,""BUY_SEED:MELON"":19,""BUY_SEED:STRAWBERRY"":37,""BUY_SEED:WHEAT"":148}",262,2,"{""COW"":9,""SHEEP"":4,""WHEAT"":1}",{}
92981479,0,Hamza Kanice,道海孤舟,100558.0,113364.0,L,-12806.0,"[""FARMERS_MARKET"",""PIZZA_SHOP"",""FARMERS_MARKET"",""ICE_CREAM_SHOP"",""FARMERS_MARKET"",""ICE_CREAM_SHOP"",""YARN_STORE"",""ICE_CREAM_SHOP""]",0,market,718,411,519,684,a4b2d624be2af2d7,285ad45917374dfd,c6e81122133ab8bf,8f621408d25dcdbe,f7492d64b20e7b86,"{""BUILD_PASTURE"":14,""CARE"":308,""COLLECT_FERTILIZER"":379,""DIG"":33,""DROP"":47,""EAST"":652,""FEED"":303,""FERTILIZE"":84,""HARVEST"":347,""NORTH"":838,""PASS"":913,""PICKUP"":143,""PLACE"":17,""PLANT"":169,""SOUTH"":525,""WATER"":893,""WEST"":903}","{""FERTILIZER"":212,""MELON"":144,""MILK"":223,""STRAWBERRY"":360,""WHEAT"":282,""WOOL"":148}","{""BUY_ANIMAL:COW"":8,""BUY_ANIMAL:SHEEP"":6,""BUY_PRODUCT:WHEAT"":299,""BUY_SEED:MELON"":24,""BUY_SEED:STRAWBERRY"":42,""BUY_SEED:WHEAT"":103}",259,2,"{""COW"":8,""SHEEP"":6,""WHEAT"":11}",{}
92981479,1,道海孤舟,Hamza Kanice,113364.0,100558.0,W,12806.0,"[""FARMERS_MARKET"",""PIZZA_SHOP"",""FARMERS_MARKET"",""ICE_CREAM_SHOP"",""FARMERS_MARKET"",""ICE_CREAM_SHOP"",""YARN_STORE"",""ICE_CREAM_SHOP""]",312,market,11,11,0,0,4750084d0f71023d,e005a8abbb639144,8288584f2403fe50,b8d13bf12e41bc80,4a927b82b12da136,"{""BUILD_PASTURE"":13,""CARE"":285,""COLLECT_FERTILIZER"":296,""DIG"":40,""DROP"":57,""EAST"":634,""FEED"":290,""FERTILIZE"":72,""HARVEST"":390,""NORTH"":838,""PASS"":994,""PICKUP"":135,""PLACE"":13,""PLANT"":199,""SOUTH"":553,""WATER"":1010,""WEST"":811}","{""FERTILIZER"":235,""MELON"":114,""MILK"":241,""STRAWBERRY"":286,""WHEAT"":455,""WOOL"":132}","{""BUY_ANIMAL:COW"":9,""BUY_ANIMAL:SHEEP"":4,""BUY_PRODUCT:WHEAT"":212,""BUY_SEED:MELON"":19,""BUY_SEED:STRAWBERRY"":37,""BUY_SEED:WHEAT"":148}",262,2,"{""COW"":9,""SHEEP"":4,""WHEAT"":1}",{}
92982410,0,道海孤舟,Lester Leong,93802.0,82519.0,W,11283.0,"[""PIZZA_SHOP"",""PIZZA_SHOP"",""BAKERY"",""ICE_CREAM_SHOP"",""YARN_STORE"",""BRUNCH_SPOT"",""FARMERS_MARKET"",""SMOOTHIE_SHOP""]",216,market,19,19,0,0,4750084d0f71023d,e005a8abbb639144,8288584f2403fe50,4191cb43073e0ded,bc24923dfcdee64e,"{""BUILD_PASTURE"":13,""CARE"":285,""COLLECT_FERTILIZER"":296,""DIG"":40,""DROP"":57,""EAST"":634,""FEED"":290,""FERTILIZE"":72,""HARVEST"":390,""NORTH"":838,""PASS"":994,""PICKUP"":135,""PLACE"":13,""PLANT"":199,""SOUTH"":553,""WATER"":1010,""WEST"":811}","{""FERTILIZER"":235,""MELON"":114,""MILK"":241,""STRAWBERRY"":286,""WHEAT"":455,""WOOL"":132}","{""BUY_ANIMAL:COW"":9,""BUY_ANIMAL:SHEEP"":4,""BUY_PRODUCT:WHEAT"":212,""BUY_SEED:MELON"":19,""BUY_SEED:STRAWBERRY"":37,""BUY_SEED:WHEAT"":148}",262,2,"{""COW"":9,""SHEEP"":4,""WHEAT"":1}",{}
92982410,1,Lester Leong,道海孤舟,82519.0,93802.0,L,-11283.0,"[""PIZZA_SHOP"",""PIZZA_SHOP"",""BAKERY"",""ICE_CREAM_SHOP"",""YARN_STORE"",""BRUNCH_SPOT"",""FARMERS_MARKET"",""SMOOTHIE_SHOP""]",0,market,717,380,497,677,1c979e74071bb1cd,4424a9834acd53d3,e95ee56f6b099ed9,be7091e5f01dba66,2da654febb9e981f,"{""BUILD_PASTURE"":14,""CARE"":308,""COLLECT_FERTILIZER"":296,""DIG"":27,""DROP"":56,""EAST"":655,""FEED"":300,""FERTILIZE"":84,""HARVEST"":360,""NORTH"":849,""PASS"":1010,""PICKUP"":145,""PLACE"":14,""PLANT"":174,""SOUTH"":513,""WATER"":925,""WEST"":923}","{""FERTILIZER"":212,""MELON"":144,""MILK"":214,""STRAWBERRY"":320,""WHEAT"":305,""WOOL"":148}","{""BUY_ANIMAL:COW"":8,""BUY_ANIMAL:SHEEP"":6,""BUY_PRODUCT:WHEAT"":266,""BUY_SEED:MELON"":24,""BUY_SEED:STRAWBERRY"":42,""BUY_SEED:WHEAT"":109}",263,2,"{""COW"":8,""SHEEP"":6,""WHEAT"":4}",{}
92983351,0,道海孤舟,Sai Teja Bandaru,101475.0,74370.0,W,27105.0,"[""FARMERS_MARKET"",""BRUNCH_SPOT"",""YARN_STORE"",""PET_CAFE"",""SMOOTHIE_SHOP"",""FARMERS_MARKET"",""PET_CAFE"",""BRUNCH_SPOT""]",311,market,12,12,0,0,4750084d0f71023d,e005a8abbb639144,8288584f2403fe50,9d0cce41985fe290,dfb0d07cde742d1d,"{""BUILD_PASTURE"":13,""CARE"":285,""COLLECT_FERTILIZER"":296,""DIG"":40,""DROP"":57,""EAST"":634,""FEED"":290,""FERTILIZE"":72,""HARVEST"":390,""NORTH"":838,""PASS"":994,""PICKUP"":135,""PLACE"":13,""PLANT"":199,""SOUTH"":553,""WATER"":1010,""WEST"":811}","{""FERTILIZER"":235,""MELON"":114,""MILK"":241,""STRAWBERRY"":286,""WHEAT"":455,""WOOL"":132}","{""BUY_ANIMAL:COW"":9,""BUY_ANIMAL:SHEEP"":4,""BUY_PRODUCT:WHEAT"":212,""BUY_SEED:MELON"":19,""BUY_SEED:STRAWBERRY"":37,""BUY_SEED:WHEAT"":148}",262,2,"{""COW"":9,""SHEEP"":4,""WHEAT"":1}",{}
92983351,1,Sai Teja Bandaru,道海孤舟,74370.0,101475.0,L,-27105.0,"[""FARMERS_MARKET"",""BRUNCH_SPOT"",""YARN_STORE"",""PET_CAFE"",""SMOOTHIE_SHOP"",""FARMERS_MARKET"",""PET_CAFE"",""BRUNCH_SPOT""]",0,market,531,222,267,493,cac476d45c20d4d1,193a01506d3be711,7bd905e5be79d9b6,ff9b8a6e91d11251,f9a024acbf7295e6,"{""BUILD_PASTURE"":14,""CARE"":302,""COLLECT_FERTILIZER"":317,""DIG"":43,""DROP"":57,""EAST"":618,""FEED"":303,""FERTILIZE"":70,""HARVEST"":388,""NORTH"":914,""PASS"":1144,""PICKUP"":157,""PLACE"":14,""PLANT"":200,""SOUTH"":579,""WATER"":1004,""WEST"":897}","{""FERTILIZER"":247,""MELON"":114,""MILK"":222,""STRAWBERRY"":277,""WHEAT"":451,""WOOL"":143}","{""BUY_ANIMAL:COW"":9,""BUY_ANIMAL:SHEEP"":5,""BUY_PRODUCT:WHEAT"":242,""BUY_SEED:MELON"":19,""BUY_SEED:STRAWBERRY"":37,""BUY_SEED:WHEAT"":145}",280,2,"{""COW"":7,""SHEEP"":4,""WHEAT"":3}","{""WHEAT"":16}"
92984293,0,elegantangel (628700),道海孤舟,122841.0,135243.0,L,-12402.0,"[""ICE_CREAM_SHOP"",""ICE_CREAM_SHOP"",""BRUNCH_SPOT"",""PET_CAFE"",""ICE_CREAM_SHOP"",""BRUNCH_SPOT"",""PET_CAFE"",""YARN_STORE""]",0,market,717,380,497,677,1c979e74071bb1cd,4424a9834acd53d3,e95ee56f6b099ed9,9816d9e35bb57bdb,7d45c1da3240dbae,"{""BUILD_PASTURE"":14,""CARE"":308,""COLLECT_FERTILIZER"":296,""DIG"":27,""DROP"":56,""EAST"":655,""FEED"":300,""FERTILIZE"":84,""HARVEST"":360,""NORTH"":849,""PASS"":1010,""PICKUP"":145,""PLACE"":14,""PLANT"":174,""SOUTH"":513,""WATER"":925,""WEST"":923}","{""FERTILIZER"":212,""MELON"":144,""MILK"":214,""STRAWBERRY"":320,""WHEAT"":305,""WOOL"":148}","{""BUY_ANIMAL:COW"":8,""BUY_ANIMAL:SHEEP"":6,""BUY_PRODUCT:WHEAT"":266,""BUY_SEED:MELON"":24,""BUY_SEED:STRAWBERRY"":42,""BUY_SEED:WHEAT"":109}",263,2,"{""COW"":8,""SHEEP"":6,""WHEAT"":4}",{}
92984293,1,道海孤舟,elegantangel (628700),135243.0,122841.0,W,12402.0,"[""ICE_CREAM_SHOP"",""ICE_CREAM_SHOP"",""BRUNCH_SPOT"",""PET_CAFE"",""ICE_CREAM_SHOP"",""BRUNCH_SPOT"",""PET_CAFE"",""YARN_STORE""]",216,market,13,13,0,0,4750084d0f71023d,e005a8abbb639144,8288584f2403fe50,8ec6dcb31c6c8cb9,ce03993343cb0f9c,"{""BUILD_PASTURE"":13,""CARE"":285,""COLLECT_FERTILIZER"":296,""DIG"":40,""DROP"":57,""EAST"":634,""FEED"":290,""FERTILIZE"":72,""HARVEST"":390,""NORTH"":838,""PASS"":994,""PICKUP"":135,""PLACE"":13,""PLANT"":199,""SOUTH"":553,""WATER"":1010,""WEST"":811}","{""FERTILIZER"":235,""MELON"":114,""MILK"":241,""STRAWBERRY"":286,""WHEAT"":455,""WOOL"":132}","{""BUY_ANIMAL:COW"":9,""BUY_ANIMAL:SHEEP"":4,""BUY_PRODUCT:WHEAT"":212,""BUY_SEED:MELON"":19,""BUY_SEED:STRAWBERRY"":37,""BUY_SEED:WHEAT"":148}",262,2,"{""COW"":9,""SHEEP"":4,""WHEAT"":1}",{}
92984546,0,道海孤舟,Kazuta MIZUTA,66802.0,59976.0,W,6826.0,"[""PIZZA_SHOP"",""BAKERY"",""YARN_STORE"",""BAKERY"",""PIZZA_SHOP"",""PET_CAFE"",""BAKERY"",""SMOOTHIE_SHOP""]",311,market,15,15,0,0,4750084d0f71023d,e005a8abbb639144,8288584f2403fe50,b3cf7b7a65f2a4a7,69693c961bd98445,"{""BUILD_PASTURE"":13,""CARE"":285,""COLLECT_FERTILIZER"":296,""DIG"":40,""DROP"":57,""EAST"":634,""FEED"":290,""FERTILIZE"":72,""HARVEST"":390,""NORTH"":838,""PASS"":994,""PICKUP"":135,""PLACE"":13,""PLANT"":199,""SOUTH"":553,""WATER"":1010,""WEST"":811}","{""FERTILIZER"":235,""MELON"":114,""MILK"":241,""STRAWBERRY"":286,""WHEAT"":455,""WOOL"":132}","{""BUY_ANIMAL:COW"":9,""BUY_ANIMAL:SHEEP"":4,""BUY_PRODUCT:WHEAT"":212,""BUY_SEED:MELON"":19,""BUY_SEED:STRAWBERRY"":37,""BUY_SEED:WHEAT"":148}",262,2,"{""COW"":9,""SHEEP"":4,""WHEAT"":1}",{}
92984546,1,Kazuta MIZUTA,道海孤舟,59976.0,66802.0,L,-6826.0,"[""PIZZA_SHOP"",""BAKERY"",""YARN_STORE"",""BAKERY"",""PIZZA_SHOP"",""PET_CAFE"",""BAKERY"",""SMOOTHIE_SHOP""]",0,market,719,482,637,689,b261ee061fd067f5,029eeaa7f131213a,eb7ad042a84c296a,16ad8871f843aaf2,0e95ceb4bd1aab1c,"{""BUILD_PASTURE"":14,""CARE"":322,""COLLECT_FERTILIZER"":314,""DIG"":43,""DROP"":106,""EAST"":740,""FEED"":314,""FERTILIZE"":80,""HARVEST"":374,""NORTH"":904,""PASS"":812,""PICKUP"":167,""PLACE"":14,""PLANT"":158,""SOUTH"":638,""WATER"":922,""WEST"":978}","{""FERTILIZER"":233,""MELON"":144,""MILK"":237,""STRAWBERRY"":313,""WHEAT"":828,""WOOL"":164}","{""BUY_ANIMAL:COW"":8,""BUY_ANIMAL:SHEEP"":6,""BUY_PRODUCT:WHEAT"":980,""BUY_SEED:MELON"":24,""BUY_SEED:STRAWBERRY"":42,""BUY_SEED:WHEAT"":92}",277,2,"{""COW"":8,""SHEEP"":6}","{""FERTILIZER"":2}"
92985226,0,道海孤舟,Chirantan Bhardwaj,60324.0,44857.0,W,15467.0,"[""SMOOTHIE_SHOP"",""PET_CAFE"",""PET_CAFE"",""BAKERY"",""PET_CAFE"",""ICE_CREAM_SHOP"",""YARN_STORE"",""PET_CAFE""]",216,market,15,15,0,0,4750084d0f71023d,e005a8abbb639144,8288584f2403fe50,8ec6dcb31c6c8cb9,8b1a943d3b4aa5c8,"{""BUILD_PASTURE"":13,""CARE"":285,""COLLECT_FERTILIZER"":296,""DIG"":40,""DROP"":57,""EAST"":634,""FEED"":290,""FERTILIZE"":72,""HARVEST"":390,""NORTH"":838,""PASS"":994,""PICKUP"":135,""PLACE"":13,""PLANT"":199,""SOUTH"":553,""WATER"":1010,""WEST"":811}","{""FERTILIZER"":235,""MELON"":114,""MILK"":241,""STRAWBERRY"":286,""WHEAT"":455,""WOOL"":132}","{""BUY_ANIMAL:COW"":9,""BUY_ANIMAL:SHEEP"":4,""BUY_PRODUCT:WHEAT"":212,""BUY_SEED:MELON"":19,""BUY_SEED:STRAWBERRY"":37,""BUY_SEED:WHEAT"":148}",262,2,"{""COW"":9,""SHEEP"":4,""WHEAT"":1}",{}
92985226,1,Chirantan Bhardwaj,道海孤舟,44857.0,60324.0,L,-15467.0,"[""SMOOTHIE_SHOP"",""PET_CAFE"",""PET_CAFE"",""BAKERY"",""PET_CAFE"",""ICE_CREAM_SHOP"",""YARN_STORE"",""PET_CAFE""]",0,market,716,382,496,677,1c979e74071bb1cd,4424a9834acd53d3,e95ee56f6b099ed9,17bced3563177fe7,df95e93cd4c3f407,"{""BUILD_PASTURE"":14,""CARE"":307,""COLLECT_FERTILIZER"":293,""DIG"":27,""DROP"":53,""EAST"":649,""FEED"":300,""FERTILIZE"":84,""HARVEST"":354,""NORTH"":841,""PASS"":1032,""PICKUP"":145,""PLACE"":14,""PLANT"":174,""SOUTH"":508,""WATER"":920,""WEST"":917}","{""FERTILIZER"":209,""MELON"":144,""MILK"":213,""STRAWBERRY"":295,""WHEAT"":290,""WOOL"":148}","{""BUY_ANIMAL:COW"":8,""BUY_ANIMAL:SHEEP"":6,""BUY_PRODUCT:WHEAT"":266,""BUY_SEED:MELON"":24,""BUY_SEED:STRAWBERRY"":42,""BUY_SEED:WHEAT"":109}",262,2,"{""COW"":8,""SHEEP"":6,""WHEAT"":9}",{}
92986205,0,道海孤舟,navazsh fathi,143802.0,129900.0,W,13902.0,"[""ICE_CREAM_SHOP"",""ICE_CREAM_SHOP"",""ICE_CREAM_SHOP"",""BAKERY"",""ICE_CREAM_SHOP"",""PIZZA_SHOP"",""YARN_STORE"",""ICE_CREAM_SHOP""]",216,market,17,17,0,0,4750084d0f71023d,e005a8abbb639144,8288584f2403fe50,8ec6dcb31c6c8cb9,3156cf2d9aa8a828,"{""BUILD_PASTURE"":13,""CARE"":285,""COLLECT_FERTILIZER"":296,""DIG"":40,""DROP"":57,""EAST"":634,""FEED"":290,""FERTILIZE"":72,""HARVEST"":390,""NORTH"":838,""PASS"":994,""PICKUP"":135,""PLACE"":13,""PLANT"":199,""SOUTH"":553,""WATER"":1010,""WEST"":811}","{""FERTILIZER"":235,""MELON"":114,""MILK"":241,""STRAWBERRY"":286,""WHEAT"":455,""WOOL"":132}","{""BUY_ANIMAL:COW"":9,""BUY_ANIMAL:SHEEP"":4,""BUY_PRODUCT:WHEAT"":212,""BUY_SEED:MELON"":19,""BUY_SEED:STRAWBERRY"":37,""BUY_SEED:WHEAT"":148}",262,2,"{""COW"":9,""SHEEP"":4,""WHEAT"":1}",{}
92986205,1,navazsh fathi,道海孤舟,129900.0,143802.0,L,-13902.0,"[""ICE_CREAM_SHOP"",""ICE_CREAM_SHOP"",""ICE_CREAM_SHOP"",""BAKERY"",""ICE_CREAM_SHOP"",""PIZZA_SHOP"",""YARN_STORE"",""ICE_CREAM_SHOP""]",0,market,717,380,497,677,1c979e74071bb1cd,4424a9834acd53d3,e95ee56f6b099ed9,9816d9e35bb57bdb,c3ad2e924aac5337,"{""BUILD_PASTURE"":14,""CARE"":308,""COLLECT_FERTILIZER"":296,""DIG"":27,""DROP"":56,""EAST"":655,""FEED"":300,""FERTILIZE"":84,""HARVEST"":360,""NORTH"":849,""PASS"":1010,""PICKUP"":145,""PLACE"":14,""PLANT"":174,""SOUTH"":513,""WATER"":925,""WEST"":923}","{""FERTILIZER"":212,""MELON"":144,""MILK"":214,""STRAWBERRY"":320,""WHEAT"":305,""WOOL"":148}","{""BUY_ANIMAL:COW"":8,""BUY_ANIMAL:SHEEP"":6,""BUY_PRODUCT:WHEAT"":266,""BUY_SEED:MELON"":24,""BUY_SEED:STRAWBERRY"":42,""BUY_SEED:WHEAT"":109}",263,2,"{""COW"":8,""SHEEP"":6,""WHEAT"":4}",{}
92987093,0,X-xuhui,道海孤舟,51616.0,63625.0,L,-12009.0,"[""BAKERY"",""PIZZA_SHOP"",""FARMERS_MARKET"",""YARN_STORE"",""PET_CAFE"",""FARMERS_MARKET"",""BAKERY"",""PIZZA_SHOP""]",0,market,717,381,497,677,1c979e74071bb1cd,4424a9834acd53d3,e95ee56f6b099ed9,4f1adf2f42834852,87c428d8293834db,"{""BUILD_PASTURE"":14,""CARE"":309,""COLLECT_FERTILIZER"":296,""DIG"":27,""DROP"":56,""EAST"":655,""FEED"":300,""FERTILIZE"":84,""HARVEST"":360,""NORTH"":849,""PASS"":1006,""PICKUP"":145,""PLACE"":14,""PLANT"":174,""SOUTH"":513,""WATER"":928,""WEST"":923}","{""FERTILIZER"":212,""MELON"":144,""MILK"":213,""STRAWBERRY"":295,""WHEAT"":301,""WOOL"":148}","{""BUY_ANIMAL:COW"":8,""BUY_ANIMAL:SHEEP"":6,""BUY_PRODUCT:WHEAT"":266,""BUY_SEED:MELON"":24,""BUY_SEED:STRAWBERRY"":42,""BUY_SEED:WHEAT"":109}",263,2,"{""COW"":8,""SHEEP"":6,""WHEAT"":4}",{}
92987093,1,道海孤舟,X-xuhui,63625.0,51616.0,W,12009.0,"[""BAKERY"",""PIZZA_SHOP"",""FARMERS_MARKET"",""YARN_STORE"",""PET_CAFE"",""FARMERS_MARKET"",""BAKERY"",""PIZZA_SHOP""]",312,market,14,14,0,0,4750084d0f71023d,e005a8abbb639144,8288584f2403fe50,3d0f7ea5be5d82f5,d47feb9ece7503c8,"{""BUILD_PASTURE"":13,""CARE"":285,""COLLECT_FERTILIZER"":296,""DIG"":40,""DROP"":57,""EAST"":634,""FEED"":290,""FERTILIZE"":72,""HARVEST"":390,""NORTH"":838,""PASS"":994,""PICKUP"":135,""PLACE"":13,""PLANT"":199,""SOUTH"":553,""WATER"":1010,""WEST"":811}","{""FERTILIZER"":235,""MELON"":114,""MILK"":241,""STRAWBERRY"":286,""WHEAT"":455,""WOOL"":132}","{""BUY_ANIMAL:COW"":9,""BUY_ANIMAL:SHEEP"":4,""BUY_PRODUCT:WHEAT"":212,""BUY_SEED:MELON"":19,""BUY_SEED:STRAWBERRY"":37,""BUY_SEED:WHEAT"":148}",262,2,"{""COW"":9,""SHEEP"":4,""WHEAT"":1}",{}
92988024,0,Nguyễn Hữu Công,道海孤舟,99566.0,120972.0,L,-21406.0,"[""BAKERY"",""ICE_CREAM_SHOP"",""SMOOTHIE_SHOP"",""SMOOTHIE_SHOP"",""PIZZA_SHOP"",""BRUNCH_SPOT"",""SMOOTHIE_SHOP"",""YARN_STORE""]",0,market,719,482,637,689,b261ee061fd067f5,029eeaa7f131213a,eb7ad042a84c296a,7f0212f5776c7af6,34eba2fe5a2f5b5e,"{""BUILD_PASTURE"":14,""CARE"":322,""COLLECT_FERTILIZER"":314,""DIG"":43,""DROP"":106,""EAST"":740,""FEED"":314,""FERTILIZE"":80,""HARVEST"":374,""NORTH"":904,""PASS"":812,""PICKUP"":167,""PLACE"":14,""PLANT"":158,""SOUTH"":638,""WATER"":922,""WEST"":978}","{""FERTILIZER"":233,""MELON"":144,""MILK"":237,""STRAWBERRY"":313,""WHEAT"":828,""WOOL"":164}","{""BUY_ANIMAL:COW"":8,""BUY_ANIMAL:SHEEP"":6,""BUY_PRODUCT:WHEAT"":980,""BUY_SEED:MELON"":24,""BUY_SEED:STRAWBERRY"":42,""BUY_SEED:WHEAT"":92}",277,2,"{""COW"":8,""SHEEP"":6}","{""FERTILIZER"":2}"
92988024,1,道海孤舟,Nguyễn Hữu Công,120972.0,99566.0,W,21406.0,"[""BAKERY"",""ICE_CREAM_SHOP"",""SMOOTHIE_SHOP"",""SMOOTHIE_SHOP"",""PIZZA_SHOP"",""BRUNCH_SPOT"",""SMOOTHIE_SHOP"",""YARN_STORE""]",312,market,12,12,0,0,4750084d0f71023d,e005a8abbb639144,8288584f2403fe50,b8d13bf12e41bc80,91849308b8bd85b5,"{""BUILD_PASTURE"":13,""CARE"":285,""COLLECT_FERTILIZER"":296,""DIG"":40,""DROP"":57,""EAST"":634,""FEED"":290,""FERTILIZE"":72,""HARVEST"":390,""NORTH"":838,""PASS"":994,""PICKUP"":135,""PLACE"":13,""PLANT"":199,""SOUTH"":553,""WATER"":1010,""WEST"":811}","{""FERTILIZER"":235,""MELON"":114,""MILK"":241,""STRAWBERRY"":286,""WHEAT"":455,""WOOL"":132}","{""BUY_ANIMAL:COW"":9,""BUY_ANIMAL:SHEEP"":4,""BUY_PRODUCT:WHEAT"":212,""BUY_SEED:MELON"":19,""BUY_SEED:STRAWBERRY"":37,""BUY_SEED:WHEAT"":148}",262,2,"{""COW"":9,""SHEEP"":4,""WHEAT"":1}",{}
92988954,0,MYOUCER,道海孤舟,45826.0,58404.0,L,-12578.0,"[""BAKERY"",""BAKERY"",""PIZZA_SHOP"",""YARN_STORE"",""FARMERS_MARKET"",""PET_CAFE"",""BRUNCH_SPOT"",""BRUNCH_SPOT""]",0,market,523,222,267,485,cac476d45c20d4d1,ee824f1c02a45c08,35d1b2e14be3112b,df86395f0bd72c67,19d3e0a7bde87046,"{""BUILD_PASTURE"":14,""CARE"":302,""COLLECT_FERTILIZER"":317,""DIG"":43,""DROP"":57,""EAST"":618,""FEED"":303,""FERTILIZE"":70,""HARVEST"":388,""NORTH"":914,""PASS"":1144,""PICKUP"":157,""PLACE"":14,""PLANT"":200,""SOUTH"":579,""WATER"":1004,""WEST"":897}","{""FERTILIZER"":247,""MELON"":114,""MILK"":222,""STRAWBERRY"":277,""WHEAT"":451,""WOOL"":143}","{""BUY_ANIMAL:COW"":9,""BUY_ANIMAL:SHEEP"":5,""BUY_PRODUCT:WHEAT"":242,""BUY_SEED:MELON"":19,""BUY_SEED:STRAWBERRY"":37,""BUY_SEED:WHEAT"":145}",280,2,"{""COW"":6,""SHEEP"":4,""WHEAT"":3}","{""WHEAT"":20}"
92988954,1,道海孤舟,MYOUCER,58404.0,45826.0,W,12578.0,"[""BAKERY"",""BAKERY"",""PIZZA_SHOP"",""YARN_STORE"",""FARMERS_MARKET"",""PET_CAFE"",""BRUNCH_SPOT"",""BRUNCH_SPOT""]",312,market,14,14,0,0,4750084d0f71023d,e005a8abbb639144,8288584f2403fe50,f1088f32acaea813,6723d059a3d8f054,"{""BUILD_PASTURE"":13,""CARE"":285,""COLLECT_FERTILIZER"":296,""DIG"":40,""DROP"":57,""EAST"":634,""FEED"":290,""FERTILIZE"":72,""HARVEST"":390,""NORTH"":838,""PASS"":994,""PICKUP"":135,""PLACE"":13,""PLANT"":199,""SOUTH"":553,""WATER"":1010,""WEST"":811}","{""FERTILIZER"":235,""MELON"":114,""MILK"":241,""STRAWBERRY"":286,""WHEAT"":455,""WOOL"":132}","{""BUY_ANIMAL:COW"":9,""BUY_ANIMAL:SHEEP"":4,""BUY_PRODUCT:WHEAT"":212,""BUY_SEED:MELON"":19,""BUY_SEED:STRAWBERRY"":37,""BUY_SEED:WHEAT"":148}",262,2,"{""COW"":9,""SHEEP"":4,""WHEAT"":1}",{}
92989885,0,Aberrchan,道海孤舟,84277.0,95732.0,L,-11455.0,"[""FARMERS_MARKET"",""ICE_CREAM_SHOP"",""YARN_STORE"",""YARN_STORE"",""PET_CAFE"",""BRUNCH_SPOT"",""BRUNCH_SPOT"",""PIZZA_SHOP""]",0,market,717,380,497,677,1c979e74071bb1cd,4424a9834acd53d3,e95ee56f6b099ed9,76871bae94e0351b,8668ba8bf4ff4ccc,"{""BUILD_PASTURE"":14,""CARE"":308,""COLLECT_FERTILIZER"":296,""DIG"":27,""DROP"":56,""EAST"":655,""FEED"":300,""FERTILIZE"":84,""HARVEST"":360,""NORTH"":849,""PASS"":1010,""PICKUP"":145,""PLACE"":14,""PLANT"":174,""SOUTH"":513,""WATER"":925,""WEST"":923}","{""FERTILIZER"":212,""MELON"":144,""MILK"":214,""STRAWBERRY"":320,""WHEAT"":305,""WOOL"":148}","{""BUY_ANIMAL:COW"":8,""BUY_ANIMAL:SHEEP"":6,""BUY_PRODUCT:WHEAT"":266,""BUY_SEED:MELON"":24,""BUY_SEED:STRAWBERRY"":42,""BUY_SEED:WHEAT"":109}",263,2,"{""COW"":8,""SHEEP"":6,""WHEAT"":4}",{}
92989885,1,道海孤舟,Aberrchan,95732.0,84277.0,W,11455.0,"[""FARMERS_MARKET"",""ICE_CREAM_SHOP"",""YARN_STORE"",""YARN_STORE"",""PET_CAFE"",""BRUNCH_SPOT"",""BRUNCH_SPOT"",""PIZZA_SHOP""]",128,farmer,21,13,8,0,4750084d0f71023d,e005a8abbb639144,8ec9c9852b7fab53,e63889a7730e212c,d576cae05dd11df2,"{""BUILD_PASTURE"":13,""CARE"":285,""COLLECT_FERTILIZER"":296,""DIG"":41,""DROP"":57,""EAST"":634,""FEED"":290,""FERTILIZE"":72,""HARVEST"":390,""NORTH"":838,""PASS"":993,""PICKUP"":135,""PLACE"":13,""PLANT"":199,""SOUTH"":553,""WATER"":1010,""WEST"":811}","{""FERTILIZER"":235,""MELON"":114,""MILK"":241,""STRAWBERRY"":286,""WHEAT"":455,""WOOL"":132}","{""BUY_ANIMAL:COW"":9,""BUY_ANIMAL:SHEEP"":4,""BUY_PRODUCT:WHEAT"":212,""BUY_SEED:MELON"":19,""BUY_SEED:STRAWBERRY"":37,""BUY_SEED:WHEAT"":148}",262,2,"{""COW"":9,""SHEEP"":4,""WHEAT"":1}",{}
92990803,0,道海孤舟,InformaBook2,71647.0,90269.0,L,-18622.0,"[""PIZZA_SHOP"",""SMOOTHIE_SHOP"",""PET_CAFE"",""BAKERY"",""FARMERS_MARKET"",""BAKERY"",""YARN_STORE"",""BRUNCH_SPOT""]",216,market,18,18,0,0,4750084d0f71023d,e005a8abbb639144,8288584f2403fe50,b867da90de457eb4,98781307ce94ee5f,"{""BUILD_PASTURE"":13,""CARE"":285,""COLLECT_FERTILIZER"":296,""DIG"":40,""DROP"":57,""EAST"":634,""FEED"":290,""FERTILIZE"":72,""HARVEST"":390,""NORTH"":838,""PASS"":994,""PICKUP"":135,""PLACE"":13,""PLANT"":199,""SOUTH"":553,""WATER"":1010,""WEST"":811}","{""FERTILIZER"":235,""MELON"":114,""MILK"":241,""STRAWBERRY"":286,""WHEAT"":455,""WOOL"":132}","{""BUY_ANIMAL:COW"":9,""BUY_ANIMAL:SHEEP"":4,""BUY_PRODUCT:WHEAT"":212,""BUY_SEED:MELON"":19,""BUY_SEED:STRAWBERRY"":37,""BUY_SEED:WHEAT"":148}",262,2,"{""COW"":7,""SHEEP"":3,""WHEAT"":1}",{}
92990803,1,InformaBook2,道海孤舟,90269.0,71647.0,W,18622.0,"[""PIZZA_SHOP"",""SMOOTHIE_SHOP"",""PET_CAFE"",""BAKERY"",""FARMERS_MARKET"",""BAKERY"",""YARN_STORE"",""BRUNCH_SPOT""]",0,market,662,314,243,560,a58bbe7f9d7949c7,f6692478d7dcba53,51963e86e1e5fc16,509584c041942509,fda638054d72b495,"{""BUILD_PASTURE"":13,""CARE"":957,""COLLECT_FERTILIZER"":300,""DIG"":41,""DROP"":70,""EAST"":652,""FEED"":290,""FERTILIZE"":72,""HARVEST"":390,""NORTH"":838,""PASS"":325,""PICKUP"":135,""PLACE"":13,""PLANT"":199,""SOUTH"":554,""WATER"":1010,""WEST"":813}","{""FERTILIZER"":302,""MELON"":126,""MILK"":329,""STRAWBERRY"":321,""WHEAT"":472,""WOOL"":162}","{""BUY_ANIMAL:COW"":8,""BUY_ANIMAL:SHEEP"":4,""BUY_PRODUCT:WHEAT"":189,""BUY_SEED:MELON"":20,""BUY_SEED:STRAWBERRY"":37,""BUY_SEED:WHEAT"":144}",264,2,"{""COW"":8,""SHEEP"":4,""WHEAT"":1}",{}
92990814,0,Ali Haydar Özdağ,道海孤舟,76083.0,91397.0,L,-15314.0,"[""PIZZA_SHOP"",""FARMERS_MARKET"",""BRUNCH_SPOT"",""FARMERS_MARKET"",""SMOOTHIE_SHOP"",""YARN_STORE"",""BAKERY"",""PET_CAFE""]",0,market,717,380,497,677,1c979e74071bb1cd,4424a9834acd53d3,e95ee56f6b099ed9,9816d9e35bb57bdb,c9bf658e25cd41a8,"{""BUILD_PASTURE"":14,""CARE"":308,""COLLECT_FERTILIZER"":296,""DIG"":27,""DROP"":56,""EAST"":655,""FEED"":300,""FERTILIZE"":84,""HARVEST"":360,""NORTH"":849,""PASS"":1010,""PICKUP"":145,""PLACE"":14,""PLANT"":174,""SOUTH"":513,""WATER"":925,""WEST"":923}","{""FERTILIZER"":212,""MELON"":144,""MILK"":214,""STRAWBERRY"":320,""WHEAT"":305,""WOOL"":148}","{""BUY_ANIMAL:COW"":8,""BUY_ANIMAL:SHEEP"":6,""BUY_PRODUCT:WHEAT"":266,""BUY_SEED:MELON"":24,""BUY_SEED:STRAWBERRY"":42,""BUY_SEED:WHEAT"":109}",263,2,"{""COW"":8,""SHEEP"":6,""WHEAT"":4}",{}
92990814,1,道海孤舟,Ali Haydar Özdağ,91397.0,76083.0,W,15314.0,"[""PIZZA_SHOP"",""FARMERS_MARKET"",""BRUNCH_SPOT"",""FARMERS_MARKET"",""SMOOTHIE_SHOP"",""YARN_STORE"",""BAKERY"",""PET_CAFE""]",216,market,13,13,0,0,4750084d0f71023d,e005a8abbb639144,8288584f2403fe50,8ec6dcb31c6c8cb9,6def4185724056bc,"{""BUILD_PASTURE"":13,""CARE"":285,""COLLECT_FERTILIZER"":296,""DIG"":40,""DROP"":57,""EAST"":634,""FEED"":290,""FERTILIZE"":72,""HARVEST"":390,""NORTH"":838,""PASS"":994,""PICKUP"":135,""PLACE"":13,""PLANT"":199,""SOUTH"":553,""WATER"":1010,""WEST"":811}","{""FERTILIZER"":235,""MELON"":114,""MILK"":241,""STRAWBERRY"":286,""WHEAT"":455,""WOOL"":132}","{""BUY_ANIMAL:COW"":9,""BUY_ANIMAL:SHEEP"":4,""BUY_PRODUCT:WHEAT"":212,""BUY_SEED:MELON"":19,""BUY_SEED:STRAWBERRY"":37,""BUY_SEED:WHEAT"":148}",262,2,"{""COW"":9,""SHEEP"":4,""WHEAT"":1}",{}
92991754,0,Patrick Joël MAIRLOT-MBEZELE,道海孤舟,88471.0,93054.0,L,-4583.0,"[""ICE_CREAM_SHOP"",""YARN_STORE"",""YARN_STORE"",""BAKERY"",""ICE_CREAM_SHOP"",""SMOOTHIE_SHOP"",""BAKERY"",""FARMERS_MARKET""]",0,market,518,228,265,483,124b9be0c0969fec,a1a143fe19636f56,d0f3810d9e65fc1e,b701a51ce47f249f,5129179197cc5b64,"{""BUILD_PASTURE"":14,""CARE"":327,""COLLECT_FERTILIZER"":319,""DIG"":44,""DROP"":51,""EAST"":667,""FEED"":315,""FERTILIZE"":71,""HARVEST"":389,""NORTH"":901,""PASS"":1089,""PICKUP"":165,""PLACE"":15,""PLANT"":202,""SOUTH"":550,""WATER"":992,""WEST"":889}","{""FERTILIZER"":252,""MELON"":102,""MILK"":223,""STRAWBERRY"":284,""WHEAT"":446,""WOOL"":147}","{""BUY_ANIMAL:COW"":9,""BUY_ANIMAL:SHEEP"":6,""BUY_PRODUCT:WHEAT"":257,""BUY_SEED:MELON"":19,""BUY_SEED:STRAWBERRY"":39,""BUY_SEED:WHEAT"":147}",279,2,"{""COW"":8,""SHEEP"":6,""WHEAT"":9}",{}
92991754,1,道海孤舟,Patrick Joël MAIRLOT-MBEZELE,93054.0,88471.0,W,4583.0,"[""ICE_CREAM_SHOP"",""YARN_STORE"",""YARN_STORE"",""BAKERY"",""ICE_CREAM_SHOP"",""SMOOTHIE_SHOP"",""BAKERY"",""FARMERS_MARKET""]",216,market,14,14,0,0,4750084d0f71023d,e005a8abbb639144,8288584f2403fe50,5e0f193be6b8b9d2,e4cf1e8b9771f4f9,"{""BUILD_PASTURE"":13,""CARE"":285,""COLLECT_FERTILIZER"":296,""DIG"":40,""DROP"":57,""EAST"":634,""FEED"":290,""FERTILIZE"":72,""HARVEST"":390,""NORTH"":838,""PASS"":994,""PICKUP"":135,""PLACE"":13,""PLANT"":199,""SOUTH"":553,""WATER"":1010,""WEST"":811}","{""FERTILIZER"":235,""MELON"":114,""MILK"":241,""STRAWBERRY"":286,""WHEAT"":455,""WOOL"":132}","{""BUY_ANIMAL:COW"":9,""BUY_ANIMAL:SHEEP"":4,""BUY_PRODUCT:WHEAT"":212,""BUY_SEED:MELON"":19,""BUY_SEED:STRAWBERRY"":37,""BUY_SEED:WHEAT"":148}",262,2,"{""COW"":9,""SHEEP"":4,""WHEAT"":1}",{}
92992675,0,shiggriculture,道海孤舟,87289.0,64697.0,W,22592.0,"[""PET_CAFE"",""YARN_STORE"",""PIZZA_SHOP"",""SMOOTHIE_SHOP"",""YARN_STORE"",""YARN_STORE"",""PIZZA_SHOP"",""FARMERS_MARKET""]",0,"market,farmer",719,474,635,689,90b273a545cd0c8e,ae89fa91229583c7,968d73a39a4ff799,580b7f3aa3d97cde,1fa89e76ee567f7f,"{""BUILD_PASTURE"":18,""CARE"":367,""COLLECT_FERTILIZER"":360,""DIG"":21,""DROP"":20,""EAST"":828,""FEED"":371,""FERTILIZE"":54,""HARVEST"":389,""NORTH"":915,""PASS"":562,""PICKUP"":158,""PLACE"":58,""PLANT"":189,""SOUTH"":751,""WATER"":921,""WEST"":935}","{""CARROT"":4,""FERTILIZER"":1748,""MELON"":120,""MILK"":193,""STRAWBERRY"":256,""WHEAT"":1473,""WOOL"":272}","{""BUY_ANIMAL:COW"":6,""BUY_ANIMAL:SHEEP"":12,""BUY_PRODUCT:WHEAT"":838,""BUY_SEED:CARROT"":10,""BUY_SEED:MELON"":20,""BUY_SEED:STRAWBERRY"":34,""BUY_SEED:WHEAT"":141}",277,3,"{""COW"":6,""SHEEP"":7,""STRAWBERRY"":1,""WHEAT"":3}","{""SHEEP"":1}"
92992675,1,道海孤舟,shiggriculture,64697.0,87289.0,L,-22592.0,"[""PET_CAFE"",""YARN_STORE"",""PIZZA_SHOP"",""SMOOTHIE_SHOP"",""YARN_STORE"",""YARN_STORE"",""PIZZA_SHOP"",""FARMERS_MARKET""]",126,hands,23,15,0,8,4750084d0f71023d,e005a8abbb639144,0c114c3a9f7fd36c,904a83cb9d1decce,b3cca40daa7564b0,"{""BUILD_PASTURE"":13,""CARE"":285,""COLLECT_FERTILIZER"":296,""DIG"":41,""DROP"":57,""EAST"":634,""FEED"":290,""FERTILIZE"":72,""HARVEST"":390,""NORTH"":838,""PASS"":993,""PICKUP"":135,""PLACE"":13,""PLANT"":199,""SOUTH"":553,""WATER"":1010,""WEST"":811}","{""FERTILIZER"":235,""MELON"":114,""MILK"":241,""STRAWBERRY"":286,""WHEAT"":455,""WOOL"":132}","{""BUY_ANIMAL:COW"":9,""BUY_ANIMAL:SHEEP"":4,""BUY_PRODUCT:WHEAT"":212,""BUY_SEED:MELON"":19,""BUY_SEED:STRAWBERRY"":37,""BUY_SEED:WHEAT"":148}",262,2,"{""COW"":9,""SHEEP"":4,""WHEAT"":1}",{}
92993619,0,道海孤舟,Rajan Nagarajan,107253.0,83212.0,W,24041.0,"[""ICE_CREAM_SHOP"",""PET_CAFE"",""SMOOTHIE_SHOP"",""PIZZA_SHOP"",""BAKERY"",""PIZZA_SHOP"",""BAKERY"",""FARMERS_MARKET""]",216,market,13,13,0,0,4750084d0f71023d,e005a8abbb639144,8288584f2403fe50,bab383a34d09c1a9,bf6c64b00034cc37,"{""BUILD_PASTURE"":13,""CARE"":285,""COLLECT_FERTILIZER"":296,""DIG"":40,""DROP"":57,""EAST"":634,""FEED"":290,""FERTILIZE"":72,""HARVEST"":390,""NORTH"":838,""PASS"":994,""PICKUP"":135,""PLACE"":13,""PLANT"":199,""SOUTH"":553,""WATER"":1010,""WEST"":811}","{""FERTILIZER"":235,""MELON"":114,""MILK"":241,""STRAWBERRY"":286,""WHEAT"":455,""WOOL"":132}","{""BUY_ANIMAL:COW"":9,""BUY_ANIMAL:SHEEP"":4,""BUY_PRODUCT:WHEAT"":212,""BUY_SEED:MELON"":19,""BUY_SEED:STRAWBERRY"":37,""BUY_SEED:WHEAT"":148}",262,2,"{""COW"":9,""SHEEP"":4,""WHEAT"":1}",{}
92993619,1,Rajan Nagarajan,道海孤舟,83212.0,107253.0,L,-24041.0,"[""ICE_CREAM_SHOP"",""PET_CAFE"",""SMOOTHIE_SHOP"",""PIZZA_SHOP"",""BAKERY"",""PIZZA_SHOP"",""BAKERY"",""FARMERS_MARKET""]",0,market,529,222,267,491,cac476d45c20d4d1,ee824f1c02a45c08,8c7f013adfbdcc56,56cf7a3ebcbf722a,cee474fac384a0eb,"{""BUILD_PASTURE"":14,""CARE"":302,""COLLECT_FERTILIZER"":317,""DIG"":46,""DROP"":57,""EAST"":617,""FEED"":303,""FERTILIZE"":70,""HARVEST"":388,""NORTH"":914,""PASS"":1144,""PICKUP"":157,""PLACE"":14,""PLANT"":200,""SOUTH"":579,""WATER"":1003,""WEST"":896}","{""FERTILIZER"":247,""MELON"":114,""MILK"":222,""STRAWBERRY"":277,""WHEAT"":451,""WOOL"":143}","{""BUY_ANIMAL:COW"":9,""BUY_ANIMAL:SHEEP"":5,""BUY_PRODUCT:WHEAT"":242,""BUY_SEED:MELON"":19,""BUY_SEED:STRAWBERRY"":37,""BUY_SEED:WHEAT"":145}",280,2,"{""COW"":7,""SHEEP"":4,""WHEAT"":3}","{""WHEAT"":16}"
92994559,0,道海孤舟,Gebreab K. Zewdie,85907.0,103620.0,L,-17713.0,"[""SMOOTHIE_SHOP"",""BAKERY"",""PIZZA_SHOP"",""BAKERY"",""SMOOTHIE_SHOP"",""SMOOTHIE_SHOP"",""YARN_STORE"",""FARMERS_MARKET""]",216,market,16,16,0,0,4750084d0f71023d,e005a8abbb639144,8288584f2403fe50,935ba1c19b7ebb85,2c8b177cfccd52e6,"{""BUILD_PASTURE"":13,""CARE"":285,""COLLECT_FERTILIZER"":296,""DIG"":40,""DROP"":57,""EAST"":634,""FEED"":290,""FERTILIZE"":72,""HARVEST"":390,""NORTH"":838,""PASS"":994,""PICKUP"":135,""PLACE"":13,""PLANT"":199,""SOUTH"":553,""WATER"":1010,""WEST"":811}","{""FERTILIZER"":235,""MELON"":114,""MILK"":241,""STRAWBERRY"":286,""WHEAT"":455,""WOOL"":132}","{""BUY_ANIMAL:COW"":9,""BUY_ANIMAL:SHEEP"":4,""BUY_PRODUCT:WHEAT"":212,""BUY_SEED:MELON"":19,""BUY_SEED:STRAWBERRY"":37,""BUY_SEED:WHEAT"":148}",262,2,"{""COW"":7,""SHEEP"":3,""WHEAT"":1}",{}
92994559,1,Gebreab K. Zewdie,道海孤舟,103620.0,85907.0,W,17713.0,"[""SMOOTHIE_SHOP"",""BAKERY"",""PIZZA_SHOP"",""BAKERY"",""SMOOTHIE_SHOP"",""SMOOTHIE_SHOP"",""YARN_STORE"",""FARMERS_MARKET""]",0,market,87,68,0,30,85bcb58b2b7936e8,d09460889606518c,5312b67461827b38,7646c9fa488c61d0,e9ff63ba5e7db134,"{""BUILD_PASTURE"":13,""CARE"":285,""COLLECT_FERTILIZER"":296,""DIG"":40,""DROP"":69,""EAST"":652,""FEED"":290,""FERTILIZE"":72,""HARVEST"":390,""NORTH"":838,""PASS"":961,""PICKUP"":135,""PLACE"":13,""PLANT"":199,""SOUTH"":556,""WATER"":1010,""WEST"":811}","{""FERTILIZER"":235,""MELON"":114,""MILK"":241,""STRAWBERRY"":286,""WHEAT"":464,""WOOL"":132}","{""BUY_ANIMAL:COW"":9,""BUY_ANIMAL:SHEEP"":4,""BUY_PRODUCT:WHEAT"":221,""BUY_SEED:MELON"":22,""BUY_SEED:STRAWBERRY"":37,""BUY_SEED:WHEAT"":150}",262,2,"{""COW"":9,""SHEEP"":4,""WHEAT"":1}",{}
92995487,0,道海孤舟,Uvais,116297.0,116963.0,L,-666.0,"[""SMOOTHIE_SHOP"",""ICE_CREAM_SHOP"",""BRUNCH_SPOT"",""BAKERY"",""BRUNCH_SPOT"",""SMOOTHIE_SHOP"",""BRUNCH_SPOT"",""YARN_STORE""]",216,market,12,12,0,0,4750084d0f71023d,e005a8abbb639144,8288584f2403fe50,37beebd6b442310c,39faccb0e92cd24b,"{""BUILD_PASTURE"":13,""CARE"":285,""COLLECT_FERTILIZER"":296,""DIG"":40,""DROP"":57,""EAST"":634,""FEED"":290,""FERTILIZE"":72,""HARVEST"":390,""NORTH"":838,""PASS"":994,""PICKUP"":135,""PLACE"":13,""PLANT"":199,""SOUTH"":553,""WATER"":1010,""WEST"":811}","{""FERTILIZER"":235,""MELON"":114,""MILK"":241,""STRAWBERRY"":286,""WHEAT"":455,""WOOL"":132}","{""BUY_ANIMAL:COW"":9,""BUY_ANIMAL:SHEEP"":4,""BUY_PRODUCT:WHEAT"":212,""BUY_SEED:MELON"":19,""BUY_SEED:STRAWBERRY"":37,""BUY_SEED:WHEAT"":148}",262,2,"{""COW"":9,""SHEEP"":4,""WHEAT"":1}",{}
92995487,1,Uvais,道海孤舟,116963.0,116297.0,W,666.0,"[""SMOOTHIE_SHOP"",""ICE_CREAM_SHOP"",""BRUNCH_SPOT"",""BAKERY"",""BRUNCH_SPOT"",""SMOOTHIE_SHOP"",""BRUNCH_SPOT"",""YARN_STORE""]",0,"market,farmer",719,452,630,689,90b273a545cd0c8e,ae89fa91229583c7,70c8aeb16e148251,79ea3fd99a10f065,b7d8875565704bc0,"{""BUILD_PASTURE"":14,""CARE"":318,""COLLECT_FERTILIZER"":304,""DIG"":25,""DROP"":9,""EAST"":804,""FEED"":321,""FERTILIZE"":55,""HARVEST"":389,""NORTH"":979,""PASS"":660,""PICKUP"":135,""PLACE"":51,""PLANT"":198,""SOUTH"":666,""WATER"":954,""WEST"":1028}","{""CARROT"":20,""FERTILIZER"":1487,""MELON"":120,""MILK"":279,""STRAWBERRY"":223,""WHEAT"":871,""WOOL"":120}","{""BUY_ANIMAL:COW"":10,""BUY_ANIMAL:SHEEP"":4,""BUY_PRODUCT:WHEAT"":424,""BUY_SEED:CARROT"":16,""BUY_SEED:MELON"":20,""BUY_SEED:STRAWBERRY"":34,""BUY_SEED:WHEAT"":144}",277,2,"{""COW"":10,""SHEEP"":4,""WHEAT"":1}",{}
92996437,0,Marcus,道海孤舟,70485.0,83080.0,L,-12595.0,"[""FARMERS_MARKET"",""BRUNCH_SPOT"",""BAKERY"",""ICE_CREAM_SHOP"",""BAKERY"",""BRUNCH_SPOT"",""YARN_STORE"",""YARN_STORE""]",0,market,717,396,495,677,798814e98a8c0444,28f70c8f8c1d5953,04fdca1f50a7d61d,20ed1b2b083c4559,35373e0a6d9bc4e3,"{""BUILD_PASTURE"":14,""CARE"":308,""COLLECT_FERTILIZER"":296,""DIG"":27,""DROP"":56,""EAST"":577,""FEED"":300,""FERTILIZE"":84,""HARVEST"":360,""NORTH"":826,""PASS"":1219,""PICKUP"":145,""PLACE"":14,""PLANT"":174,""SOUTH"":469,""WATER"":920,""WEST"":842}","{""FERTILIZER"":234,""MELON"":221,""MILK"":227,""STRAWBERRY"":324,""WHEAT"":317,""WOOL"":148}","{""BUY_ANIMAL:COW"":8,""BUY_ANIMAL:SHEEP"":6,""BUY_PRODUCT:WHEAT"":274,""BUY_SEED:MELON"":24,""BUY_SEED:STRAWBERRY"":42,""BUY_SEED:WHEAT"":109}",262,2,"{""COW"":8,""SHEEP"":6,""WHEAT"":4}",{}
92996437,1,道海孤舟,Marcus,83080.0,70485.0,W,12595.0,"[""FARMERS_MARKET"",""BRUNCH_SPOT"",""BAKERY"",""ICE_CREAM_SHOP"",""BAKERY"",""BRUNCH_SPOT"",""YARN_STORE"",""YARN_STORE""]",188,hands,17,14,0,3,4750084d0f71023d,e005a8abbb639144,74003990613a224a,9d1dafce95af2c4e,f19b5593d79d02cf,"{""BUILD_PASTURE"":13,""CARE"":285,""COLLECT_FERTILIZER"":296,""DIG"":41,""DROP"":57,""EAST"":634,""FEED"":290,""FERTILIZE"":72,""HARVEST"":390,""NORTH"":838,""PASS"":993,""PICKUP"":135,""PLACE"":13,""PLANT"":199,""SOUTH"":553,""WATER"":1010,""WEST"":811}","{""FERTILIZER"":235,""MELON"":114,""MILK"":241,""STRAWBERRY"":286,""WHEAT"":455,""WOOL"":132}","{""BUY_ANIMAL:COW"":9,""BUY_ANIMAL:SHEEP"":4,""BUY_PRODUCT:WHEAT"":212,""BUY_SEED:MELON"":19,""BUY_SEED:STRAWBERRY"":37,""BUY_SEED:WHEAT"":148}",262,2,"{""COW"":9,""SHEEP"":4,""WHEAT"":1}",{}
92996602,0,道海孤舟,╰┈➤ˎˊ˗ www.sleepyai.org,105988.0,88419.0,W,17569.0,"[""PIZZA_SHOP"",""ICE_CREAM_SHOP"",""PIZZA_SHOP"",""BRUNCH_SPOT"",""PIZZA_SHOP"",""BAKERY"",""PIZZA_SHOP"",""YARN_STORE""]",216,market,16,16,0,0,4750084d0f71023d,e005a8abbb639144,8288584f2403fe50,8ec6dcb31c6c8cb9,5f3086136760a0f6,"{""BUILD_PASTURE"":13,""CARE"":285,""COLLECT_FERTILIZER"":296,""DIG"":40,""DROP"":57,""EAST"":634,""FEED"":290,""FERTILIZE"":72,""HARVEST"":390,""NORTH"":838,""PASS"":994,""PICKUP"":135,""PLACE"":13,""PLANT"":199,""SOUTH"":553,""WATER"":1010,""WEST"":811}","{""FERTILIZER"":235,""MELON"":114,""MILK"":241,""STRAWBERRY"":286,""WHEAT"":455,""WOOL"":132}","{""BUY_ANIMAL:COW"":9,""BUY_ANIMAL:SHEEP"":4,""BUY_PRODUCT:WHEAT"":212,""BUY_SEED:MELON"":19,""BUY_SEED:STRAWBERRY"":37,""BUY_SEED:WHEAT"":148}",262,2,"{""COW"":9,""SHEEP"":4,""WHEAT"":1}",{}
92996602,1,╰┈➤ˎˊ˗ www.sleepyai.org,道海孤舟,88419.0,105988.0,L,-17569.0,"[""PIZZA_SHOP"",""ICE_CREAM_SHOP"",""PIZZA_SHOP"",""BRUNCH_SPOT"",""PIZZA_SHOP"",""BAKERY"",""PIZZA_SHOP"",""YARN_STORE""]",0,market,717,380,497,677,1c979e74071bb1cd,4424a9834acd53d3,e95ee56f6b099ed9,9816d9e35bb57bdb,7415b845343f1c18,"{""BUILD_PASTURE"":14,""CARE"":308,""COLLECT_FERTILIZER"":296,""DIG"":27,""DROP"":56,""EAST"":655,""FEED"":300,""FERTILIZE"":84,""HARVEST"":360,""NORTH"":849,""PASS"":1010,""PICKUP"":145,""PLACE"":14,""PLANT"":174,""SOUTH"":513,""WATER"":925,""WEST"":923}","{""FERTILIZER"":212,""MELON"":144,""MILK"":214,""STRAWBERRY"":320,""WHEAT"":305,""WOOL"":148}","{""BUY_ANIMAL:COW"":8,""BUY_ANIMAL:SHEEP"":6,""BUY_PRODUCT:WHEAT"":266,""BUY_SEED:MELON"":24,""BUY_SEED:STRAWBERRY"":42,""BUY_SEED:WHEAT"":109}",263,2,"{""COW"":8,""SHEEP"":6,""WHEAT"":4}",{}
92997365,0,Fajri Yanuar Shiddiq Juanda,道海孤舟,117016.0,95854.0,W,21162.0,"[""SMOOTHIE_SHOP"",""PET_CAFE"",""FARMERS_MARKET"",""PIZZA_SHOP"",""SMOOTHIE_SHOP"",""BRUNCH_SPOT"",""SMOOTHIE_SHOP"",""BRUNCH_SPOT""]",0,market,661,319,242,562,a58bbe7f9d7949c7,f6692478d7dcba53,51963e86e1e5fc16,2eabe789aebd093e,fee3f426fc38544f,"{""BUILD_PASTURE"":13,""CARE"":966,""COLLECT_FERTILIZER"":296,""DIG"":41,""DROP"":69,""EAST"":652,""FEED"":290,""FERTILIZE"":72,""HARVEST"":390,""NORTH"":838,""PASS"":323,""PICKUP"":135,""PLACE"":13,""PLANT"":199,""SOUTH"":554,""WATER"":1010,""WEST"":811}","{""FERTILIZER"":300,""MELON"":126,""MILK"":320,""STRAWBERRY"":300,""WHEAT"":479,""WOOL"":154}","{""BUY_ANIMAL:COW"":8,""BUY_ANIMAL:SHEEP"":4,""BUY_PRODUCT:WHEAT"":189,""BUY_SEED:MELON"":20,""BUY_SEED:STRAWBERRY"":37,""BUY_SEED:WHEAT"":144}",264,2,"{""COW"":8,""SHEEP"":4,""WHEAT"":1}",{}
92997365,1,道海孤舟,Fajri Yanuar Shiddiq Juanda,95854.0,117016.0,L,-21162.0,"[""SMOOTHIE_SHOP"",""PET_CAFE"",""FARMERS_MARKET"",""PIZZA_SHOP"",""SMOOTHIE_SHOP"",""BRUNCH_SPOT"",""SMOOTHIE_SHOP"",""BRUNCH_SPOT""]",216,market,18,15,0,3,4750084d0f71023d,e005a8abbb639144,8288584f2403fe50,b867da90de457eb4,ed76592415621baf,"{""BUILD_PASTURE"":13,""CARE"":285,""COLLECT_FERTILIZER"":296,""DIG"":41,""DROP"":57,""EAST"":634,""FEED"":290,""FERTILIZE"":72,""HARVEST"":390,""NORTH"":838,""PASS"":993,""PICKUP"":135,""PLACE"":13,""PLANT"":199,""SOUTH"":553,""WATER"":1010,""WEST"":811}","{""FERTILIZER"":235,""MELON"":114,""MILK"":241,""STRAWBERRY"":286,""WHEAT"":455,""WOOL"":132}","{""BUY_ANIMAL:COW"":9,""BUY_ANIMAL:SHEEP"":4,""BUY_PRODUCT:WHEAT"":212,""BUY_SEED:MELON"":19,""BUY_SEED:STRAWBERRY"":37,""BUY_SEED:WHEAT"":148}",262,2,"{""COW"":7,""SHEEP"":3,""WHEAT"":1}",{}
92998312,0,道海孤舟,MYOUCER,100607.0,63644.0,W,36963.0,"[""FARMERS_MARKET"",""FARMERS_MARKET"",""SMOOTHIE_SHOP"",""FARMERS_MARKET"",""BAKERY"",""PET_CAFE"",""PIZZA_SHOP"",""PET_CAFE""]",128,farmer,16,8,8,0,4750084d0f71023d,e005a8abbb639144,8ec9c9852b7fab53,0d04ee840997987b,2c196f6ca0c3c695,"{""BUILD_PASTURE"":13,""CARE"":285,""COLLECT_FERTILIZER"":296,""DIG"":41,""DROP"":57,""EAST"":634,""FEED"":290,""FERTILIZE"":72,""HARVEST"":390,""NORTH"":838,""PASS"":993,""PICKUP"":135,""PLACE"":13,""PLANT"":199,""SOUTH"":553,""WATER"":1010,""WEST"":811}","{""FERTILIZER"":235,""MELON"":114,""MILK"":241,""STRAWBERRY"":286,""WHEAT"":455,""WOOL"":132}","{""BUY_ANIMAL:COW"":9,""BUY_ANIMAL:SHEEP"":4,""BUY_PRODUCT:WHEAT"":212,""BUY_SEED:MELON"":19,""BUY_SEED:STRAWBERRY"":37,""BUY_SEED:WHEAT"":148}",262,2,"{""COW"":9,""SHEEP"":4,""WHEAT"":1}",{}
92998312,1,MYOUCER,道海孤舟,63644.0,100607.0,L,-36963.0,"[""FARMERS_MARKET"",""FARMERS_MARKET"",""SMOOTHIE_SHOP"",""FARMERS_MARKET"",""BAKERY"",""PET_CAFE"",""PIZZA_SHOP"",""PET_CAFE""]",0,market,523,222,267,485,cac476d45c20d4d1,ee824f1c02a45c08,35d1b2e14be3112b,5ff20ab93ff744ef,50602bc14e565823,"{""BUILD_PASTURE"":14,""CARE"":302,""COLLECT_FERTILIZER"":317,""DIG"":43,""DROP"":57,""EAST"":618,""FEED"":303,""FERTILIZE"":70,""HARVEST"":388,""NORTH"":914,""PASS"":1144,""PICKUP"":157,""PLACE"":14,""PLANT"":200,""SOUTH"":579,""WATER"":1004,""WEST"":897}","{""FERTILIZER"":247,""MELON"":114,""MILK"":222,""STRAWBERRY"":277,""WHEAT"":451,""WOOL"":143}","{""BUY_ANIMAL:COW"":9,""BUY_ANIMAL:SHEEP"":5,""BUY_PRODUCT:WHEAT"":242,""BUY_SEED:MELON"":19,""BUY_SEED:STRAWBERRY"":37,""BUY_SEED:WHEAT"":145}",280,2,"{""COW"":6,""SHEEP"":4,""WHEAT"":3}","{""WHEAT"":20}"
92999242,0,道海孤舟,heinado,116691.0,86628.0,W,30063.0,"[""FARMERS_MARKET"",""SMOOTHIE_SHOP"",""BAKERY"",""SMOOTHIE_SHOP"",""BRUNCH_SPOT"",""YARN_STORE"",""ICE_CREAM_SHOP"",""BAKERY""]",80,hands,27,12,0,15,4750084d0f71023d,d58d8a1b352f1088,33486c075fa03c62,de2055d4346129a0,0c95015d11f00149,"{""BUILD_PASTURE"":13,""CARE"":285,""COLLECT_FERTILIZER"":296,""DIG"":42,""DROP"":57,""EAST"":634,""FEED"":290,""FERTILIZE"":72,""HARVEST"":390,""NORTH"":838,""PASS"":994,""PICKUP"":135,""PLACE"":13,""PLANT"":199,""SOUTH"":553,""WATER"":1008,""WEST"":811}","{""FERTILIZER"":235,""MELON"":114,""MILK"":241,""STRAWBERRY"":286,""WHEAT"":455,""WOOL"":132}","{""BUY_ANIMAL:COW"":9,""BUY_ANIMAL:SHEEP"":4,""BUY_PRODUCT:WHEAT"":212,""BUY_SEED:MELON"":19,""BUY_SEED:STRAWBERRY"":37,""BUY_SEED:WHEAT"":148}",262,2,"{""COW"":9,""SHEEP"":4,""WHEAT"":1}",{}
92999242,1,heinado,道海孤舟,86628.0,116691.0,L,-30063.0,"[""FARMERS_MARKET"",""SMOOTHIE_SHOP"",""BAKERY"",""SMOOTHIE_SHOP"",""BRUNCH_SPOT"",""YARN_STORE"",""ICE_CREAM_SHOP"",""BAKERY""]",0,market,523,222,267,485,cac476d45c20d4d1,ee824f1c02a45c08,35d1b2e14be3112b,52bf03bffcca5a2a,f2c9297768297403,"{""BUILD_PASTURE"":14,""CARE"":302,""COLLECT_FERTILIZER"":317,""DIG"":42,""DROP"":57,""EAST"":618,""FEED"":303,""FERTILIZE"":70,""HARVEST"":388,""NORTH"":914,""PASS"":1145,""PICKUP"":157,""PLACE"":14,""PLANT"":200,""SOUTH"":579,""WATER"":1004,""WEST"":897}","{""FERTILIZER"":247,""MELON"":114,""MILK"":222,""STRAWBERRY"":277,""WHEAT"":451,""WOOL"":143}","{""BUY_ANIMAL:COW"":9,""BUY_ANIMAL:SHEEP"":5,""BUY_PRODUCT:WHEAT"":242,""BUY_SEED:MELON"":19,""BUY_SEED:STRAWBERRY"":37,""BUY_SEED:WHEAT"":145}",280,2,"{""COW"":7,""SHEEP"":4,""WHEAT"":3}","{""WHEAT"":17}"
93000180,0,道海孤舟,zhangwei02,98074.0,95196.0,W,2878.0,"[""ICE_CREAM_SHOP"",""PET_CAFE"",""PIZZA_SHOP"",""PIZZA_SHOP"",""BRUNCH_SPOT"",""PIZZA_SHOP"",""YARN_STORE"",""PIZZA_SHOP""]",86,hands,17,14,0,3,4750084d0f71023d,d3a990a2ec0cc5ac,6ce5f1036fb18a5f,33e7db536ca63ab0,7bea7da1337f09e6,"{""BUILD_PASTURE"":13,""CARE"":285,""COLLECT_FERTILIZER"":296,""DIG"":41,""DROP"":57,""EAST"":634,""FEED"":290,""FERTILIZE"":72,""HARVEST"":390,""NORTH"":838,""PASS"":993,""PICKUP"":135,""PLACE"":13,""PLANT"":199,""SOUTH"":553,""WATER"":1010,""WEST"":811}","{""FERTILIZER"":235,""MELON"":114,""MILK"":241,""STRAWBERRY"":286,""WHEAT"":455,""WOOL"":132}","{""BUY_ANIMAL:COW"":9,""BUY_ANIMAL:SHEEP"":4,""BUY_PRODUCT:WHEAT"":212,""BUY_SEED:MELON"":19,""BUY_SEED:STRAWBERRY"":37,""BUY_SEED:WHEAT"":148}",262,2,"{""COW"":9,""SHEEP"":4,""WHEAT"":1}",{}
93000180,1,zhangwei02,道海孤舟,95196.0,98074.0,L,-2878.0,"[""ICE_CREAM_SHOP"",""PET_CAFE"",""PIZZA_SHOP"",""PIZZA_SHOP"",""BRUNCH_SPOT"",""PIZZA_SHOP"",""YARN_STORE"",""PIZZA_SHOP""]",0,market,553,259,210,523,124b9be0c0969fec,a1a143fe19636f56,856e6f7c6935011d,d7af42b1fe494fb8,ba4cd82a10a6ef31,"{""BUILD_PASTURE"":14,""CARE"":307,""COLLECT_FERTILIZER"":299,""DIG"":44,""DROP"":49,""EAST"":639,""FEED"":302,""FERTILIZE"":71,""HARVEST"":394,""NORTH"":898,""PASS"":1036,""PICKUP"":131,""PLACE"":13,""PLANT"":205,""SOUTH"":580,""WATER"":1024,""WEST"":808}","{""FERTILIZER"":243,""MELON"":132,""MILK"":228,""STRAWBERRY"":277,""WHEAT"":431,""WOOL"":132}","{""BUY_ANIMAL:COW"":9,""BUY_ANIMAL:SHEEP"":4,""BUY_PRODUCT:WHEAT"":222,""BUY_SEED:MELON"":23,""BUY_SEED:STRAWBERRY"":36,""BUY_SEED:WHEAT"":146}",270,2,"{""COW"":6,""SHEEP"":4,""WHEAT"":5}",{}
93001112,0,道海孤舟,Roshan Singh,127215.0,94235.0,W,32980.0,"[""SMOOTHIE_SHOP"",""BAKERY"",""SMOOTHIE_SHOP"",""YARN_STORE"",""ICE_CREAM_SHOP"",""PET_CAFE"",""PIZZA_SHOP"",""ICE_CREAM_SHOP""]",216,market,16,16,0,0,4750084d0f71023d,e005a8abbb639144,8288584f2403fe50,86cccdbf72846326,2f5ae653dad908ee,"{""BUILD_PASTURE"":13,""CARE"":285,""COLLECT_FERTILIZER"":296,""DIG"":40,""DROP"":57,""EAST"":634,""FEED"":290,""FERTILIZE"":72,""HARVEST"":390,""NORTH"":838,""PASS"":994,""PICKUP"":135,""PLACE"":13,""PLANT"":199,""SOUTH"":553,""WATER"":1010,""WEST"":811}","{""FERTILIZER"":235,""MELON"":114,""MILK"":241,""STRAWBERRY"":286,""WHEAT"":455,""WOOL"":132}","{""BUY_ANIMAL:COW"":9,""BUY_ANIMAL:SHEEP"":4,""BUY_PRODUCT:WHEAT"":212,""BUY_SEED:MELON"":19,""BUY_SEED:STRAWBERRY"":37,""BUY_SEED:WHEAT"":148}",262,2,"{""COW"":9,""SHEEP"":4,""WHEAT"":1}",{}
93001112,1,Roshan Singh,道海孤舟,94235.0,127215.0,L,-32980.0,"[""SMOOTHIE_SHOP"",""BAKERY"",""SMOOTHIE_SHOP"",""YARN_STORE"",""ICE_CREAM_SHOP"",""PET_CAFE"",""PIZZA_SHOP"",""ICE_CREAM_SHOP""]",0,market,506,183,123,466,cac476d45c20d4d1,ee824f1c02a45c08,a2a26d24c072d70e,a2027eac45796899,a448c080318d60de,"{""BUILD_PASTURE"":13,""CARE"":279,""COLLECT_FERTILIZER"":297,""DIG"":46,""DROP"":44,""EAST"":648,""FEED"":284,""FERTILIZE"":76,""HARVEST"":395,""NORTH"":886,""PASS"":1068,""PICKUP"":133,""PLACE"":12,""PLANT"":201,""SOUTH"":564,""WATER"":1016,""WEST"":797}","{""FERTILIZER"":221,""MELON"":102,""MILK"":219,""STRAWBERRY"":303,""WHEAT"":452,""WOOL"":132}","{""BUY_ANIMAL:COW"":8,""BUY_ANIMAL:SHEEP"":4,""BUY_PRODUCT:WHEAT"":224,""BUY_SEED:MELON"":19,""BUY_SEED:STRAWBERRY"":41,""BUY_SEED:WHEAT"":147}",268,2,"{""COW"":6,""SHEEP"":3,""WHEAT"":3}","{""WHEAT"":17}"
93405504,0,Hugelidus,道海孤舟,93101.0,73364.0,W,19737.0,"[""YARN_STORE"",""PIZZA_SHOP"",""FARMERS_MARKET"",""BAKERY"",""PIZZA_SHOP"",""BAKERY"",""BRUNCH_SPOT"",""ICE_CREAM_SHOP""]",0,market,719,422,642,689,b31761056dabce39,cd686b348cbb7321,4549061ad9a806d6,35835ba5c999b8dc,12b2e4f1af7c7a57,"{""BUILD_PASTURE"":15,""CARE"":343,""COLLECT_FERTILIZER"":341,""DIG"":42,""DROP"":145,""EAST"":963,""FEED"":343,""FERTILIZE"":37,""HARVEST"":319,""NORTH"":1018,""PASS"":64,""PICKUP"":305,""PLACE"":15,""PLANT"":181,""SOUTH"":709,""WATER"":837,""WEST"":1080}","{""FERTILIZER"":304,""MELON"":90,""MILK"":213,""STRAWBERRY"":205,""WHEAT"":558,""WOOL"":256}","{""BUY_ANIMAL:COW"":30,""BUY_ANIMAL:SHEEP"":13,""BUY_PRODUCT:WHEAT"":385,""BUY_SEED:MELON"":15,""BUY_SEED:STRAWBERRY"":24,""BUY_SEED:WHEAT"":138}",271,2,"{""COW"":6,""SHEEP"":9}","{""WHEAT"":18}"
93405504,1,道海孤舟,Hugelidus,73364.0,93101.0,L,-19737.0,"[""YARN_STORE"",""PIZZA_SHOP"",""FARMERS_MARKET"",""BAKERY"",""PIZZA_SHOP"",""BAKERY"",""BRUNCH_SPOT"",""ICE_CREAM_SHOP""]",209,hands,22,16,0,6,4750084d0f71023d,e005a8abbb639144,8288584f2403fe50,6f893c74654badf3,858099716f0f1e92,"{""BUILD_PASTURE"":13,""CARE"":285,""COLLECT_FERTILIZER"":296,""DIG"":41,""DROP"":57,""EAST"":634,""FEED"":290,""FERTILIZE"":72,""HARVEST"":390,""NORTH"":838,""PASS"":993,""PICKUP"":135,""PLACE"":13,""PLANT"":199,""SOUTH"":553,""WATER"":1010,""WEST"":811}","{""FERTILIZER"":235,""MELON"":114,""MILK"":241,""STRAWBERRY"":286,""WHEAT"":455,""WOOL"":132}","{""BUY_ANIMAL:COW"":9,""BUY_ANIMAL:SHEEP"":4,""BUY_PRODUCT:WHEAT"":212,""BUY_SEED:MELON"":19,""BUY_SEED:STRAWBERRY"":37,""BUY_SEED:WHEAT"":148}",262,2,"{""COW"":9,""SHEEP"":4,""WHEAT"":1}",{}
93409876,0,Sathwik Chinthakayala,道海孤舟,41587.0,31998.0,W,9589.0,"[""PET_CAFE"",""PET_CAFE"",""BAKERY"",""FARMERS_MARKET"",""PET_CAFE"",""SMOOTHIE_SHOP"",""PIZZA_SHOP"",""ICE_CREAM_SHOP""]",0,"market,farmer",719,475,626,689,01c5f9d442b24819,802d7deef6fc150c,8d8f1d5d43221765,2fe0be06f136cf4c,8cc7a408b21ef530,"{""BUILD_PASTURE"":14,""CARE"":318,""COLLECT_FERTILIZER"":306,""DIG"":18,""DROP"":10,""EAST"":809,""FEED"":319,""FERTILIZE"":64,""HARVEST"":394,""NORTH"":1006,""PASS"":669,""PICKUP"":129,""PLACE"":55,""PLANT"":187,""SOUTH"":624,""WATER"":946,""WEST"":1046}","{""CARROT"":15,""FERTILIZER"":1906,""MELON"":120,""MILK"":303,""STRAWBERRY"":254,""WHEAT"":1138,""WOOL"":141}","{""BUY_ANIMAL:COW"":10,""BUY_ANIMAL:SHEEP"":4,""BUY_PRODUCT:WHEAT"":522,""BUY_SEED:CARROT"":14,""BUY_SEED:MELON"":20,""BUY_SEED:STRAWBERRY"":34,""BUY_SEED:WHEAT"":135}",277,2,"{""COW"":10,""SHEEP"":4,""WHEAT"":1}",{}
93409876,1,道海孤舟,Sathwik Chinthakayala,31998.0,41587.0,L,-9589.0,"[""PET_CAFE"",""PET_CAFE"",""BAKERY"",""FARMERS_MARKET"",""PET_CAFE"",""SMOOTHIE_SHOP"",""PIZZA_SHOP"",""ICE_CREAM_SHOP""]",128,farmer,24,16,8,0,4750084d0f71023d,e005a8abbb639144,8ec9c9852b7fab53,0c36c849fe588289,b44bed9fffde2e75,"{""BUILD_PASTURE"":13,""CARE"":285,""COLLECT_FERTILIZER"":296,""DIG"":41,""DROP"":57,""EAST"":634,""FEED"":290,""FERTILIZE"":72,""HARVEST"":390,""NORTH"":838,""PASS"":993,""PICKUP"":135,""PLACE"":13,""PLANT"":199,""SOUTH"":553,""WATER"":1010,""WEST"":811}","{""FERTILIZER"":235,""MELON"":114,""MILK"":241,""STRAWBERRY"":286,""WHEAT"":455,""WOOL"":132}","{""BUY_ANIMAL:COW"":9,""BUY_ANIMAL:SHEEP"":4,""BUY_PRODUCT:WHEAT"":212,""BUY_SEED:MELON"":19,""BUY_SEED:STRAWBERRY"":37,""BUY_SEED:WHEAT"":148}",262,2,"{""COW"":9,""SHEEP"":4,""WHEAT"":1}",{}
93418009,0,道海孤舟,Yan,57964.0,57964.0,T,0.0,"[""BAKERY"",""PET_CAFE"",""BRUNCH_SPOT"",""SMOOTHIE_SHOP"",""YARN_STORE"",""SMOOTHIE_SHOP"",""YARN_STORE"",""YARN_STORE""]",377,market,11,11,0,0,4750084d0f71023d,e005a8abbb639144,8288584f2403fe50,825625777334a287,757f68f7ef73be06,"{""BUILD_PASTURE"":13,""CARE"":285,""COLLECT_FERTILIZER"":296,""DIG"":40,""DROP"":57,""EAST"":634,""FEED"":290,""FERTILIZE"":72,""HARVEST"":390,""NORTH"":838,""PASS"":994,""PICKUP"":135,""PLACE"":13,""PLANT"":199,""SOUTH"":553,""WATER"":1010,""WEST"":811}","{""FERTILIZER"":235,""MELON"":114,""MILK"":241,""STRAWBERRY"":286,""WHEAT"":455,""WOOL"":132}","{""BUY_ANIMAL:COW"":9,""BUY_ANIMAL:SHEEP"":4,""BUY_PRODUCT:WHEAT"":212,""BUY_SEED:MELON"":19,""BUY_SEED:STRAWBERRY"":37,""BUY_SEED:WHEAT"":148}",262,2,"{""COW"":9,""SHEEP"":4,""WHEAT"":1}",{}
93418009,1,Yan,道海孤舟,57964.0,57964.0,T,0.0,"[""BAKERY"",""PET_CAFE"",""BRUNCH_SPOT"",""SMOOTHIE_SHOP"",""YARN_STORE"",""SMOOTHIE_SHOP"",""YARN_STORE"",""YARN_STORE""]",377,market,11,11,0,0,4750084d0f71023d,e005a8abbb639144,8288584f2403fe50,825625777334a287,757f68f7ef73be06,"{""BUILD_PASTURE"":13,""CARE"":285,""COLLECT_FERTILIZER"":296,""DIG"":40,""DROP"":57,""EAST"":634,""FEED"":290,""FERTILIZE"":72,""HARVEST"":390,""NORTH"":838,""PASS"":994,""PICKUP"":135,""PLACE"":13,""PLANT"":199,""SOUTH"":553,""WATER"":1010,""WEST"":811}","{""FERTILIZER"":235,""MELON"":114,""MILK"":241,""STRAWBERRY"":286,""WHEAT"":455,""WOOL"":132}","{""BUY_ANIMAL:COW"":9,""BUY_ANIMAL:SHEEP"":4,""BUY_PRODUCT:WHEAT"":212,""BUY_SEED:MELON"":19,""BUY_SEED:STRAWBERRY"":37,""BUY_SEED:WHEAT"":148}",262,2,"{""COW"":9,""SHEEP"":4,""WHEAT"":1}",{}
93426809,0,道海孤舟,shehai.lrs,99640.0,100820.0,L,-1180.0,"[""FARMERS_MARKET"",""YARN_STORE"",""FARMERS_MARKET"",""FARMERS_MARKET"",""FARMERS_MARKET"",""BRUNCH_SPOT"",""PET_CAFE"",""PET_CAFE""]",137,hands,20,14,0,6,4750084d0f71023d,e005a8abbb639144,e97915a2a98043e3,1e443555e4f8a06a,29d19416e16d10b3,"{""BUILD_PASTURE"":13,""CARE"":285,""COLLECT_FERTILIZER"":296,""DIG"":41,""DROP"":57,""EAST"":634,""FEED"":290,""FERTILIZE"":72,""HARVEST"":390,""NORTH"":838,""PASS"":994,""PICKUP"":135,""PLACE"":13,""PLANT"":199,""SOUTH"":553,""WATER"":1009,""WEST"":811}","{""FERTILIZER"":235,""MELON"":114,""MILK"":241,""STRAWBERRY"":286,""WHEAT"":455,""WOOL"":132}","{""BUY_ANIMAL:COW"":9,""BUY_ANIMAL:SHEEP"":4,""BUY_PRODUCT:WHEAT"":212,""BUY_SEED:MELON"":19,""BUY_SEED:STRAWBERRY"":37,""BUY_SEED:WHEAT"":148}",262,2,"{""COW"":9,""SHEEP"":4,""WHEAT"":1}",{}
93426809,1,shehai.lrs,道海孤舟,100820.0,99640.0,W,1180.0,"[""FARMERS_MARKET"",""YARN_STORE"",""FARMERS_MARKET"",""FARMERS_MARKET"",""FARMERS_MARKET"",""BRUNCH_SPOT"",""PET_CAFE"",""PET_CAFE""]",124,hands,292,169,139,227,4750084d0f71023d,e005a8abbb639144,45991d026353072a,25409073e5212508,c23d9da625410028,"{""BUILD_PASTURE"":15,""CARE"":291,""COLLECT_FERTILIZER"":310,""DIG"":44,""DROP"":49,""EAST"":604,""FEED"":299,""FERTILIZE"":71,""HARVEST"":386,""NORTH"":841,""PASS"":957,""PICKUP"":142,""PLACE"":14,""PLANT"":198,""SOUTH"":555,""WATER"":986,""WEST"":800}","{""FERTILIZER"":241,""MELON"":114,""MILK"":225,""STRAWBERRY"":276,""WHEAT"":450,""WOOL"":138}","{""BUY_ANIMAL:COW"":9,""BUY_ANIMAL:SHEEP"":5,""BUY_PRODUCT:WHEAT"":240,""BUY_SEED:MELON"":19,""BUY_SEED:STRAWBERRY"":37,""BUY_SEED:WHEAT"":148}",259,2,"{""COW"":9,""SHEEP"":5,""WHEAT"":2}",{}
93430251,0,Excluding,道海孤舟,122490.0,114380.0,W,8110.0,"[""YARN_STORE"",""ICE_CREAM_SHOP"",""ICE_CREAM_SHOP"",""BAKERY"",""PIZZA_SHOP"",""BAKERY"",""BAKERY"",""YARN_STORE""]",0,"market,farmer",719,414,624,689,6ecb9104718cf14b,7c4710fa41dd98bb,03a1f2ef6bc7abee,e2ca6b78e130e415,d31d9012e3e22cc1,"{""BUILD_PASTURE"":15,""CARE"":328,""COLLECT_FERTILIZER"":348,""DIG"":43,""DROP"":79,""EAST"":921,""FEED"":343,""FERTILIZE"":113,""HARVEST"":331,""NORTH"":1185,""PASS"":419,""PICKUP"":171,""PLACE"":18,""PLANT"":138,""SOUTH"":697,""WATER"":948,""WEST"":1168}","{""FERTILIZER"":365,""MELON"":84,""MILK"":208,""STRAWBERRY"":243,""TOMATO"":58,""WHEAT"":714,""WOOL"":337}","{""BUY_ANIMAL:COW"":7,""BUY_ANIMAL:SHEEP"":8,""BUY_PRODUCT:WHEAT"":302,""BUY_SEED:MELON"":16,""BUY_SEED:STRAWBERRY"":34,""BUY_SEED:TOMATO"":9,""BUY_SEED:WHEAT"":85}",289,2,"{""COW"":7,""SHEEP"":8,""WHEAT"":8}",{}
93430251,1,道海孤舟,Excluding,114380.0,122490.0,L,-8110.0,"[""YARN_STORE"",""ICE_CREAM_SHOP"",""ICE_CREAM_SHOP"",""BAKERY"",""PIZZA_SHOP"",""BAKERY"",""BAKERY"",""YARN_STORE""]",134,hands,32,17,0,15,4750084d0f71023d,e005a8abbb639144,165c98e486d76720,b7852ddea8356d91,97cd89d734be68c7,"{""BUILD_PASTURE"":13,""CARE"":285,""COLLECT_FERTILIZER"":296,""DIG"":42,""DROP"":57,""EAST"":634,""FEED"":290,""FERTILIZE"":72,""HARVEST"":390,""NORTH"":838,""PASS"":993,""PICKUP"":135,""PLACE"":13,""PLANT"":199,""SOUTH"":553,""WATER"":1009,""WEST"":811}","{""FERTILIZER"":235,""MELON"":114,""MILK"":241,""STRAWBERRY"":286,""WHEAT"":455,""WOOL"":132}","{""BUY_ANIMAL:COW"":9,""BUY_ANIMAL:SHEEP"":4,""BUY_PRODUCT:WHEAT"":212,""BUY_SEED:MELON"":19,""BUY_SEED:STRAWBERRY"":37,""BUY_SEED:WHEAT"":148}",262,2,"{""COW"":9,""SHEEP"":4,""WHEAT"":1}",{}
93433790,0,aisamhottman,道海孤舟,112670.0,87446.0,W,25224.0,"[""BAKERY"",""PIZZA_SHOP"",""ICE_CREAM_SHOP"",""ICE_CREAM_SHOP"",""YARN_STORE"",""ICE_CREAM_SHOP"",""PIZZA_SHOP"",""FARMERS_MARKET""]",0,market,668,333,262,560,1c61a38fe4eadb98,c171a5191fbefb05,5308f5f41c2808f1,03aeab5a404cf2c4,a856e069ed660282,"{""BUILD_PASTURE"":13,""CARE"":955,""COLLECT_FERTILIZER"":290,""DIG"":43,""DROP"":89,""EAST"":669,""FEED"":290,""FERTILIZE"":72,""HARVEST"":390,""NORTH"":838,""PASS"":257,""PICKUP"":135,""PLACE"":13,""PLANT"":198,""SOUTH"":564,""WATER"":1008,""WEST"":825}","{""FERTILIZER"":300,""MELON"":126,""MILK"":320,""STRAWBERRY"":300,""WHEAT"":479,""WOOL"":154}","{""BUY_ANIMAL:COW"":8,""BUY_ANIMAL:SHEEP"":4,""BUY_PRODUCT:WHEAT"":189,""BUY_SEED:MELON"":20,""BUY_SEED:STRAWBERRY"":37,""BUY_SEED:WHEAT"":144}",264,2,"{""COW"":8,""SHEEP"":4,""WHEAT"":1}",{}
93433790,1,道海孤舟,aisamhottman,87446.0,112670.0,L,-25224.0,"[""BAKERY"",""PIZZA_SHOP"",""ICE_CREAM_SHOP"",""ICE_CREAM_SHOP"",""YARN_STORE"",""ICE_CREAM_SHOP"",""PIZZA_SHOP"",""FARMERS_MARKET""]",242,hands,51,15,0,37,4750084d0f71023d,e005a8abbb639144,8288584f2403fe50,1141033bee15717a,8b2d3f905999dbe6,"{""BUILD_PASTURE"":13,""CARE"":285,""COLLECT_FERTILIZER"":296,""DIG"":42,""DROP"":56,""EAST"":632,""FEED"":290,""FERTILIZE"":72,""HARVEST"":389,""NORTH"":834,""PASS"":987,""PICKUP"":135,""PLACE"":13,""PLANT"":198,""SOUTH"":549,""WATER"":1008,""WEST"":809}","{""FERTILIZER"":235,""MELON"":114,""MILK"":241,""STRAWBERRY"":286,""WHEAT"":455,""WOOL"":132}","{""BUY_ANIMAL:COW"":9,""BUY_ANIMAL:SHEEP"":4,""BUY_PRODUCT:WHEAT"":212,""BUY_SEED:MELON"":19,""BUY_SEED:STRAWBERRY"":37,""BUY_SEED:WHEAT"":148}",262,2,"{""COW"":7,""SHEEP"":3,""WHEAT"":1}",{}
93433953,0,道海孤舟,Anhad Mahajan,117215.0,117215.0,T,0.0,"[""FARMERS_MARKET"",""SMOOTHIE_SHOP"",""FARMERS_MARKET"",""ICE_CREAM_SHOP"",""BRUNCH_SPOT"",""SMOOTHIE_SHOP"",""YARN_STORE"",""BRUNCH_SPOT""]",126,hands,18,10,0,8,4750084d0f71023d,e005a8abbb639144,0c114c3a9f7fd36c,34fc9eb1756f0a3e,a4716512d8522f9a,"{""BUILD_PASTURE"":13,""CARE"":285,""COLLECT_FERTILIZER"":296,""DIG"":41,""DROP"":57,""EAST"":634,""FEED"":290,""FERTILIZE"":72,""HARVEST"":390,""NORTH"":838,""PASS"":993,""PICKUP"":135,""PLACE"":13,""PLANT"":199,""SOUTH"":553,""WATER"":1010,""WEST"":811}","{""FERTILIZER"":235,""MELON"":114,""MILK"":241,""STRAWBERRY"":286,""WHEAT"":455,""WOOL"":132}","{""BUY_ANIMAL:COW"":9,""BUY_ANIMAL:SHEEP"":4,""BUY_PRODUCT:WHEAT"":212,""BUY_SEED:MELON"":19,""BUY_SEED:STRAWBERRY"":37,""BUY_SEED:WHEAT"":148}",262,2,"{""COW"":9,""SHEEP"":4,""WHEAT"":1}",{}
93433953,1,Anhad Mahajan,道海孤舟,117215.0,117215.0,T,0.0,"[""FARMERS_MARKET"",""SMOOTHIE_SHOP"",""FARMERS_MARKET"",""ICE_CREAM_SHOP"",""BRUNCH_SPOT"",""SMOOTHIE_SHOP"",""YARN_STORE"",""BRUNCH_SPOT""]",130,hands,17,10,0,7,4750084d0f71023d,e005a8abbb639144,b8545b5891a5a15c,4ae196bf41a4e81a,dd3506d6b0993e7a,"{""BUILD_PASTURE"":13,""CARE"":285,""COLLECT_FERTILIZER"":296,""DIG"":42,""DROP"":57,""EAST"":634,""FEED"":290,""FERTILIZE"":72,""HARVEST"":390,""NORTH"":838,""PASS"":992,""PICKUP"":135,""PLACE"":13,""PLANT"":199,""SOUTH"":553,""WATER"":1010,""WEST"":811}","{""FERTILIZER"":235,""MELON"":114,""MILK"":241,""STRAWBERRY"":286,""WHEAT"":455,""WOOL"":132}","{""BUY_ANIMAL:COW"":9,""BUY_ANIMAL:SHEEP"":4,""BUY_PRODUCT:WHEAT"":212,""BUY_SEED:MELON"":19,""BUY_SEED:STRAWBERRY"":37,""BUY_SEED:WHEAT"":148}",262,2,"{""COW"":9,""SHEEP"":4,""WHEAT"":1}",{}
93443663,0,道海孤舟,Stocks152,60552.0,61222.0,L,-670.0,"[""PET_CAFE"",""FARMERS_MARKET"",""YARN_STORE"",""YARN_STORE"",""PET_CAFE"",""BRUNCH_SPOT"",""BAKERY"",""YARN_STORE""]",312,market,18,18,0,0,4750084d0f71023d,e005a8abbb639144,8288584f2403fe50,e958f1312b26db0d,aa7aea2c10d59523,"{""BUILD_PASTURE"":13,""CARE"":285,""COLLECT_FERTILIZER"":296,""DIG"":40,""DROP"":57,""EAST"":634,""FEED"":290,""FERTILIZE"":72,""HARVEST"":390,""NORTH"":838,""PASS"":994,""PICKUP"":135,""PLACE"":13,""PLANT"":199,""SOUTH"":553,""WATER"":1010,""WEST"":811}","{""FERTILIZER"":235,""MELON"":114,""MILK"":241,""STRAWBERRY"":286,""WHEAT"":455,""WOOL"":132}","{""BUY_ANIMAL:COW"":9,""BUY_ANIMAL:SHEEP"":4,""BUY_PRODUCT:WHEAT"":212,""BUY_SEED:MELON"":19,""BUY_SEED:STRAWBERRY"":37,""BUY_SEED:WHEAT"":148}",262,2,"{""COW"":9,""SHEEP"":4,""WHEAT"":1}",{}
93443663,1,Stocks152,道海孤舟,61222.0,60552.0,W,670.0,"[""PET_CAFE"",""FARMERS_MARKET"",""YARN_STORE"",""YARN_STORE"",""PET_CAFE"",""BRUNCH_SPOT"",""BAKERY"",""YARN_STORE""]",0,market,337,179,146,260,124b9be0c0969fec,c3d5bc802fcd9191,b53b89442023b3ec,84ed7c390fbdc05d,f0c04f5f0b4b1ecd,"{""BUILD_PASTURE"":15,""CARE"":299,""COLLECT_FERTILIZER"":310,""DIG"":42,""DROP"":49,""EAST"":598,""FEED"":299,""FERTILIZE"":71,""HARVEST"":386,""NORTH"":837,""PASS"":990,""PICKUP"":141,""PLACE"":14,""PLANT"":198,""SOUTH"":553,""WATER"":987,""WEST"":796}","{""FERTILIZER"":239,""MELON"":114,""MILK"":225,""STRAWBERRY"":276,""WHEAT"":440,""WOOL"":138}","{""BUY_ANIMAL:COW"":9,""BUY_ANIMAL:SHEEP"":5,""BUY_PRODUCT:WHEAT"":240,""BUY_SEED:MELON"":19,""BUY_SEED:STRAWBERRY"":37,""BUY_SEED:WHEAT"":148}",260,2,"{""COW"":9,""SHEEP"":5,""WHEAT"":2}",{}
93454417,0,Yassine Ben Zekri,道海孤舟,58870.0,57442.0,W,1428.0,"[""BAKERY"",""BRUNCH_SPOT"",""PET_CAFE"",""BRUNCH_SPOT"",""YARN_STORE"",""BRUNCH_SPOT"",""PIZZA_SHOP"",""PIZZA_SHOP""]",124,hands,279,159,139,218,4750084d0f71023d,e005a8abbb639144,58865dea5b15b413,512536e09194628d,f115f5e2d1499e1d,"{""BUILD_PASTURE"":15,""CARE"":292,""COLLECT_FERTILIZER"":310,""DIG"":43,""DROP"":49,""EAST"":604,""FEED"":299,""FERTILIZE"":71,""HARVEST"":386,""NORTH"":841,""PASS"":957,""PICKUP"":142,""PLACE"":14,""PLANT"":198,""SOUTH"":555,""WATER"":986,""WEST"":800}","{""FERTILIZER"":239,""MELON"":114,""MILK"":225,""STRAWBERRY"":276,""WHEAT"":449,""WOOL"":138}","{""BUY_ANIMAL:COW"":9,""BUY_ANIMAL:SHEEP"":5,""BUY_PRODUCT:WHEAT"":240,""BUY_SEED:MELON"":19,""BUY_SEED:STRAWBERRY"":37,""BUY_SEED:WHEAT"":148}",259,2,"{""COW"":9,""SHEEP"":5,""WHEAT"":2}",{}
93454417,1,道海孤舟,Yassine Ben Zekri,57442.0,58870.0,L,-1428.0,"[""BAKERY"",""BRUNCH_SPOT"",""PET_CAFE"",""BRUNCH_SPOT"",""YARN_STORE"",""BRUNCH_SPOT"",""PIZZA_SHOP"",""PIZZA_SHOP""]",377,market,11,11,0,0,4750084d0f71023d,e005a8abbb639144,8288584f2403fe50,825625777334a287,0a9af8868ded606d,"{""BUILD_PASTURE"":13,""CARE"":285,""COLLECT_FERTILIZER"":296,""DIG"":40,""DROP"":57,""EAST"":634,""FEED"":290,""FERTILIZE"":72,""HARVEST"":390,""NORTH"":838,""PASS"":994,""PICKUP"":135,""PLACE"":13,""PLANT"":199,""SOUTH"":553,""WATER"":1010,""WEST"":811}","{""FERTILIZER"":235,""MELON"":114,""MILK"":241,""STRAWBERRY"":286,""WHEAT"":455,""WOOL"":132}","{""BUY_ANIMAL:COW"":9,""BUY_ANIMAL:SHEEP"":4,""BUY_PRODUCT:WHEAT"":212,""BUY_SEED:MELON"":19,""BUY_SEED:STRAWBERRY"":37,""BUY_SEED:WHEAT"":148}",262,2,"{""COW"":9,""SHEEP"":4,""WHEAT"":1}",{}
93458883,0,道海孤舟,Pilkwang Kim,82742.0,97381.0,L,-14639.0,"[""PIZZA_SHOP"",""PIZZA_SHOP"",""PIZZA_SHOP"",""BRUNCH_SPOT"",""BAKERY"",""PIZZA_SHOP"",""FARMERS_MARKET"",""SMOOTHIE_SHOP""]",216,market,16,16,0,0,4750084d0f71023d,e005a8abbb639144,8288584f2403fe50,c6834fcea8abe26a,73e73ea623478f12,"{""BUILD_PASTURE"":13,""CARE"":285,""COLLECT_FERTILIZER"":296,""DIG"":40,""DROP"":57,""EAST"":634,""FEED"":290,""FERTILIZE"":72,""HARVEST"":390,""NORTH"":838,""PASS"":994,""PICKUP"":135,""PLACE"":13,""PLANT"":199,""SOUTH"":553,""WATER"":1010,""WEST"":811}","{""FERTILIZER"":235,""MELON"":114,""MILK"":241,""STRAWBERRY"":286,""WHEAT"":455,""WOOL"":132}","{""BUY_ANIMAL:COW"":9,""BUY_ANIMAL:SHEEP"":4,""BUY_PRODUCT:WHEAT"":212,""BUY_SEED:MELON"":19,""BUY_SEED:STRAWBERRY"":37,""BUY_SEED:WHEAT"":148}",262,2,"{""COW"":9,""SHEEP"":4,""WHEAT"":1}",{}
93458883,1,Pilkwang Kim,道海孤舟,97381.0,82742.0,W,14639.0,"[""PIZZA_SHOP"",""PIZZA_SHOP"",""PIZZA_SHOP"",""BRUNCH_SPOT"",""BAKERY"",""PIZZA_SHOP"",""FARMERS_MARKET"",""SMOOTHIE_SHOP""]",0,"market,farmer",719,474,626,689,cd13871b0e7111aa,cac782c1a54f3185,45eaf3e5d308972e,a5734645adc406cf,822c6da48bd6cffe,"{""BUILD_PASTURE"":14,""CARE"":318,""COLLECT_FERTILIZER"":306,""DIG"":17,""DROP"":10,""EAST"":809,""FEED"":321,""FERTILIZE"":64,""HARVEST"":394,""NORTH"":1006,""PASS"":667,""PICKUP"":129,""PLACE"":55,""PLANT"":187,""SOUTH"":624,""WATER"":947,""WEST"":1046}","{""CARROT"":15,""FERTILIZER"":1906,""MELON"":120,""MILK"":328,""STRAWBERRY"":254,""WHEAT"":967,""WOOL"":151}","{""BUY_ANIMAL:COW"":10,""BUY_ANIMAL:SHEEP"":4,""BUY_PRODUCT:WHEAT"":351,""BUY_SEED:CARROT"":6,""BUY_SEED:MELON"":20,""BUY_SEED:STRAWBERRY"":34,""BUY_SEED:WHEAT"":127}",277,2,"{""COW"":10,""SHEEP"":4,""WHEAT"":1}","{""FERTILIZER"":1}"
93568879,0,道海孤舟,道海孤舟,53990.0,54230.0,L,-240.0,"[""PET_CAFE"",""PET_CAFE"",""ICE_CREAM_SHOP"",""ICE_CREAM_SHOP"",""PET_CAFE"",""PET_CAFE"",""SMOOTHIE_SHOP"",""PET_CAFE""]",0,market,656,320,242,553,1c61a38fe4eadb98,1a2222d9ef13dc33,271fd8975ec40979,4926ed3eaa1ad3e3,0a18f9fcb887f245,"{""BUILD_PASTURE"":13,""CARE"":967,""COLLECT_FERTILIZER"":296,""DIG"":41,""DROP"":69,""EAST"":652,""FEED"":290,""FERTILIZE"":72,""HARVEST"":390,""NORTH"":838,""PASS"":300,""PICKUP"":135,""PLACE"":13,""PLANT"":199,""SOUTH"":554,""WATER"":1009,""WEST"":811}","{""FERTILIZER"":297,""MELON"":126,""MILK"":320,""STRAWBERRY"":300,""WHEAT"":460,""WOOL"":154}","{""BUY_ANIMAL:COW"":8,""BUY_ANIMAL:SHEEP"":4,""BUY_PRODUCT:WHEAT"":189,""BUY_SEED:MELON"":20,""BUY_SEED:STRAWBERRY"":37,""BUY_SEED:WHEAT"":144}",264,2,"{""COW"":8,""SHEEP"":4}","{""WHEAT"":7}"
93568879,1,道海孤舟,道海孤舟,54230.0,53990.0,W,240.0,"[""PET_CAFE"",""PET_CAFE"",""ICE_CREAM_SHOP"",""ICE_CREAM_SHOP"",""PET_CAFE"",""PET_CAFE"",""SMOOTHIE_SHOP"",""PET_CAFE""]",0,market,655,319,242,551,1c61a38fe4eadb98,ac6951319520bd9f,0951e7e40db56e2c,d5d68ed4d5a895fa,225625b3df32eb18,"{""BUILD_PASTURE"":13,""CARE"":966,""COLLECT_FERTILIZER"":296,""DIG"":41,""DROP"":69,""EAST"":652,""FEED"":290,""FERTILIZE"":72,""HARVEST"":390,""NORTH"":838,""PASS"":300,""PICKUP"":135,""PLACE"":13,""PLANT"":199,""SOUTH"":554,""WATER"":1010,""WEST"":811}","{""FERTILIZER"":297,""MELON"":126,""MILK"":320,""STRAWBERRY"":300,""WHEAT"":460,""WOOL"":154}","{""BUY_ANIMAL:COW"":8,""BUY_ANIMAL:SHEEP"":4,""BUY_PRODUCT:WHEAT"":189,""BUY_SEED:MELON"":20,""BUY_SEED:STRAWBERRY"":37,""BUY_SEED:WHEAT"":144}",264,2,"{""COW"":8,""SHEEP"":4}","{""WHEAT"":7}"
93570324,0,Dipak_ISM,道海孤舟,17686.0,85967.0,L,-68281.0,"[""PET_CAFE"",""PIZZA_SHOP"",""FARMERS_MARKET"",""BAKERY"",""PIZZA_SHOP"",""PET_CAFE"",""SMOOTHIE_SHOP"",""PIZZA_SHOP""]",0,market,719,409,698,689,c3263ad12983abd2,a786c77649d709c6,76f1ccf2352c4856,d98d5c33cd69c0fa,753d568a7db6a33d,"{""BUILD_PASTURE"":11,""CARE"":232,""COLLECT_FERTILIZER"":241,""DIG"":26,""DROP"":1926,""EAST"":818,""FEED"":243,""HARVEST"":120,""NORTH"":645,""PASS"":563,""PICKUP"":584,""PLACE"":12,""PLANT"":65,""SOUTH"":418,""WATER"":298,""WEST"":906}","{""FERTILIZER"":300,""MELON"":30,""MILK"":292,""STRAWBERRY"":2,""WHEAT"":197,""WOOL"":94}","{""BUY_ANIMAL:COW"":11,""BUY_ANIMAL:SHEEP"":11,""BUY_PRODUCT:WHEAT"":451,""BUY_SEED:MELON"":18,""BUY_SEED:STRAWBERRY"":13,""BUY_SEED:WHEAT"":71}",286,2,"{""COW"":8,""SHEEP"":3,""WHEAT"":9}",{}
93570324,1,道海孤舟,Dipak_ISM,85967.0,17686.0,W,68281.0,"[""PET_CAFE"",""PIZZA_SHOP"",""FARMERS_MARKET"",""BAKERY"",""PIZZA_SHOP"",""PET_CAFE"",""SMOOTHIE_SHOP"",""PIZZA_SHOP""]",0,market,664,319,242,565,a58bbe7f9d7949c7,f6692478d7dcba53,51963e86e1e5fc16,3e5ef8136dd2782c,5dc722199d885b8b,"{""BUILD_PASTURE"":13,""CARE"":967,""COLLECT_FERTILIZER"":296,""DIG"":41,""DROP"":69,""EAST"":652,""FEED"":290,""FERTILIZE"":72,""HARVEST"":390,""NORTH"":838,""PASS"":322,""PICKUP"":135,""PLACE"":13,""PLANT"":199,""SOUTH"":554,""WATER"":1010,""WEST"":811}","{""FERTILIZER"":297,""MELON"":126,""MILK"":320,""STRAWBERRY"":300,""WHEAT"":460,""WOOL"":154}","{""BUY_ANIMAL:COW"":8,""BUY_ANIMAL:SHEEP"":4,""BUY_PRODUCT:WHEAT"":189,""BUY_SEED:MELON"":20,""BUY_SEED:STRAWBERRY"":37,""BUY_SEED:WHEAT"":144}",264,2,"{""COW"":8,""SHEEP"":4,""WHEAT"":1}","{""WHEAT"":7}"
93571219,0,道海孤舟,Abish Pius,136776.0,80800.0,W,55976.0,"[""BRUNCH_SPOT"",""PIZZA_SHOP"",""PIZZA_SHOP"",""YARN_STORE"",""ICE_CREAM_SHOP"",""BRUNCH_SPOT"",""PIZZA_SHOP"",""SMOOTHIE_SHOP""]",0,market,663,319,242,567,a58bbe7f9d7949c7,fed4ebcbaa134bb1,4fabd8eb4c145655,c0aaf0dd94cc0e3c,71d9dbc7bd8753d7,"{""BUILD_PASTURE"":13,""CARE"":967,""COLLECT_FERTILIZER"":296,""DIG"":44,""DROP"":69,""EAST"":651,""FEED"":290,""FERTILIZE"":72,""HARVEST"":390,""NORTH"":838,""PASS"":321,""PICKUP"":135,""PLACE"":13,""PLANT"":199,""SOUTH"":554,""WATER"":1009,""WEST"":811}","{""FERTILIZER"":297,""MELON"":126,""MILK"":320,""STRAWBERRY"":300,""WHEAT"":460,""WOOL"":154}","{""BUY_ANIMAL:COW"":8,""BUY_ANIMAL:SHEEP"":4,""BUY_PRODUCT:WHEAT"":189,""BUY_SEED:MELON"":20,""BUY_SEED:STRAWBERRY"":37,""BUY_SEED:WHEAT"":144}",264,2,"{""COW"":8,""SHEEP"":4,""WHEAT"":1}","{""WHEAT"":7}"
93571219,1,Abish Pius,道海孤舟,80800.0,136776.0,L,-55976.0,"[""BRUNCH_SPOT"",""PIZZA_SHOP"",""PIZZA_SHOP"",""YARN_STORE"",""ICE_CREAM_SHOP"",""BRUNCH_SPOT"",""PIZZA_SHOP"",""SMOOTHIE_SHOP""]",0,"market,farmer",719,647,618,689,d1b6016f234d8fd3,91d934eeb74254af,b70de6befe735d0a,74e4758308ba0c78,c22e0244c4539015,"{""BUILD_PASTURE"":15,""CARE"":345,""COLLECT_FERTILIZER"":318,""DIG"":15,""DROP"":191,""EAST"":1192,""FEED"":305,""FERTILIZE"":41,""HARVEST"":223,""NORTH"":1336,""PASS"":580,""PICKUP"":125,""PLACE"":23,""PLANT"":86,""SOUTH"":1151,""WATER"":759,""WEST"":1279}","{""CARROT"":500,""EGG"":500,""FERTILIZER"":1361,""MELON"":766,""MILK"":908,""STRAWBERRY"":695,""TOMATO"":500,""WHEAT"":5022,""WOOL"":597}","{""BUY_ANIMAL:COW"":20,""BUY_ANIMAL:SHEEP"":3,""BUY_PRODUCT:WHEAT"":4601,""BUY_SEED:CARROT"":2,""BUY_SEED:MELON"":45,""BUY_SEED:STRAWBERRY"":31,""BUY_SEED:WHEAT"":32}",324,2,"{""CARROT"":1,""COW"":12,""MELON"":1,""SHEEP"":3,""STRAWBERRY"":5,""WHEAT"":4}",{}
93572099,0,道海孤舟,Lady and tech,60553.0,16814.0,W,43739.0,"[""PIZZA_SHOP"",""BAKERY"",""BAKERY"",""PET_CAFE"",""FARMERS_MARKET"",""PIZZA_SHOP"",""BAKERY"",""BRUNCH_SPOT""]",0,market,660,319,242,560,a58bbe7f9d7949c7,f6692478d7dcba53,51963e86e1e5fc16,d6088b97d033d2aa,e09ea1f2f4915c8c,"{""BUILD_PASTURE"":13,""CARE"":967,""COLLECT_FERTILIZER"":296,""DIG"":40,""DROP"":69,""EAST"":652,""FEED"":290,""FERTILIZE"":72,""HARVEST"":390,""NORTH"":838,""PASS"":323,""PICKUP"":135,""PLACE"":13,""PLANT"":199,""SOUTH"":554,""WATER"":1010,""WEST"":811}","{""FERTILIZER"":297,""MELON"":126,""MILK"":320,""STRAWBERRY"":300,""WHEAT"":460,""WOOL"":154}","{""BUY_ANIMAL:COW"":8,""BUY_ANIMAL:SHEEP"":4,""BUY_PRODUCT:WHEAT"":189,""BUY_SEED:MELON"":20,""BUY_SEED:STRAWBERRY"":37,""BUY_SEED:WHEAT"":144}",264,2,"{""COW"":8,""SHEEP"":4}","{""WHEAT"":7}"
93572099,1,Lady and tech,道海孤舟,16814.0,60553.0,L,-43739.0,"[""PIZZA_SHOP"",""BAKERY"",""BAKERY"",""PET_CAFE"",""FARMERS_MARKET"",""PIZZA_SHOP"",""BAKERY"",""BRUNCH_SPOT""]",0,"market,farmer",719,429,631,689,776d9573f5773741,f732fa9bc27d2692,29f877cb848ac18c,dc38589fa1645166,3593d2a5679039ad,"{""BUILD_COOP"":14,""BUILD_PASTURE"":30,""CARE"":397,""COLLECT_FERTILIZER"":304,""DIG"":22,""DROP"":240,""EAST"":781,""FEED"":571,""FERTILIZE"":27,""HARVEST"":259,""NORTH"":834,""PASS"":805,""PICKUP"":602,""PLACE"":39,""PLANT"":65,""SOUTH"":684,""WATER"":376,""WEST"":769}","{""CARROT"":8,""EGG"":253,""FERTILIZER"":329,""MELON"":132,""MILK"":227,""WHEAT"":123,""WOOL"":79}","{""BUY_ANIMAL:COW"":17,""BUY_ANIMAL:GOOSE"":10,""BUY_ANIMAL:SHEEP"":9,""BUY_PRODUCT:WHEAT"":537,""BUY_SEED:CARROT"":32,""BUY_SEED:MELON"":44,""BUY_SEED:WHEAT"":36}",269,3,"{""COW"":17,""GOOSE"":10,""SHEEP"":9}","{""CARROT"":2,""FERTILIZER"":6,""MILK"":3}"
93572980,0,Emanuel Lázaro,道海孤舟,61604.0,100007.0,L,-38403.0,"[""PIZZA_SHOP"",""PIZZA_SHOP"",""FARMERS_MARKET"",""SMOOTHIE_SHOP"",""BAKERY"",""PET_CAFE"",""YARN_STORE"",""BAKERY""]",0,market,719,545,622,688,84a3b1c1cb46a8a8,f61ad74470fa3f30,b296393879dabb58,6f60c9a64a637eb1,00614f78b6b359ed,"{""BUILD_PASTURE"":15,""CARE"":321,""COLLECT_FERTILIZER"":322,""DIG"":33,""DROP"":90,""EAST"":781,""FEED"":329,""FERTILIZE"":75,""HARVEST"":270,""NORTH"":1116,""PASS"":673,""PICKUP"":440,""PLACE"":15,""PLANT"":69,""SOUTH"":891,""WATER"":672,""WEST"":959}","{""FERTILIZER"":246,""MELON"":102,""MILK"":220,""STRAWBERRY"":296,""WHEAT"":832,""WOOL"":177}","{""BUY_ANIMAL:COW"":8,""BUY_ANIMAL:SHEEP"":7,""BUY_PRODUCT:WHEAT"":1149,""BUY_SEED:MELON"":18,""BUY_SEED:STRAWBERRY"":46,""BUY_SEED:WHEAT"":5}",294,2,"{""COW"":8,""SHEEP"":7,""STRAWBERRY"":10}",{}
93572980,1,道海孤舟,Emanuel Lázaro,100007.0,61604.0,W,38403.0,"[""PIZZA_SHOP"",""PIZZA_SHOP"",""FARMERS_MARKET"",""SMOOTHIE_SHOP"",""BAKERY"",""PET_CAFE"",""YARN_STORE"",""BAKERY""]",0,market,660,319,242,560,a58bbe7f9d7949c7,f6692478d7dcba53,51963e86e1e5fc16,d6088b97d033d2aa,fe74d06d26d088b3,"{""BUILD_PASTURE"":13,""CARE"":967,""COLLECT_FERTILIZER"":296,""DIG"":40,""DROP"":69,""EAST"":652,""FEED"":290,""FERTILIZE"":72,""HARVEST"":390,""NORTH"":838,""PASS"":323,""PICKUP"":135,""PLACE"":13,""PLANT"":199,""SOUTH"":554,""WATER"":1010,""WEST"":811}","{""FERTILIZER"":297,""MELON"":126,""MILK"":320,""STRAWBERRY"":300,""WHEAT"":460,""WOOL"":154}","{""BUY_ANIMAL:COW"":8,""BUY_ANIMAL:SHEEP"":4,""BUY_PRODUCT:WHEAT"":189,""BUY_SEED:MELON"":20,""BUY_SEED:STRAWBERRY"":37,""BUY_SEED:WHEAT"":144}",264,2,"{""COW"":8,""SHEEP"":4,""WHEAT"":1}","{""WHEAT"":7}"
93573868,0,道海孤舟,tmxdlr,75385.0,45082.0,W,30303.0,"[""ICE_CREAM_SHOP"",""PET_CAFE"",""BRUNCH_SPOT"",""PET_CAFE"",""BAKERY"",""FARMERS_MARKET"",""PIZZA_SHOP"",""BAKERY""]",0,market,660,319,242,560,a58bbe7f9d7949c7,048dfac5e2fb47bb,266059738f38287e,80f72d2dd174c84b,a2f2758ac73e0501,"{""BUILD_PASTURE"":13,""CARE"":966,""COLLECT_FERTILIZER"":296,""DIG"":41,""DROP"":69,""EAST"":652,""FEED"":290,""FERTILIZE"":72,""HARVEST"":390,""NORTH"":838,""PASS"":323,""PICKUP"":135,""PLACE"":13,""PLANT"":199,""SOUTH"":554,""WATER"":1010,""WEST"":811}","{""FERTILIZER"":297,""MELON"":126,""MILK"":320,""STRAWBERRY"":300,""WHEAT"":460,""WOOL"":154}","{""BUY_ANIMAL:COW"":8,""BUY_ANIMAL:SHEEP"":4,""BUY_PRODUCT:WHEAT"":189,""BUY_SEED:MELON"":20,""BUY_SEED:STRAWBERRY"":37,""BUY_SEED:WHEAT"":144}",264,2,"{""COW"":8,""SHEEP"":4,""WHEAT"":1}","{""WHEAT"":7}"
93573868,1,tmxdlr,道海孤舟,45082.0,75385.0,L,-30303.0,"[""ICE_CREAM_SHOP"",""PET_CAFE"",""BRUNCH_SPOT"",""PET_CAFE"",""BAKERY"",""FARMERS_MARKET"",""PIZZA_SHOP"",""BAKERY""]",0,market,719,561,637,688,36dc8a60ec65aa0b,f4c53553a364434b,a9d28ce8ceb213dd,cad404fd107a66a8,1465ae2f2a91f277,"{""BUILD_PASTURE"":14,""CARE"":308,""COLLECT_FERTILIZER"":317,""DIG"":27,""DROP"":80,""EAST"":857,""FEED"":319,""FERTILIZE"":107,""HARVEST"":338,""NORTH"":1236,""PASS"":355,""PICKUP"":339,""PLACE"":27,""PLANT"":131,""SOUTH"":929,""WATER"":851,""WEST"":1098}","{""CARROT"":13,""EGG"":8,""FERTILIZER"":445,""MELON"":317,""MILK"":987,""STRAWBERRY"":1053,""TOMATO"":4,""WHEAT"":1131,""WOOL"":469}","{""BUY_ANIMAL:COW"":8,""BUY_ANIMAL:SHEEP"":6,""BUY_PRODUCT:WHEAT"":967,""BUY_SEED:MELON"":21,""BUY_SEED:STRAWBERRY"":44,""BUY_SEED:WHEAT"":66}",306,2,"{""COW"":8,""SHEEP"":5,""STRAWBERRY"":6,""WHEAT"":1}",{}
93574752,0,Thiago Munhoz da Nóbrega,道海孤舟,117720.0,140790.0,L,-23070.0,"[""ICE_CREAM_SHOP"",""BRUNCH_SPOT"",""BRUNCH_SPOT"",""ICE_CREAM_SHOP"",""PIZZA_SHOP"",""SMOOTHIE_SHOP"",""PIZZA_SHOP"",""BAKERY""]",0,market,719,548,637,688,36dc8a60ec65aa0b,bcfca143cf268eb7,78d7cc4081b82a02,04e389409aef9a6d,657c18cb04c803d5,"{""BUILD_PASTURE"":14,""CARE"":308,""COLLECT_FERTILIZER"":318,""DIG"":25,""DROP"":80,""EAST"":853,""FEED"":319,""FERTILIZE"":107,""HARVEST"":338,""NORTH"":1235,""PASS"":349,""PICKUP"":339,""PLACE"":27,""PLANT"":131,""SOUTH"":928,""WATER"":848,""WEST"":1093}","{""CARROT"":13,""EGG"":8,""FERTILIZER"":408,""MELON"":215,""MILK"":585,""STRAWBERRY"":571,""TOMATO"":4,""WHEAT"":1108,""WOOL"":340}","{""BUY_ANIMAL:COW"":8,""BUY_ANIMAL:SHEEP"":6,""BUY_PRODUCT:WHEAT"":967,""BUY_SEED:MELON"":21,""BUY_SEED:STRAWBERRY"":44,""BUY_SEED:WHEAT"":66}",306,2,"{""COW"":7,""SHEEP"":5,""STRAWBERRY"":6,""WHEAT"":1}",{}
93574752,1,道海孤舟,Thiago Munhoz da Nóbrega,140790.0,117720.0,W,23070.0,"[""ICE_CREAM_SHOP"",""BRUNCH_SPOT"",""BRUNCH_SPOT"",""ICE_CREAM_SHOP"",""PIZZA_SHOP"",""SMOOTHIE_SHOP"",""PIZZA_SHOP"",""BAKERY""]",0,market,660,319,242,560,a58bbe7f9d7949c7,f6692478d7dcba53,51963e86e1e5fc16,d6088b97d033d2aa,2375b2db25368644,"{""BUILD_PASTURE"":13,""CARE"":967,""COLLECT_FERTILIZER"":296,""DIG"":40,""DROP"":69,""EAST"":652,""FEED"":290,""FERTILIZE"":72,""HARVEST"":390,""NORTH"":838,""PASS"":323,""PICKUP"":135,""PLACE"":13,""PLANT"":199,""SOUTH"":554,""WATER"":1010,""WEST"":811}","{""FERTILIZER"":297,""MELON"":126,""MILK"":320,""STRAWBERRY"":300,""WHEAT"":460,""WOOL"":154}","{""BUY_ANIMAL:COW"":8,""BUY_ANIMAL:SHEEP"":4,""BUY_PRODUCT:WHEAT"":189,""BUY_SEED:MELON"":20,""BUY_SEED:STRAWBERRY"":37,""BUY_SEED:WHEAT"":144}",264,2,"{""COW"":8,""SHEEP"":4,""WHEAT"":1}","{""WHEAT"":7}"
93575644,0,道海孤舟,forever young,67090.0,57612.0,W,9478.0,"[""YARN_STORE"",""PET_CAFE"",""YARN_STORE"",""SMOOTHIE_SHOP"",""YARN_STORE"",""PIZZA_SHOP"",""PIZZA_SHOP"",""PET_CAFE""]",0,market,660,319,242,560,a58bbe7f9d7949c7,f6692478d7dcba53,51963e86e1e5fc16,1f38d7411b1c60c3,fd299b595f1fe5ff,"{""BUILD_PASTURE"":13,""CARE"":967,""COLLECT_FERTILIZER"":296,""DIG"":40,""DROP"":69,""EAST"":652,""FEED"":290,""FERTILIZE"":72,""HARVEST"":390,""NORTH"":838,""PASS"":323,""PICKUP"":135,""PLACE"":13,""PLANT"":199,""SOUTH"":554,""WATER"":1010,""WEST"":811}","{""FERTILIZER"":297,""MELON"":126,""MILK"":320,""STRAWBERRY"":300,""WHEAT"":460,""WOOL"":154}","{""BUY_ANIMAL:COW"":8,""BUY_ANIMAL:SHEEP"":4,""BUY_PRODUCT:WHEAT"":189,""BUY_SEED:MELON"":20,""BUY_SEED:STRAWBERRY"":37,""BUY_SEED:WHEAT"":144}",264,2,"{""COW"":8,""SHEEP"":4,""WHEAT"":1}","{""WHEAT"":7}"
93575644,1,forever young,道海孤舟,57612.0,67090.0,L,-9478.0,"[""YARN_STORE"",""PET_CAFE"",""YARN_STORE"",""SMOOTHIE_SHOP"",""YARN_STORE"",""PIZZA_SHOP"",""PIZZA_SHOP"",""PET_CAFE""]",0,"market,farmer",719,452,651,688,96fae0817719455e,7f39647cdd490ea9,bf00748b47c12dfe,fff0770a69bf04de,08e69bcc02b6622d,"{""BUILD_PASTURE"":14,""CARE"":317,""COLLECT_FERTILIZER"":323,""DIG"":28,""DROP"":100,""EAST"":659,""FEED"":322,""FERTILIZE"":100,""HARVEST"":341,""NORTH"":1013,""PASS"":437,""PICKUP"":259,""PLACE"":14,""PLANT"":134,""SOUTH"":783,""WATER"":929,""WEST"":878}","{""FERTILIZER"":238,""MELON"":132,""MILK"":229,""STRAWBERRY"":267,""WHEAT"":186,""WOOL"":164}","{""BUY_ANIMAL:COW"":8,""BUY_ANIMAL:SHEEP"":6,""BUY_PRODUCT:FERTILIZER"":15,""BUY_PRODUCT:WHEAT"":275,""BUY_SEED:MELON"":26,""BUY_SEED:STRAWBERRY"":41,""BUY_SEED:WHEAT"":67}",275,2,"{""COW"":8,""SHEEP"":6,""STRAWBERRY"":5,""WHEAT"":6}",{}
93576533,0,🔥🦫📿🗽,道海孤舟,106372.0,147957.0,L,-41585.0,"[""BRUNCH_SPOT"",""PIZZA_SHOP"",""YARN_STORE"",""ICE_CREAM_SHOP"",""ICE_CREAM_SHOP"",""SMOOTHIE_SHOP"",""FARMERS_MARKET"",""BRUNCH_SPOT""]",0,market,560,259,210,530,cac476d45c20d4d1,ee824f1c02a45c08,1614be65faef12f6,df9c6ffdca9859cf,9e72b78b10145104,"{""BUILD_PASTURE"":14,""CARE"":307,""COLLECT_FERTILIZER"":299,""DIG"":41,""DROP"":49,""EAST"":639,""FEED"":302,""FERTILIZE"":71,""HARVEST"":394,""NORTH"":898,""PASS"":1037,""PICKUP"":131,""PLACE"":13,""PLANT"":205,""SOUTH"":580,""WATER"":1025,""WEST"":809}","{""FERTILIZER"":228,""MELON"":132,""MILK"":228,""STRAWBERRY"":277,""WHEAT"":457,""WOOL"":132}","{""BUY_ANIMAL:COW"":9,""BUY_ANIMAL:SHEEP"":4,""BUY_PRODUCT:WHEAT"":222,""BUY_SEED:MELON"":23,""BUY_SEED:STRAWBERRY"":36,""BUY_SEED:WHEAT"":146}",270,2,"{""COW"":7,""SHEEP"":3,""WHEAT"":6}",{}
93576533,1,道海孤舟,🔥🦫📿🗽,147957.0,106372.0,W,41585.0,"[""BRUNCH_SPOT"",""PIZZA_SHOP"",""YARN_STORE"",""ICE_CREAM_SHOP"",""ICE_CREAM_SHOP"",""SMOOTHIE_SHOP"",""FARMERS_MARKET"",""BRUNCH_SPOT""]",0,market,660,319,242,560,a58bbe7f9d7949c7,f6692478d7dcba53,51963e86e1e5fc16,d6088b97d033d2aa,c37c71c540b72afc,"{""BUILD_PASTURE"":13,""CARE"":967,""COLLECT_FERTILIZER"":296,""DIG"":40,""DROP"":69,""EAST"":652,""FEED"":290,""FERTILIZE"":72,""HARVEST"":390,""NORTH"":838,""PASS"":323,""PICKUP"":135,""PLACE"":13,""PLANT"":199,""SOUTH"":554,""WATER"":1010,""WEST"":811}","{""FERTILIZER"":297,""MELON"":126,""MILK"":320,""STRAWBERRY"":300,""WHEAT"":460,""WOOL"":154}","{""BUY_ANIMAL:COW"":8,""BUY_ANIMAL:SHEEP"":4,""BUY_PRODUCT:WHEAT"":189,""BUY_SEED:MELON"":20,""BUY_SEED:STRAWBERRY"":37,""BUY_SEED:WHEAT"":144}",264,2,"{""COW"":8,""SHEEP"":4,""WHEAT"":1}","{""WHEAT"":7}"
93577431,0,PRITIKA SA,道海孤舟,55100.0,70337.0,L,-15237.0,"[""FARMERS_MARKET"",""PIZZA_SHOP"",""PET_CAFE"",""BAKERY"",""YARN_STORE"",""YARN_STORE"",""BAKERY"",""FARMERS_MARKET""]",0,market,718,392,496,677,1c979e74071bb1cd,4424a9834acd53d3,e95ee56f6b099ed9,86b1430dda18374a,e56e65bc37796b5b,"{""BUILD_PASTURE"":14,""CARE"":308,""COLLECT_FERTILIZER"":296,""DIG"":27,""DROP"":56,""EAST"":654,""FEED"":300,""FERTILIZE"":84,""HARVEST"":360,""NORTH"":849,""PASS"":1010,""PICKUP"":145,""PLACE"":14,""PLANT"":174,""SOUTH"":512,""WATER"":925,""WEST"":925}","{""FERTILIZER"":248,""MELON"":144,""MILK"":214,""STRAWBERRY"":337,""WHEAT"":305,""WOOL"":148}","{""BUY_ANIMAL:COW"":8,""BUY_ANIMAL:SHEEP"":6,""BUY_PRODUCT:WHEAT"":266,""BUY_SEED:MELON"":24,""BUY_SEED:STRAWBERRY"":42,""BUY_SEED:WHEAT"":109}",263,2,"{""COW"":8,""SHEEP"":6,""WHEAT"":4}",{}
93577431,1,道海孤舟,PRITIKA SA,70337.0,55100.0,W,15237.0,"[""FARMERS_MARKET"",""PIZZA_SHOP"",""PET_CAFE"",""BAKERY"",""YARN_STORE"",""YARN_STORE"",""BAKERY"",""FARMERS_MARKET""]",0,market,660,319,242,560,a58bbe7f9d7949c7,f6692478d7dcba53,51963e86e1e5fc16,d6088b97d033d2aa,cbea8bd67e4a5610,"{""BUILD_PASTURE"":13,""CARE"":967,""COLLECT_FERTILIZER"":296,""DIG"":40,""DROP"":69,""EAST"":652,""FEED"":290,""FERTILIZE"":72,""HARVEST"":390,""NORTH"":838,""PASS"":323,""PICKUP"":135,""PLACE"":13,""PLANT"":199,""SOUTH"":554,""WATER"":1010,""WEST"":811}","{""FERTILIZER"":297,""MELON"":126,""MILK"":320,""STRAWBERRY"":300,""WHEAT"":460,""WOOL"":154}","{""BUY_ANIMAL:COW"":8,""BUY_ANIMAL:SHEEP"":4,""BUY_PRODUCT:WHEAT"":189,""BUY_SEED:MELON"":20,""BUY_SEED:STRAWBERRY"":37,""BUY_SEED:WHEAT"":144}",264,2,"{""COW"":8,""SHEEP"":4,""WHEAT"":1}","{""WHEAT"":7}"
93578320,0,道海孤舟,Farmer John,86192.0,114770.0,L,-28578.0,"[""BRUNCH_SPOT"",""YARN_STORE"",""PIZZA_SHOP"",""BAKERY"",""PIZZA_SHOP"",""YARN_STORE"",""YARN_STORE"",""FARMERS_MARKET""]",0,market,660,319,242,560,a58bbe7f9d7949c7,f6692478d7dcba53,51963e86e1e5fc16,a211ed523ed22049,d3d850297eb5355a,"{""BUILD_PASTURE"":13,""CARE"":967,""COLLECT_FERTILIZER"":296,""DIG"":40,""DROP"":69,""EAST"":652,""FEED"":290,""FERTILIZE"":72,""HARVEST"":390,""NORTH"":838,""PASS"":323,""PICKUP"":135,""PLACE"":13,""PLANT"":199,""SOUTH"":554,""WATER"":1010,""WEST"":811}","{""FERTILIZER"":297,""MELON"":126,""MILK"":320,""STRAWBERRY"":300,""WHEAT"":460,""WOOL"":154}","{""BUY_ANIMAL:COW"":8,""BUY_ANIMAL:SHEEP"":4,""BUY_PRODUCT:WHEAT"":189,""BUY_SEED:MELON"":20,""BUY_SEED:STRAWBERRY"":37,""BUY_SEED:WHEAT"":144}",264,2,"{""COW"":8,""SHEEP"":4,""WHEAT"":1}","{""WHEAT"":7}"
93578320,1,Farmer John,道海孤舟,114770.0,86192.0,W,28578.0,"[""BRUNCH_SPOT"",""YARN_STORE"",""PIZZA_SHOP"",""BAKERY"",""PIZZA_SHOP"",""YARN_STORE"",""YARN_STORE"",""FARMERS_MARKET""]",0,"market,farmer",719,407,635,688,09d8067a2073ed60,df531fceec483651,7b2571fc59087e94,dfc2d2ca1abc0e5a,86fa7fc6c69f17ac,"{""BUILD_PASTURE"":20,""CARE"":388,""COLLECT_FERTILIZER"":415,""DIG"":49,""DROP"":39,""EAST"":950,""FEED"":395,""FERTILIZE"":160,""HARVEST"":270,""NORTH"":1103,""PASS"":327,""PICKUP"":148,""PLACE"":72,""PLANT"":164,""SOUTH"":753,""WATER"":755,""WEST"":1154}","{""FERTILIZER"":252,""MELON"":78,""MILK"":98,""STRAWBERRY"":65,""WHEAT"":353,""WOOL"":345}","{""BUY_ANIMAL:COW"":3,""BUY_ANIMAL:SHEEP"":17,""BUY_PRODUCT:WHEAT"":212,""BUY_SEED:MELON"":13,""BUY_SEED:STRAWBERRY"":26,""BUY_SEED:WHEAT"":134}",284,2,"{""COW"":3,""SHEEP"":17}",{}
93579220,0,道海孤舟,Ben Hamilton,157339.0,148356.0,W,8983.0,"[""ICE_CREAM_SHOP"",""YARN_STORE"",""SMOOTHIE_SHOP"",""ICE_CREAM_SHOP"",""SMOOTHIE_SHOP"",""FARMERS_MARKET"",""PIZZA_SHOP"",""BAKERY""]",0,market,660,319,242,560,a58bbe7f9d7949c7,f6692478d7dcba53,51963e86e1e5fc16,a211ed523ed22049,d0ad2705a4d9dce8,"{""BUILD_PASTURE"":13,""CARE"":967,""COLLECT_FERTILIZER"":296,""DIG"":40,""DROP"":69,""EAST"":652,""FEED"":290,""FERTILIZE"":72,""HARVEST"":390,""NORTH"":838,""PASS"":323,""PICKUP"":135,""PLACE"":13,""PLANT"":199,""SOUTH"":554,""WATER"":1010,""WEST"":811}","{""FERTILIZER"":297,""MELON"":126,""MILK"":320,""STRAWBERRY"":300,""WHEAT"":460,""WOOL"":154}","{""BUY_ANIMAL:COW"":8,""BUY_ANIMAL:SHEEP"":4,""BUY_PRODUCT:WHEAT"":189,""BUY_SEED:MELON"":20,""BUY_SEED:STRAWBERRY"":37,""BUY_SEED:WHEAT"":144}",264,2,"{""COW"":8,""SHEEP"":4,""WHEAT"":1}","{""WHEAT"":7}"
93579220,1,Ben Hamilton,道海孤舟,148356.0,157339.0,L,-8983.0,"[""ICE_CREAM_SHOP"",""YARN_STORE"",""SMOOTHIE_SHOP"",""ICE_CREAM_SHOP"",""SMOOTHIE_SHOP"",""FARMERS_MARKET"",""PIZZA_SHOP"",""BAKERY""]",0,market,717,380,496,677,1c979e74071bb1cd,4424a9834acd53d3,e95ee56f6b099ed9,80012580d7a3e553,54e087e8c400c3e2,"{""BUILD_PASTURE"":14,""CARE"":308,""COLLECT_FERTILIZER"":294,""DIG"":28,""DROP"":55,""EAST"":654,""FEED"":300,""FERTILIZE"":84,""HARVEST"":360,""NORTH"":849,""PASS"":1014,""PICKUP"":145,""PLACE"":14,""PLANT"":173,""SOUTH"":512,""WATER"":925,""WEST"":924}","{""FERTILIZER"":210,""MELON"":144,""MILK"":238,""STRAWBERRY"":377,""WHEAT"":305,""WOOL"":148}","{""BUY_ANIMAL:COW"":8,""BUY_ANIMAL:SHEEP"":6,""BUY_PRODUCT:WHEAT"":266,""BUY_SEED:MELON"":24,""BUY_SEED:STRAWBERRY"":42,""BUY_SEED:WHEAT"":109}",263,2,"{""COW"":8,""SHEEP"":6,""WHEAT"":4}",{}
93580127,0,道海孤舟,xiy lin,46894.0,44760.0,W,2134.0,"[""PET_CAFE"",""FARMERS_MARKET"",""BAKERY"",""PIZZA_SHOP"",""PET_CAFE"",""ICE_CREAM_SHOP"",""PET_CAFE"",""YARN_STORE""]",0,market,663,319,242,563,a58bbe7f9d7949c7,f6692478d7dcba53,51963e86e1e5fc16,eadd6771899b44df,091b6c99406bdd6b,"{""BUILD_PASTURE"":13,""CARE"":961,""COLLECT_FERTILIZER"":296,""DIG"":42,""DROP"":68,""EAST"":650,""FEED"":290,""FERTILIZE"":72,""HARVEST"":389,""NORTH"":834,""PASS"":321,""PICKUP"":135,""PLACE"":13,""PLANT"":198,""SOUTH"":551,""WATER"":1008,""WEST"":809}","{""FERTILIZER"":297,""MELON"":126,""MILK"":320,""STRAWBERRY"":300,""WHEAT"":460,""WOOL"":154}","{""BUY_ANIMAL:COW"":8,""BUY_ANIMAL:SHEEP"":4,""BUY_PRODUCT:WHEAT"":189,""BUY_SEED:MELON"":20,""BUY_SEED:STRAWBERRY"":37,""BUY_SEED:WHEAT"":144}",264,2,"{""COW"":8,""SHEEP"":4}","{""WHEAT"":7}"
93580127,1,xiy lin,道海孤舟,44760.0,46894.0,L,-2134.0,"[""PET_CAFE"",""FARMERS_MARKET"",""BAKERY"",""PIZZA_SHOP"",""PET_CAFE"",""ICE_CREAM_SHOP"",""PET_CAFE"",""YARN_STORE""]",0,market,289,258,12,74,f1f1ccca6a7ecacb,47c7b3df629c2de7,eb6b59ab5aaa642c,b181e3b7dc0fbaef,9b868e17ad51f3b0,"{""BUILD_PASTURE"":13,""CARE"":285,""COLLECT_FERTILIZER"":293,""DIG"":41,""DROP"":58,""EAST"":657,""FEED"":290,""FERTILIZE"":72,""HARVEST"":389,""NORTH"":842,""PASS"":923,""PICKUP"":134,""PLACE"":41,""PLANT"":199,""SOUTH"":560,""WATER"":1010,""WEST"":823}","{""FERTILIZER"":265,""MELON"":114,""MILK"":296,""STRAWBERRY"":290,""WHEAT"":457,""WOOL"":176}","{""BUY_ANIMAL:COW"":9,""BUY_ANIMAL:SHEEP"":4,""BUY_PRODUCT:WHEAT"":216,""BUY_SEED:MELON"":15,""BUY_SEED:STRAWBERRY"":37,""BUY_SEED:WHEAT"":143}",262,2,"{""COW"":9,""SHEEP"":4,""WHEAT"":1}",{}
93581029,0,mudesteven,道海孤舟,58896.0,72003.0,L,-13107.0,"[""PET_CAFE"",""YARN_STORE"",""FARMERS_MARKET"",""ICE_CREAM_SHOP"",""YARN_STORE"",""YARN_STORE"",""BAKERY"",""PET_CAFE""]",169,market,25,24,0,1,4750084d0f71023d,e005a8abbb639144,9d5238cc1508dbdd,4cf3e514a4b06b44,4f5eae303711998d,"{""BUILD_PASTURE"":13,""CARE"":285,""COLLECT_FERTILIZER"":296,""DIG"":40,""DROP"":57,""EAST"":634,""FEED"":289,""FERTILIZE"":72,""HARVEST"":390,""NORTH"":838,""PASS"":994,""PICKUP"":135,""PLACE"":14,""PLANT"":199,""SOUTH"":553,""WATER"":1010,""WEST"":811}","{""FERTILIZER"":259,""MELON"":114,""MILK"":241,""STRAWBERRY"":286,""WHEAT"":455,""WOOL"":132}","{""BUY_ANIMAL:COW"":9,""BUY_ANIMAL:SHEEP"":4,""BUY_PRODUCT:WHEAT"":212,""BUY_SEED:MELON"":19,""BUY_SEED:STRAWBERRY"":38,""BUY_SEED:WHEAT"":144}",262,2,"{""COW"":8,""SHEEP"":3,""WHEAT"":1}",{}
93581029,1,道海孤舟,mudesteven,72003.0,58896.0,W,13107.0,"[""PET_CAFE"",""YARN_STORE"",""FARMERS_MARKET"",""ICE_CREAM_SHOP"",""YARN_STORE"",""YARN_STORE"",""BAKERY"",""PET_CAFE""]",0,market,660,319,242,560,a58bbe7f9d7949c7,f6692478d7dcba53,51963e86e1e5fc16,1f38d7411b1c60c3,b50f6e05c30ffbd2,"{""BUILD_PASTURE"":13,""CARE"":967,""COLLECT_FERTILIZER"":296,""DIG"":40,""DROP"":69,""EAST"":652,""FEED"":290,""FERTILIZE"":72,""HARVEST"":390,""NORTH"":838,""PASS"":323,""PICKUP"":135,""PLACE"":13,""PLANT"":199,""SOUTH"":554,""WATER"":1010,""WEST"":811}","{""FERTILIZER"":297,""MELON"":126,""MILK"":320,""STRAWBERRY"":300,""WHEAT"":460,""WOOL"":154}","{""BUY_ANIMAL:COW"":8,""BUY_ANIMAL:SHEEP"":4,""BUY_PRODUCT:WHEAT"":189,""BUY_SEED:MELON"":20,""BUY_SEED:STRAWBERRY"":37,""BUY_SEED:WHEAT"":144}",264,2,"{""COW"":8,""SHEEP"":4,""WHEAT"":1}","{""WHEAT"":7}"
93581923,0,Mehdi Azouz,道海孤舟,106410.0,108247.0,L,-1837.0,"[""FARMERS_MARKET"",""SMOOTHIE_SHOP"",""FARMERS_MARKET"",""YARN_STORE"",""BRUNCH_SPOT"",""PET_CAFE"",""YARN_STORE"",""PET_CAFE""]",0,"market,farmer",719,477,626,689,90b273a545cd0c8e,ae89fa91229583c7,15db80839015e111,af3e2aa01f3b31f2,d877f2bc8c284720,"{""BUILD_PASTURE"":14,""CARE"":318,""COLLECT_FERTILIZER"":306,""DIG"":17,""DROP"":10,""EAST"":809,""FEED"":321,""FERTILIZE"":64,""HARVEST"":394,""NORTH"":1006,""PASS"":667,""PICKUP"":129,""PLACE"":55,""PLANT"":187,""SOUTH"":624,""WATER"":947,""WEST"":1046}","{""CARROT"":15,""FERTILIZER"":1906,""MELON"":120,""MILK"":339,""STRAWBERRY"":253,""WHEAT"":1138,""WOOL"":163}","{""BUY_ANIMAL:COW"":10,""BUY_ANIMAL:SHEEP"":4,""BUY_PRODUCT:WHEAT"":522,""BUY_SEED:CARROT"":14,""BUY_SEED:MELON"":20,""BUY_SEED:STRAWBERRY"":34,""BUY_SEED:WHEAT"":135}",277,2,"{""COW"":9,""SHEEP"":4,""WHEAT"":1}",{}
93581923,1,道海孤舟,Mehdi Azouz,108247.0,106410.0,W,1837.0,"[""FARMERS_MARKET"",""SMOOTHIE_SHOP"",""FARMERS_MARKET"",""YARN_STORE"",""BRUNCH_SPOT"",""PET_CAFE"",""YARN_STORE"",""PET_CAFE""]",0,market,660,319,242,560,a58bbe7f9d7949c7,f6692478d7dcba53,51963e86e1e5fc16,d6088b97d033d2aa,2dbec0e92d3bfb2e,"{""BUILD_PASTURE"":13,""CARE"":967,""COLLECT_FERTILIZER"":296,""DIG"":40,""DROP"":69,""EAST"":652,""FEED"":290,""FERTILIZE"":72,""HARVEST"":390,""NORTH"":838,""PASS"":323,""PICKUP"":135,""PLACE"":13,""PLANT"":199,""SOUTH"":554,""WATER"":1010,""WEST"":811}","{""FERTILIZER"":297,""MELON"":126,""MILK"":320,""STRAWBERRY"":300,""WHEAT"":460,""WOOL"":154}","{""BUY_ANIMAL:COW"":8,""BUY_ANIMAL:SHEEP"":4,""BUY_PRODUCT:WHEAT"":189,""BUY_SEED:MELON"":20,""BUY_SEED:STRAWBERRY"":37,""BUY_SEED:WHEAT"":144}",264,2,"{""COW"":8,""SHEEP"":4}","{""WHEAT"":7}"
93582826,0,道海孤舟,Desert Fox88,69439.0,57239.0,W,12200.0,"[""BAKERY"",""SMOOTHIE_SHOP"",""BRUNCH_SPOT"",""BAKERY"",""BAKERY"",""FARMERS_MARKET"",""ICE_CREAM_SHOP"",""BRUNCH_SPOT""]",0,market,660,319,242,560,a58bbe7f9d7949c7,f6692478d7dcba53,51963e86e1e5fc16,d6088b97d033d2aa,e258032e6adc8456,"{""BUILD_PASTURE"":13,""CARE"":967,""COLLECT_FERTILIZER"":296,""DIG"":40,""DROP"":69,""EAST"":652,""FEED"":290,""FERTILIZE"":72,""HARVEST"":390,""NORTH"":838,""PASS"":323,""PICKUP"":135,""PLACE"":13,""PLANT"":199,""SOUTH"":554,""WATER"":1010,""WEST"":811}","{""FERTILIZER"":297,""MELON"":126,""MILK"":320,""STRAWBERRY"":300,""WHEAT"":460,""WOOL"":154}","{""BUY_ANIMAL:COW"":8,""BUY_ANIMAL:SHEEP"":4,""BUY_PRODUCT:WHEAT"":189,""BUY_SEED:MELON"":20,""BUY_SEED:STRAWBERRY"":37,""BUY_SEED:WHEAT"":144}",264,2,"{""COW"":8,""SHEEP"":4,""WHEAT"":1}","{""WHEAT"":7}"
93582826,1,Desert Fox88,道海孤舟,57239.0,69439.0,L,-12200.0,"[""BAKERY"",""SMOOTHIE_SHOP"",""BRUNCH_SPOT"",""BAKERY"",""BAKERY"",""FARMERS_MARKET"",""ICE_CREAM_SHOP"",""BRUNCH_SPOT""]",278,market,42,37,0,6,4750084d0f71023d,e005a8abbb639144,8288584f2403fe50,c5ae8e970d687dc0,8457b0240ca58cec,"{""BUILD_PASTURE"":13,""CARE"":285,""COLLECT_FERTILIZER"":296,""DIG"":41,""DROP"":57,""EAST"":634,""FEED"":290,""FERTILIZE"":72,""HARVEST"":390,""NORTH"":838,""PASS"":993,""PICKUP"":135,""PLACE"":13,""PLANT"":199,""SOUTH"":553,""WATER"":1010,""WEST"":811}","{""FERTILIZER"":235,""MELON"":114,""MILK"":241,""STRAWBERRY"":286,""WHEAT"":455,""WOOL"":132}","{""BUY_ANIMAL:COW"":9,""BUY_ANIMAL:SHEEP"":4,""BUY_PRODUCT:WHEAT"":212,""BUY_SEED:MELON"":19,""BUY_SEED:STRAWBERRY"":37,""BUY_SEED:WHEAT"":148}",262,2,"{""COW"":7,""SHEEP"":3,""WHEAT"":1}",{}
93583747,0,VN-Orion,道海孤舟,65010.0,70107.0,L,-5097.0,"[""ICE_CREAM_SHOP"",""PET_CAFE"",""BAKERY"",""YARN_STORE"",""PET_CAFE"",""PIZZA_SHOP"",""YARN_STORE"",""BAKERY""]",0,market,113,99,0,30,85bcb58b2b7936e8,d09460889606518c,8fb494fd30b9681f,f36be593211ea830,d6553d58b8d38ed4,"{""BUILD_PASTURE"":13,""CARE"":285,""COLLECT_FERTILIZER"":296,""DIG"":40,""DROP"":69,""EAST"":652,""FEED"":290,""FERTILIZE"":72,""HARVEST"":390,""NORTH"":838,""PASS"":961,""PICKUP"":135,""PLACE"":13,""PLANT"":199,""SOUTH"":556,""WATER"":1010,""WEST"":811}","{""FERTILIZER"":226,""MELON"":114,""MILK"":223,""STRAWBERRY"":286,""WHEAT"":448,""WOOL"":132}","{""BUY_ANIMAL:COW"":9,""BUY_ANIMAL:SHEEP"":4,""BUY_PRODUCT:WHEAT"":221,""BUY_SEED:MELON"":22,""BUY_SEED:STRAWBERRY"":37,""BUY_SEED:WHEAT"":150}",262,2,"{""COW"":9,""SHEEP"":4,""WHEAT"":1}",{}
93583747,1,道海孤舟,VN-Orion,70107.0,65010.0,W,5097.0,"[""ICE_CREAM_SHOP"",""PET_CAFE"",""BAKERY"",""YARN_STORE"",""PET_CAFE"",""PIZZA_SHOP"",""YARN_STORE"",""BAKERY""]",0,market,655,319,242,551,1c61a38fe4eadb98,c230948ae9c486aa,bd9760e76d863dce,69b691f8fb6fec7e,17a18179ef40eb7e,"{""BUILD_PASTURE"":13,""CARE"":967,""COLLECT_FERTILIZER"":296,""DIG"":41,""DROP"":69,""EAST"":652,""FEED"":290,""FERTILIZE"":72,""HARVEST"":390,""NORTH"":838,""PASS"":299,""PICKUP"":135,""PLACE"":13,""PLANT"":199,""SOUTH"":554,""WATER"":1010,""WEST"":811}","{""FERTILIZER"":297,""MELON"":126,""MILK"":320,""STRAWBERRY"":300,""WHEAT"":460,""WOOL"":154}","{""BUY_ANIMAL:COW"":8,""BUY_ANIMAL:SHEEP"":4,""BUY_PRODUCT:WHEAT"":189,""BUY_SEED:MELON"":20,""BUY_SEED:STRAWBERRY"":37,""BUY_SEED:WHEAT"":144}",264,2,"{""COW"":8,""SHEEP"":4}","{""WHEAT"":7}"
93584653,0,Dimas Pasha Akrilian,道海孤舟,65881.0,66673.0,L,-792.0,"[""BAKERY"",""PET_CAFE"",""ICE_CREAM_SHOP"",""SMOOTHIE_SHOP"",""BRUNCH_SPOT"",""BRUNCH_SPOT"",""PIZZA_SHOP"",""FARMERS_MARKET""]",0,market,655,319,242,551,1c61a38fe4eadb98,1a2222d9ef13dc33,46591e6b05e4f3c9,11204cd651d60a99,e7ff671bcd6e0131,"{""BUILD_PASTURE"":13,""CARE"":967,""COLLECT_FERTILIZER"":296,""DIG"":40,""DROP"":69,""EAST"":652,""FEED"":290,""FERTILIZE"":72,""HARVEST"":390,""NORTH"":838,""PASS"":300,""PICKUP"":135,""PLACE"":13,""PLANT"":199,""SOUTH"":554,""WATER"":1010,""WEST"":811}","{""FERTILIZER"":300,""MELON"":126,""MILK"":320,""STRAWBERRY"":300,""WHEAT"":479,""WOOL"":154}","{""BUY_ANIMAL:COW"":8,""BUY_ANIMAL:SHEEP"":4,""BUY_PRODUCT:WHEAT"":189,""BUY_SEED:MELON"":20,""BUY_SEED:STRAWBERRY"":37,""BUY_SEED:WHEAT"":144}",264,2,"{""COW"":8,""SHEEP"":4}",{}
93584653,1,道海孤舟,Dimas Pasha Akrilian,66673.0,65881.0,W,792.0,"[""BAKERY"",""PET_CAFE"",""ICE_CREAM_SHOP"",""SMOOTHIE_SHOP"",""BRUNCH_SPOT"",""BRUNCH_SPOT"",""PIZZA_SHOP"",""FARMERS_MARKET""]",0,market,655,319,242,551,1c61a38fe4eadb98,1a2222d9ef13dc33,46591e6b05e4f3c9,11204cd651d60a99,2ecbbe5638dca25b,"{""BUILD_PASTURE"":13,""CARE"":967,""COLLECT_FERTILIZER"":296,""DIG"":40,""DROP"":69,""EAST"":652,""FEED"":290,""FERTILIZE"":72,""HARVEST"":390,""NORTH"":838,""PASS"":300,""PICKUP"":135,""PLACE"":13,""PLANT"":199,""SOUTH"":554,""WATER"":1010,""WEST"":811}","{""FERTILIZER"":297,""MELON"":126,""MILK"":320,""STRAWBERRY"":300,""WHEAT"":460,""WOOL"":154}","{""BUY_ANIMAL:COW"":8,""BUY_ANIMAL:SHEEP"":4,""BUY_PRODUCT:WHEAT"":189,""BUY_SEED:MELON"":20,""BUY_SEED:STRAWBERRY"":37,""BUY_SEED:WHEAT"":144}",264,2,"{""COW"":8,""SHEEP"":4}","{""WHEAT"":7}"
93585555,0,dupakdungking,道海孤舟,128092.0,123362.0,W,4730.0,"[""SMOOTHIE_SHOP"",""BAKERY"",""SMOOTHIE_SHOP"",""YARN_STORE"",""SMOOTHIE_SHOP"",""ICE_CREAM_SHOP"",""BRUNCH_SPOT"",""ICE_CREAM_SHOP""]",0,market,661,300,242,556,1c61a38fe4eadb98,1a2222d9ef13dc33,da34aefa9090fdf5,58ae1ebadf1ffcd7,c376c5b716f625d9,"{""BUILD_PASTURE"":13,""CARE"":966,""COLLECT_FERTILIZER"":296,""DIG"":42,""DROP"":70,""EAST"":651,""FEED"":290,""FERTILIZE"":72,""HARVEST"":390,""NORTH"":836,""PASS"":308,""PICKUP"":131,""PLACE"":12,""PLANT"":196,""SOUTH"":555,""WATER"":1010,""WEST"":811}","{""FERTILIZER"":216,""MELON"":102,""MILK"":214,""STRAWBERRY"":276,""WHEAT"":425,""WOOL"":132}","{""BUY_ANIMAL:COW"":8,""BUY_ANIMAL:SHEEP"":4,""BUY_PRODUCT:WHEAT"":189,""BUY_SEED:MELON"":20,""BUY_SEED:STRAWBERRY"":37,""BUY_SEED:WHEAT"":144}",264,2,"{""COW"":8,""SHEEP"":4}",{}
93585555,1,道海孤舟,dupakdungking,123362.0,128092.0,L,-4730.0,"[""SMOOTHIE_SHOP"",""BAKERY"",""SMOOTHIE_SHOP"",""YARN_STORE"",""SMOOTHIE_SHOP"",""ICE_CREAM_SHOP"",""BRUNCH_SPOT"",""ICE_CREAM_SHOP""]",0,market,656,319,242,553,1c61a38fe4eadb98,1a2222d9ef13dc33,46591e6b05e4f3c9,9183ae1af56767de,c6a899c73651fb9f,"{""BUILD_PASTURE"":13,""CARE"":967,""COLLECT_FERTILIZER"":296,""DIG"":41,""DROP"":69,""EAST"":652,""FEED"":290,""FERTILIZE"":72,""HARVEST"":390,""NORTH"":838,""PASS"":299,""PICKUP"":135,""PLACE"":13,""PLANT"":199,""SOUTH"":554,""WATER"":1010,""WEST"":811}","{""FERTILIZER"":297,""MELON"":126,""MILK"":320,""STRAWBERRY"":300,""WHEAT"":460,""WOOL"":154}","{""BUY_ANIMAL:COW"":8,""BUY_ANIMAL:SHEEP"":4,""BUY_PRODUCT:WHEAT"":189,""BUY_SEED:MELON"":20,""BUY_SEED:STRAWBERRY"":37,""BUY_SEED:WHEAT"":144}",264,2,"{""COW"":8,""SHEEP"":4}","{""WHEAT"":7}"
93586454,0,道海孤舟,Kamazarashi,51622.0,51250.0,W,372.0,"[""FARMERS_MARKET"",""BAKERY"",""PET_CAFE"",""BAKERY"",""FARMERS_MARKET"",""FARMERS_MARKET"",""BAKERY"",""SMOOTHIE_SHOP""]",0,market,656,319,242,551,1c61a38fe4eadb98,1a2222d9ef13dc33,46591e6b05e4f3c9,5039dac4c8d7a09a,be05363205b26478,"{""BUILD_PASTURE"":13,""CARE"":967,""COLLECT_FERTILIZER"":296,""DIG"":40,""DROP"":69,""EAST"":652,""FEED"":290,""FERTILIZE"":72,""HARVEST"":390,""NORTH"":838,""PASS"":300,""PICKUP"":135,""PLACE"":13,""PLANT"":199,""SOUTH"":554,""WATER"":1010,""WEST"":811}","{""FERTILIZER"":297,""MELON"":126,""MILK"":320,""STRAWBERRY"":300,""WHEAT"":460,""WOOL"":154}","{""BUY_ANIMAL:COW"":8,""BUY_ANIMAL:SHEEP"":4,""BUY_PRODUCT:WHEAT"":189,""BUY_SEED:MELON"":20,""BUY_SEED:STRAWBERRY"":37,""BUY_SEED:WHEAT"":144}",264,2,"{""COW"":8,""SHEEP"":4}","{""WHEAT"":7}"
93586454,1,Kamazarashi,道海孤舟,51250.0,51622.0,L,-372.0,"[""FARMERS_MARKET"",""BAKERY"",""PET_CAFE"",""BAKERY"",""FARMERS_MARKET"",""FARMERS_MARKET"",""BAKERY"",""SMOOTHIE_SHOP""]",0,market,656,319,242,551,1c61a38fe4eadb98,1a2222d9ef13dc33,46591e6b05e4f3c9,5039dac4c8d7a09a,ec27b9eef3f9ce3b,"{""BUILD_PASTURE"":13,""CARE"":967,""COLLECT_FERTILIZER"":296,""DIG"":40,""DROP"":69,""EAST"":652,""FEED"":290,""FERTILIZE"":72,""HARVEST"":390,""NORTH"":838,""PASS"":300,""PICKUP"":135,""PLACE"":13,""PLANT"":199,""SOUTH"":554,""WATER"":1010,""WEST"":811}","{""FERTILIZER"":300,""MELON"":126,""MILK"":320,""STRAWBERRY"":300,""WHEAT"":479,""WOOL"":154}","{""BUY_ANIMAL:COW"":8,""BUY_ANIMAL:SHEEP"":4,""BUY_PRODUCT:WHEAT"":189,""BUY_SEED:MELON"":20,""BUY_SEED:STRAWBERRY"":37,""BUY_SEED:WHEAT"":144}",264,2,"{""COW"":8,""SHEEP"":4}",{}
93587364,0,道海孤舟,Aleks Lviv,89937.0,104311.0,L,-14374.0,"[""YARN_STORE"",""PET_CAFE"",""ICE_CREAM_SHOP"",""BAKERY"",""ICE_CREAM_SHOP"",""SMOOTHIE_SHOP"",""ICE_CREAM_SHOP"",""ICE_CREAM_SHOP""]",0,market,660,319,242,560,a58bbe7f9d7949c7,f6692478d7dcba53,51963e86e1e5fc16,a211ed523ed22049,7b92431ceb89877e,"{""BUILD_PASTURE"":13,""CARE"":967,""COLLECT_FERTILIZER"":296,""DIG"":40,""DROP"":69,""EAST"":652,""FEED"":290,""FERTILIZE"":72,""HARVEST"":390,""NORTH"":838,""PASS"":323,""PICKUP"":135,""PLACE"":13,""PLANT"":199,""SOUTH"":554,""WATER"":1010,""WEST"":811}","{""FERTILIZER"":297,""MELON"":126,""MILK"":320,""STRAWBERRY"":300,""WHEAT"":460,""WOOL"":154}","{""BUY_ANIMAL:COW"":8,""BUY_ANIMAL:SHEEP"":4,""BUY_PRODUCT:WHEAT"":189,""BUY_SEED:MELON"":20,""BUY_SEED:STRAWBERRY"":37,""BUY_SEED:WHEAT"":144}",264,2,"{""COW"":8,""SHEEP"":4}","{""WHEAT"":7}"
93587364,1,Aleks Lviv,道海孤舟,104311.0,89937.0,W,14374.0,"[""YARN_STORE"",""PET_CAFE"",""ICE_CREAM_SHOP"",""BAKERY"",""ICE_CREAM_SHOP"",""SMOOTHIE_SHOP"",""ICE_CREAM_SHOP"",""ICE_CREAM_SHOP""]",0,"market,farmer",719,480,634,689,90b273a545cd0c8e,ae89fa91229583c7,831e734bd0ea7807,2494833a029d78f6,bb304ac06a46ffb4,"{""BUILD_PASTURE"":18,""CARE"":366,""COLLECT_FERTILIZER"":349,""DIG"":24,""DROP"":9,""EAST"":867,""FEED"":371,""FERTILIZE"":48,""HARVEST"":399,""NORTH"":906,""PASS"":568,""PICKUP"":166,""PLACE"":55,""PLANT"":207,""SOUTH"":687,""WATER"":950,""WEST"":925}","{""CARROT"":13,""FERTILIZER"":1940,""MELON"":120,""MILK"":189,""STRAWBERRY"":204,""WHEAT"":1465,""WOOL"":270}","{""BUY_ANIMAL:COW"":6,""BUY_ANIMAL:SHEEP"":12,""BUY_PRODUCT:WHEAT"":707,""BUY_SEED:CARROT"":17,""BUY_SEED:MELON"":20,""BUY_SEED:STRAWBERRY"":34,""BUY_SEED:WHEAT"":153}",277,3,"{""COW"":6,""SHEEP"":8,""STRAWBERRY"":1}",{}
93588266,0,道海孤舟,Skibidi Six Seven,69387.0,54796.0,W,14591.0,"[""YARN_STORE"",""BAKERY"",""PIZZA_SHOP"",""BAKERY"",""BRUNCH_SPOT"",""SMOOTHIE_SHOP"",""YARN_STORE"",""PET_CAFE""]",0,market,660,319,242,560,a58bbe7f9d7949c7,f6692478d7dcba53,51963e86e1e5fc16,a211ed523ed22049,144c45d5b757aaed,"{""BUILD_PASTURE"":13,""CARE"":967,""COLLECT_FERTILIZER"":296,""DIG"":40,""DROP"":69,""EAST"":652,""FEED"":290,""FERTILIZE"":72,""HARVEST"":390,""NORTH"":838,""PASS"":323,""PICKUP"":135,""PLACE"":13,""PLANT"":199,""SOUTH"":554,""WATER"":1010,""WEST"":811}","{""FERTILIZER"":297,""MELON"":126,""MILK"":320,""STRAWBERRY"":300,""WHEAT"":460,""WOOL"":154}","{""BUY_ANIMAL:COW"":8,""BUY_ANIMAL:SHEEP"":4,""BUY_PRODUCT:WHEAT"":189,""BUY_SEED:MELON"":20,""BUY_SEED:STRAWBERRY"":37,""BUY_SEED:WHEAT"":144}",264,2,"{""COW"":8,""SHEEP"":4,""WHEAT"":1}","{""WHEAT"":7}"
93588266,1,Skibidi Six Seven,道海孤舟,54796.0,69387.0,L,-14591.0,"[""YARN_STORE"",""BAKERY"",""PIZZA_SHOP"",""BAKERY"",""BRUNCH_SPOT"",""SMOOTHIE_SHOP"",""YARN_STORE"",""PET_CAFE""]",14,farmer,505,211,187,452,6d4a3175901e8518,3856dd4bc36867bb,bb60791d29ea8c74,0058473454c49d4c,1f56c356714670ce,"{""BUILD_PASTURE"":14,""CARE"":285,""COLLECT_FERTILIZER"":301,""DIG"":49,""DROP"":52,""EAST"":632,""FEED"":290,""FERTILIZE"":72,""HARVEST"":386,""NORTH"":866,""PASS"":1016,""PICKUP"":138,""PLACE"":18,""PLANT"":193,""SOUTH"":561,""WATER"":1017,""WEST"":825}","{""FERTILIZER"":242,""MELON"":168,""MILK"":227,""STRAWBERRY"":299,""WHEAT"":482,""WOOL"":188}","{""BUY_ANIMAL:COW"":10,""BUY_ANIMAL:SHEEP"":4,""BUY_PRODUCT:WHEAT"":234,""BUY_SEED:MELON"":18,""BUY_SEED:STRAWBERRY"":38,""BUY_SEED:WHEAT"":138}",266,2,"{""COW"":9,""SHEEP"":3}",{}
93589167,0,道海孤舟,GansPiro,92955.0,84390.0,W,8565.0,"[""BRUNCH_SPOT"",""PIZZA_SHOP"",""BRUNCH_SPOT"",""FARMERS_MARKET"",""YARN_STORE"",""FARMERS_MARKET"",""SMOOTHIE_SHOP"",""YARN_STORE""]",0,market,655,319,242,551,1c61a38fe4eadb98,1a2222d9ef13dc33,46591e6b05e4f3c9,11204cd651d60a99,ad1f98e4724f29f8,"{""BUILD_PASTURE"":13,""CARE"":967,""COLLECT_FERTILIZER"":296,""DIG"":40,""DROP"":69,""EAST"":652,""FEED"":290,""FERTILIZE"":72,""HARVEST"":390,""NORTH"":838,""PASS"":300,""PICKUP"":135,""PLACE"":13,""PLANT"":199,""SOUTH"":554,""WATER"":1010,""WEST"":811}","{""FERTILIZER"":297,""MELON"":126,""MILK"":320,""STRAWBERRY"":300,""WHEAT"":460,""WOOL"":154}","{""BUY_ANIMAL:COW"":8,""BUY_ANIMAL:SHEEP"":4,""BUY_PRODUCT:WHEAT"":189,""BUY_SEED:MELON"":20,""BUY_SEED:STRAWBERRY"":37,""BUY_SEED:WHEAT"":144}",264,2,"{""COW"":8,""SHEEP"":4}","{""WHEAT"":7}"
93589167,1,GansPiro,道海孤舟,84390.0,92955.0,L,-8565.0,"[""BRUNCH_SPOT"",""PIZZA_SHOP"",""BRUNCH_SPOT"",""FARMERS_MARKET"",""YARN_STORE"",""FARMERS_MARKET"",""SMOOTHIE_SHOP"",""YARN_STORE""]",0,market,71,52,0,30,85b88fb4c6cb8fed,ca62c829c7f7ef65,039be86fe008e61c,40ee81d095e19c68,724f8b504f7f92b8,"{""BUILD_PASTURE"":13,""CARE"":285,""COLLECT_FERTILIZER"":296,""DIG"":40,""DROP"":69,""EAST"":652,""FEED"":290,""FERTILIZE"":72,""HARVEST"":390,""NORTH"":838,""PASS"":961,""PICKUP"":135,""PLACE"":13,""PLANT"":199,""SOUTH"":556,""WATER"":1010,""WEST"":811}","{""FERTILIZER"":235,""MELON"":114,""MILK"":241,""STRAWBERRY"":286,""WHEAT"":459,""WOOL"":132}","{""BUY_ANIMAL:COW"":9,""BUY_ANIMAL:SHEEP"":4,""BUY_PRODUCT:WHEAT"":221,""BUY_SEED:MELON"":22,""BUY_SEED:STRAWBERRY"":37,""BUY_SEED:WHEAT"":149}",262,2,"{""COW"":9,""SHEEP"":4,""WHEAT"":1}",{}
93590079,0,道海孤舟,Stanislav Ilin,67614.0,62173.0,W,5441.0,"[""SMOOTHIE_SHOP"",""PET_CAFE"",""BAKERY"",""YARN_STORE"",""BAKERY"",""BAKERY"",""PIZZA_SHOP"",""ICE_CREAM_SHOP""]",0,market,655,319,242,551,1c61a38fe4eadb98,1a2222d9ef13dc33,46591e6b05e4f3c9,11204cd651d60a99,8228decb9f87d65d,"{""BUILD_PASTURE"":13,""CARE"":967,""COLLECT_FERTILIZER"":296,""DIG"":40,""DROP"":69,""EAST"":652,""FEED"":290,""FERTILIZE"":72,""HARVEST"":390,""NORTH"":838,""PASS"":300,""PICKUP"":135,""PLACE"":13,""PLANT"":199,""SOUTH"":554,""WATER"":1010,""WEST"":811}","{""FERTILIZER"":297,""MELON"":126,""MILK"":320,""STRAWBERRY"":300,""WHEAT"":460,""WOOL"":154}","{""BUY_ANIMAL:COW"":8,""BUY_ANIMAL:SHEEP"":4,""BUY_PRODUCT:WHEAT"":189,""BUY_SEED:MELON"":20,""BUY_SEED:STRAWBERRY"":37,""BUY_SEED:WHEAT"":144}",264,2,"{""COW"":8,""SHEEP"":4}","{""WHEAT"":7}"
93590079,1,Stanislav Ilin,道海孤舟,62173.0,67614.0,L,-5441.0,"[""SMOOTHIE_SHOP"",""PET_CAFE"",""BAKERY"",""YARN_STORE"",""BAKERY"",""BAKERY"",""PIZZA_SHOP"",""ICE_CREAM_SHOP""]",0,market,90,72,0,30,85bcb58b2b7936e8,d09460889606518c,5312b67461827b38,e3198264bb23669e,2750d01298a91c41,"{""BUILD_PASTURE"":13,""CARE"":285,""COLLECT_FERTILIZER"":296,""DIG"":40,""DROP"":69,""EAST"":652,""FEED"":290,""FERTILIZE"":72,""HARVEST"":390,""NORTH"":838,""PASS"":961,""PICKUP"":135,""PLACE"":13,""PLANT"":199,""SOUTH"":556,""WATER"":1010,""WEST"":811}","{""FERTILIZER"":235,""MELON"":114,""MILK"":241,""STRAWBERRY"":286,""WHEAT"":464,""WOOL"":132}","{""BUY_ANIMAL:COW"":9,""BUY_ANIMAL:SHEEP"":4,""BUY_PRODUCT:WHEAT"":221,""BUY_SEED:MELON"":22,""BUY_SEED:STRAWBERRY"":37,""BUY_SEED:WHEAT"":150}",262,2,"{""COW"":9,""SHEEP"":4,""WHEAT"":1}",{}
93590979,0,RuiFSPinto,道海孤舟,98103.0,99201.0,L,-1098.0,"[""PIZZA_SHOP"",""BAKERY"",""BRUNCH_SPOT"",""ICE_CREAM_SHOP"",""ICE_CREAM_SHOP"",""PIZZA_SHOP"",""ICE_CREAM_SHOP"",""YARN_STORE""]",0,market,658,319,242,556,1c61a38fe4eadb98,1a2222d9ef13dc33,46591e6b05e4f3c9,4becea55b4dc3670,7a62f8b53f2aa237,"{""BUILD_PASTURE"":13,""CARE"":967,""COLLECT_FERTILIZER"":296,""DIG"":42,""DROP"":69,""EAST"":652,""FEED"":290,""FERTILIZE"":72,""HARVEST"":390,""NORTH"":838,""PASS"":300,""PICKUP"":135,""PLACE"":13,""PLANT"":199,""SOUTH"":553,""WATER"":1010,""WEST"":810}","{""FERTILIZER"":300,""MELON"":126,""MILK"":320,""STRAWBERRY"":300,""WHEAT"":479,""WOOL"":154}","{""BUY_ANIMAL:COW"":8,""BUY_ANIMAL:SHEEP"":4,""BUY_PRODUCT:WHEAT"":189,""BUY_SEED:MELON"":20,""BUY_SEED:STRAWBERRY"":37,""BUY_SEED:WHEAT"":144}",264,2,"{""COW"":8,""SHEEP"":4}",{}
93590979,1,道海孤舟,RuiFSPinto,99201.0,98103.0,W,1098.0,"[""PIZZA_SHOP"",""BAKERY"",""BRUNCH_SPOT"",""ICE_CREAM_SHOP"",""ICE_CREAM_SHOP"",""PIZZA_SHOP"",""ICE_CREAM_SHOP"",""YARN_STORE""]",0,market,655,319,242,551,1c61a38fe4eadb98,1a2222d9ef13dc33,46591e6b05e4f3c9,11204cd651d60a99,e0f2bc427367c0fc,"{""BUILD_PASTURE"":13,""CARE"":967,""COLLECT_FERTILIZER"":296,""DIG"":40,""DROP"":69,""EAST"":652,""FEED"":290,""FERTILIZE"":72,""HARVEST"":390,""NORTH"":838,""PASS"":300,""PICKUP"":135,""PLACE"":13,""PLANT"":199,""SOUTH"":554,""WATER"":1010,""WEST"":811}","{""FERTILIZER"":297,""MELON"":126,""MILK"":320,""STRAWBERRY"":300,""WHEAT"":460,""WOOL"":154}","{""BUY_ANIMAL:COW"":8,""BUY_ANIMAL:SHEEP"":4,""BUY_PRODUCT:WHEAT"":189,""BUY_SEED:MELON"":20,""BUY_SEED:STRAWBERRY"":37,""BUY_SEED:WHEAT"":144}",264,2,"{""COW"":8,""SHEEP"":4}","{""WHEAT"":7}"
93591889,0,道海孤舟,Kamal Das,94074.0,93340.0,W,734.0,"[""PIZZA_SHOP"",""YARN_STORE"",""PET_CAFE"",""BAKERY"",""ICE_CREAM_SHOP"",""SMOOTHIE_SHOP"",""ICE_CREAM_SHOP"",""ICE_CREAM_SHOP""]",0,market,657,319,242,555,1c61a38fe4eadb98,1a2222d9ef13dc33,46591e6b05e4f3c9,2648382e04469283,6230382de0057774,"{""BUILD_PASTURE"":13,""CARE"":967,""COLLECT_FERTILIZER"":296,""DIG"":41,""DROP"":69,""EAST"":651,""FEED"":290,""FERTILIZE"":72,""HARVEST"":390,""NORTH"":838,""PASS"":300,""PICKUP"":135,""PLACE"":13,""PLANT"":199,""SOUTH"":554,""WATER"":1010,""WEST"":811}","{""FERTILIZER"":297,""MELON"":126,""MILK"":320,""STRAWBERRY"":300,""WHEAT"":460,""WOOL"":154}","{""BUY_ANIMAL:COW"":8,""BUY_ANIMAL:SHEEP"":4,""BUY_PRODUCT:WHEAT"":189,""BUY_SEED:MELON"":20,""BUY_SEED:STRAWBERRY"":37,""BUY_SEED:WHEAT"":144}",264,2,"{""COW"":8,""SHEEP"":4}","{""WHEAT"":7}"
93591889,1,Kamal Das,道海孤舟,93340.0,94074.0,L,-734.0,"[""PIZZA_SHOP"",""YARN_STORE"",""PET_CAFE"",""BAKERY"",""ICE_CREAM_SHOP"",""SMOOTHIE_SHOP"",""ICE_CREAM_SHOP"",""ICE_CREAM_SHOP""]",0,market,658,319,247,558,1c61a38fe4eadb98,1a2222d9ef13dc33,678215c35768f394,b27ddc6282c607fe,1bc616da2f514b97,"{""BUILD_PASTURE"":13,""CARE"":965,""COLLECT_FERTILIZER"":296,""DIG"":43,""DROP"":69,""EAST"":652,""FEED"":290,""FERTILIZE"":72,""HARVEST"":390,""NORTH"":838,""PASS"":299,""PICKUP"":135,""PLACE"":13,""PLANT"":199,""SOUTH"":554,""WATER"":1010,""WEST"":811}","{""FERTILIZER"":300,""MELON"":126,""MILK"":320,""STRAWBERRY"":300,""WHEAT"":479,""WOOL"":154}","{""BUY_ANIMAL:COW"":8,""BUY_ANIMAL:SHEEP"":4,""BUY_PRODUCT:WHEAT"":189,""BUY_SEED:MELON"":20,""BUY_SEED:STRAWBERRY"":37,""BUY_SEED:WHEAT"":144}",264,2,"{""COW"":8,""SHEEP"":4}",{}
93592800,0,道海孤舟,Movie Watch2022,148345.0,143645.0,W,4700.0,"[""ICE_CREAM_SHOP"",""ICE_CREAM_SHOP"",""FARMERS_MARKET"",""ICE_CREAM_SHOP"",""PIZZA_SHOP"",""SMOOTHIE_SHOP"",""YARN_STORE"",""PET_CAFE""]",0,market,659,319,242,556,1c61a38fe4eadb98,1a2222d9ef13dc33,46591e6b05e4f3c9,c790baade04e207f,9a23b33984beabc2,"{""BUILD_PASTURE"":13,""CARE"":967,""COLLECT_FERTILIZER"":296,""DIG"":41,""DROP"":69,""EAST"":652,""FEED"":290,""FERTILIZE"":72,""HARVEST"":390,""NORTH"":838,""PASS"":299,""PICKUP"":135,""PLACE"":13,""PLANT"":199,""SOUTH"":554,""WATER"":1010,""WEST"":811}","{""FERTILIZER"":297,""MELON"":126,""MILK"":320,""STRAWBERRY"":300,""WHEAT"":460,""WOOL"":154}","{""BUY_ANIMAL:COW"":8,""BUY_ANIMAL:SHEEP"":4,""BUY_PRODUCT:WHEAT"":189,""BUY_SEED:MELON"":20,""BUY_SEED:STRAWBERRY"":37,""BUY_SEED:WHEAT"":144}",264,2,"{""COW"":8,""SHEEP"":4}","{""WHEAT"":7}"
93592800,1,Movie Watch2022,道海孤舟,143645.0,148345.0,L,-4700.0,"[""ICE_CREAM_SHOP"",""ICE_CREAM_SHOP"",""FARMERS_MARKET"",""ICE_CREAM_SHOP"",""PIZZA_SHOP"",""SMOOTHIE_SHOP"",""YARN_STORE"",""PET_CAFE""]",0,market,100,74,0,39,85bcb58b2b7936e8,d09460889606518c,5312b67461827b38,b7bef817dece6e7d,9f3e068d83808099,"{""BUILD_PASTURE"":13,""CARE"":285,""COLLECT_FERTILIZER"":296,""DIG"":41,""DROP"":69,""EAST"":652,""FEED"":290,""FERTILIZE"":72,""HARVEST"":390,""NORTH"":838,""PASS"":961,""PICKUP"":135,""PLACE"":13,""PLANT"":199,""SOUTH"":556,""WATER"":1009,""WEST"":811}","{""FERTILIZER"":235,""MELON"":114,""MILK"":241,""STRAWBERRY"":286,""WHEAT"":464,""WOOL"":132}","{""BUY_ANIMAL:COW"":9,""BUY_ANIMAL:SHEEP"":4,""BUY_PRODUCT:WHEAT"":221,""BUY_SEED:MELON"":22,""BUY_SEED:STRAWBERRY"":37,""BUY_SEED:WHEAT"":150}",262,2,"{""COW"":9,""SHEEP"":4,""WHEAT"":1}",{}
93593700,0,Elzandi Irfan Zikra,道海孤舟,111492.0,110046.0,W,1446.0,"[""PIZZA_SHOP"",""YARN_STORE"",""SMOOTHIE_SHOP"",""BRUNCH_SPOT"",""PET_CAFE"",""PIZZA_SHOP"",""ICE_CREAM_SHOP"",""ICE_CREAM_SHOP""]",0,market,659,334,242,551,1c61a38fe4eadb98,1a2222d9ef13dc33,46591e6b05e4f3c9,0fa752a96cf958bf,d5ec7ee058133e71,"{""BUILD_PASTURE"":13,""CARE"":967,""COLLECT_FERTILIZER"":296,""DIG"":40,""DROP"":69,""EAST"":652,""FEED"":290,""FERTILIZE"":72,""HARVEST"":390,""NORTH"":838,""PASS"":300,""PICKUP"":135,""PLACE"":13,""PLANT"":199,""SOUTH"":554,""WATER"":1010,""WEST"":811}","{""FERTILIZER"":300,""MELON"":126,""MILK"":321,""STRAWBERRY"":303,""WHEAT"":479,""WOOL"":168}","{""BUY_ANIMAL:COW"":8,""BUY_ANIMAL:SHEEP"":4,""BUY_PRODUCT:WHEAT"":189,""BUY_SEED:MELON"":20,""BUY_SEED:STRAWBERRY"":37,""BUY_SEED:WHEAT"":144}",264,2,"{""COW"":8,""SHEEP"":4}",{}
93593700,1,道海孤舟,Elzandi Irfan Zikra,110046.0,111492.0,L,-1446.0,"[""PIZZA_SHOP"",""YARN_STORE"",""SMOOTHIE_SHOP"",""BRUNCH_SPOT"",""PET_CAFE"",""PIZZA_SHOP"",""ICE_CREAM_SHOP"",""ICE_CREAM_SHOP""]",0,market,657,319,242,555,1c61a38fe4eadb98,1a2222d9ef13dc33,46591e6b05e4f3c9,2648382e04469283,c8844222cff24649,"{""BUILD_PASTURE"":13,""CARE"":967,""COLLECT_FERTILIZER"":296,""DIG"":41,""DROP"":69,""EAST"":651,""FEED"":290,""FERTILIZE"":72,""HARVEST"":390,""NORTH"":838,""PASS"":300,""PICKUP"":135,""PLACE"":13,""PLANT"":199,""SOUTH"":554,""WATER"":1010,""WEST"":811}","{""FERTILIZER"":297,""MELON"":126,""MILK"":320,""STRAWBERRY"":300,""WHEAT"":460,""WOOL"":154}","{""BUY_ANIMAL:COW"":8,""BUY_ANIMAL:SHEEP"":4,""BUY_PRODUCT:WHEAT"":189,""BUY_SEED:MELON"":20,""BUY_SEED:STRAWBERRY"":37,""BUY_SEED:WHEAT"":144}",264,2,"{""COW"":8,""SHEEP"":4}","{""WHEAT"":7}"
93594579,0,道海孤舟,Yoruet,99161.0,105606.0,L,-6445.0,"[""BAKERY"",""ICE_CREAM_SHOP"",""ICE_CREAM_SHOP"",""SMOOTHIE_SHOP"",""PET_CAFE"",""YARN_STORE"",""BAKERY"",""PIZZA_SHOP""]",0,market,661,319,242,562,a58bbe7f9d7949c7,31a67083f3b20032,c69b45df7e02bd0b,84ce0e68739510b5,3ed7379cca1be103,"{""BUILD_PASTURE"":13,""CARE"":966,""COLLECT_FERTILIZER"":296,""DIG"":42,""DROP"":69,""EAST"":652,""FEED"":290,""FERTILIZE"":72,""HARVEST"":390,""NORTH"":838,""PASS"":322,""PICKUP"":135,""PLACE"":13,""PLANT"":199,""SOUTH"":554,""WATER"":1010,""WEST"":811}","{""FERTILIZER"":297,""MELON"":126,""MILK"":320,""STRAWBERRY"":300,""WHEAT"":460,""WOOL"":154}","{""BUY_ANIMAL:COW"":8,""BUY_ANIMAL:SHEEP"":4,""BUY_PRODUCT:WHEAT"":189,""BUY_SEED:MELON"":20,""BUY_SEED:STRAWBERRY"":37,""BUY_SEED:WHEAT"":144}",264,2,"{""COW"":8,""SHEEP"":4}","{""WHEAT"":7}"
93594579,1,Yoruet,道海孤舟,105606.0,99161.0,W,6445.0,"[""BAKERY"",""ICE_CREAM_SHOP"",""ICE_CREAM_SHOP"",""SMOOTHIE_SHOP"",""PET_CAFE"",""YARN_STORE"",""BAKERY"",""PIZZA_SHOP""]",0,"market,farmer",719,478,626,689,90b273a545cd0c8e,ae89fa91229583c7,15db80839015e111,ef8ca8c13e5e2011,0f6c42da8a7c1830,"{""BUILD_PASTURE"":14,""CARE"":318,""COLLECT_FERTILIZER"":306,""DIG"":17,""DROP"":9,""EAST"":808,""FEED"":321,""FERTILIZE"":64,""HARVEST"":394,""NORTH"":1005,""PASS"":670,""PICKUP"":129,""PLACE"":55,""PLANT"":187,""SOUTH"":624,""WATER"":947,""WEST"":1046}","{""CARROT"":15,""FERTILIZER"":1906,""MELON"":120,""MILK"":279,""STRAWBERRY"":252,""WHEAT"":1138,""WOOL"":120}","{""BUY_ANIMAL:COW"":10,""BUY_ANIMAL:SHEEP"":4,""BUY_PRODUCT:WHEAT"":522,""BUY_SEED:CARROT"":14,""BUY_SEED:MELON"":20,""BUY_SEED:STRAWBERRY"":34,""BUY_SEED:WHEAT"":135}",277,2,"{""COW"":10,""SHEEP"":4,""WHEAT"":1}",{}
93595493,0,道海孤舟,helloworld311,96231.0,96725.0,L,-494.0,"[""FARMERS_MARKET"",""BRUNCH_SPOT"",""BRUNCH_SPOT"",""PIZZA_SHOP"",""SMOOTHIE_SHOP"",""ICE_CREAM_SHOP"",""PET_CAFE"",""YARN_STORE""]",0,market,655,319,242,551,1c61a38fe4eadb98,1a2222d9ef13dc33,0189be42652c0f70,3a5f2611cd700da5,c927147211ac70d6,"{""BUILD_PASTURE"":13,""CARE"":967,""COLLECT_FERTILIZER"":296,""DIG"":41,""DROP"":69,""EAST"":652,""FEED"":290,""FERTILIZE"":72,""HARVEST"":390,""NORTH"":838,""PASS"":300,""PICKUP"":135,""PLACE"":13,""PLANT"":199,""SOUTH"":554,""WATER"":1009,""WEST"":811}","{""FERTILIZER"":297,""MELON"":126,""MILK"":320,""STRAWBERRY"":300,""WHEAT"":460,""WOOL"":154}","{""BUY_ANIMAL:COW"":8,""BUY_ANIMAL:SHEEP"":4,""BUY_PRODUCT:WHEAT"":189,""BUY_SEED:MELON"":20,""BUY_SEED:STRAWBERRY"":37,""BUY_SEED:WHEAT"":144}",264,2,"{""COW"":8,""SHEEP"":4}","{""WHEAT"":7}"
93595493,1,helloworld311,道海孤舟,96725.0,96231.0,W,494.0,"[""FARMERS_MARKET"",""BRUNCH_SPOT"",""BRUNCH_SPOT"",""PIZZA_SHOP"",""SMOOTHIE_SHOP"",""ICE_CREAM_SHOP"",""PET_CAFE"",""YARN_STORE""]",0,market,655,319,242,551,1c61a38fe4eadb98,1a2222d9ef13dc33,46591e6b05e4f3c9,6fef418aa7678338,4e11e2b8fdd03f47,"{""BUILD_PASTURE"":13,""CARE"":967,""COLLECT_FERTILIZER"":296,""DIG"":40,""DROP"":69,""EAST"":652,""FEED"":290,""FERTILIZE"":72,""HARVEST"":390,""NORTH"":838,""PASS"":300,""PICKUP"":135,""PLACE"":13,""PLANT"":199,""SOUTH"":554,""WATER"":1010,""WEST"":811}","{""FERTILIZER"":300,""MELON"":126,""MILK"":320,""STRAWBERRY"":300,""WHEAT"":479,""WOOL"":154}","{""BUY_ANIMAL:COW"":8,""BUY_ANIMAL:SHEEP"":4,""BUY_PRODUCT:WHEAT"":189,""BUY_SEED:MELON"":20,""BUY_SEED:STRAWBERRY"":37,""BUY_SEED:WHEAT"":144}",264,2,"{""COW"":8,""SHEEP"":4}",{}
93596394,0,道海孤舟,Elie Elias,97207.0,90747.0,W,6460.0,"[""PET_CAFE"",""SMOOTHIE_SHOP"",""ICE_CREAM_SHOP"",""BRUNCH_SPOT"",""YARN_STORE"",""FARMERS_MARKET"",""PIZZA_SHOP"",""BRUNCH_SPOT""]",0,market,657,319,242,555,1c61a38fe4eadb98,ac6951319520bd9f,0951e7e40db56e2c,d5d68ed4d5a895fa,517483f56c009909,"{""BUILD_PASTURE"":13,""CARE"":966,""COLLECT_FERTILIZER"":296,""DIG"":42,""DROP"":69,""EAST"":651,""FEED"":290,""FERTILIZE"":72,""HARVEST"":390,""NORTH"":838,""PASS"":300,""PICKUP"":135,""PLACE"":13,""PLANT"":199,""SOUTH"":554,""WATER"":1010,""WEST"":811}","{""FERTILIZER"":297,""MELON"":126,""MILK"":320,""STRAWBERRY"":300,""WHEAT"":460,""WOOL"":154}","{""BUY_ANIMAL:COW"":8,""BUY_ANIMAL:SHEEP"":4,""BUY_PRODUCT:WHEAT"":189,""BUY_SEED:MELON"":20,""BUY_SEED:STRAWBERRY"":37,""BUY_SEED:WHEAT"":144}",264,2,"{""COW"":8,""SHEEP"":4}","{""WHEAT"":7}"
93596394,1,Elie Elias,道海孤舟,90747.0,97207.0,L,-6460.0,"[""PET_CAFE"",""SMOOTHIE_SHOP"",""ICE_CREAM_SHOP"",""BRUNCH_SPOT"",""YARN_STORE"",""FARMERS_MARKET"",""PIZZA_SHOP"",""BRUNCH_SPOT""]",0,market,412,315,145,226,4f02b61617e6b148,776a9d3556833a62,2f06053a9cebf91d,d8bf0a69b7a2a4f7,d4fa1e859316fd26,"{""BUILD_PASTURE"":15,""CARE"":292,""COLLECT_FERTILIZER"":307,""DIG"":47,""DROP"":49,""EAST"":615,""FEED"":299,""FERTILIZE"":71,""HARVEST"":386,""NORTH"":841,""PASS"":931,""PICKUP"":142,""PLACE"":14,""PLANT"":194,""SOUTH"":569,""WATER"":986,""WEST"":808}","{""FERTILIZER"":294,""MELON"":138,""MILK"":343,""STRAWBERRY"":497,""WHEAT"":456,""WOOL"":213}","{""BUY_ANIMAL:COW"":9,""BUY_ANIMAL:SHEEP"":5,""BUY_PRODUCT:WHEAT"":246,""BUY_SEED:MELON"":21,""BUY_SEED:STRAWBERRY"":37,""BUY_SEED:WHEAT"":148}",259,2,"{""COW"":9,""SHEEP"":5,""WHEAT"":2}",{}
93597307,0,Thần Thoại,道海孤舟,139712.0,131589.0,W,8123.0,"[""SMOOTHIE_SHOP"",""SMOOTHIE_SHOP"",""PIZZA_SHOP"",""YARN_STORE"",""BAKERY"",""FARMERS_MARKET"",""ICE_CREAM_SHOP"",""ICE_CREAM_SHOP""]",0,"market,farmer",719,464,620,689,90b273a545cd0c8e,ae89fa91229583c7,b7cbb167bd1c1651,80c4656863c11b80,0507a005e296bd7a,"{""BUILD_PASTURE"":14,""CARE"":317,""COLLECT_FERTILIZER"":306,""DIG"":19,""DROP"":9,""EAST"":759,""FEED"":321,""FERTILIZE"":59,""HARVEST"":393,""NORTH"":1009,""PASS"":717,""PICKUP"":129,""PLACE"":56,""PLANT"":186,""SOUTH"":623,""WATER"":945,""WEST"":1055}","{""CARROT"":18,""FERTILIZER"":1853,""MELON"":120,""MILK"":279,""STRAWBERRY"":244,""WHEAT"":1176,""WOOL"":120}","{""BUY_ANIMAL:COW"":10,""BUY_ANIMAL:SHEEP"":4,""BUY_PRODUCT:WHEAT"":494,""BUY_SEED:CARROT"":16,""BUY_SEED:MELON"":20,""BUY_SEED:STRAWBERRY"":34,""BUY_SEED:WHEAT"":132}",277,2,"{""COW"":10,""SHEEP"":4,""STRAWBERRY"":2,""WHEAT"":1}",{}
93597307,1,道海孤舟,Thần Thoại,131589.0,139712.0,L,-8123.0,"[""SMOOTHIE_SHOP"",""SMOOTHIE_SHOP"",""PIZZA_SHOP"",""YARN_STORE"",""BAKERY"",""FARMERS_MARKET"",""ICE_CREAM_SHOP"",""ICE_CREAM_SHOP""]",0,market,661,319,242,562,a58bbe7f9d7949c7,f6692478d7dcba53,85f6c22c7cda7131,ac2f96db198cbf96,2768d118062cfc87,"{""BUILD_PASTURE"":13,""CARE"":966,""COLLECT_FERTILIZER"":296,""DIG"":42,""DROP"":69,""EAST"":652,""FEED"":290,""FERTILIZE"":72,""HARVEST"":390,""NORTH"":838,""PASS"":323,""PICKUP"":135,""PLACE"":13,""PLANT"":199,""SOUTH"":554,""WATER"":1009,""WEST"":811}","{""FERTILIZER"":297,""MELON"":126,""MILK"":320,""STRAWBERRY"":300,""WHEAT"":460,""WOOL"":154}","{""BUY_ANIMAL:COW"":8,""BUY_ANIMAL:SHEEP"":4,""BUY_PRODUCT:WHEAT"":189,""BUY_SEED:MELON"":20,""BUY_SEED:STRAWBERRY"":37,""BUY_SEED:WHEAT"":144}",264,2,"{""COW"":8,""SHEEP"":4}","{""WHEAT"":7}"
93598193,0,cf696666,道海孤舟,134275.0,137352.0,L,-3077.0,"[""ICE_CREAM_SHOP"",""SMOOTHIE_SHOP"",""ICE_CREAM_SHOP"",""PIZZA_SHOP"",""SMOOTHIE_SHOP"",""PET_CAFE"",""BAKERY"",""PET_CAFE""]",0,market,656,330,242,554,1c61a38fe4eadb98,1a2222d9ef13dc33,3fe6bbba74af6813,29ad378fb809fc34,085dd1d7e6953e81,"{""BUILD_PASTURE"":13,""CARE"":965,""COLLECT_FERTILIZER"":296,""DIG"":43,""DROP"":69,""EAST"":651,""FEED"":290,""FERTILIZE"":72,""HARVEST"":390,""NORTH"":838,""PASS"":300,""PICKUP"":135,""PLACE"":13,""PLANT"":199,""SOUTH"":554,""WATER"":1010,""WEST"":811}","{""FERTILIZER"":300,""MELON"":126,""MILK"":320,""STRAWBERRY"":300,""WHEAT"":479,""WOOL"":154}","{""BUY_ANIMAL:COW"":8,""BUY_ANIMAL:SHEEP"":4,""BUY_PRODUCT:WHEAT"":189,""BUY_SEED:MELON"":20,""BUY_SEED:STRAWBERRY"":37,""BUY_SEED:WHEAT"":144}",264,2,"{""COW"":8,""SHEEP"":4}",{}
93598193,1,道海孤舟,cf696666,137352.0,134275.0,W,3077.0,"[""ICE_CREAM_SHOP"",""SMOOTHIE_SHOP"",""ICE_CREAM_SHOP"",""PIZZA_SHOP"",""SMOOTHIE_SHOP"",""PET_CAFE"",""BAKERY"",""PET_CAFE""]",0,market,655,319,242,552,1c61a38fe4eadb98,1a2222d9ef13dc33,46591e6b05e4f3c9,11204cd651d60a99,17bb30611023af7f,"{""BUILD_PASTURE"":13,""CARE"":967,""COLLECT_FERTILIZER"":296,""DIG"":41,""DROP"":69,""EAST"":651,""FEED"":290,""FERTILIZE"":72,""HARVEST"":390,""NORTH"":838,""PASS"":300,""PICKUP"":135,""PLACE"":13,""PLANT"":199,""SOUTH"":554,""WATER"":1010,""WEST"":811}","{""FERTILIZER"":297,""MELON"":126,""MILK"":320,""STRAWBERRY"":300,""WHEAT"":460,""WOOL"":154}","{""BUY_ANIMAL:COW"":8,""BUY_ANIMAL:SHEEP"":4,""BUY_PRODUCT:WHEAT"":189,""BUY_SEED:MELON"":20,""BUY_SEED:STRAWBERRY"":37,""BUY_SEED:WHEAT"":144}",264,2,"{""COW"":8,""SHEEP"":4}","{""WHEAT"":7}"
93599012,0,Arav Sharma,道海孤舟,109720.0,110751.0,L,-1031.0,"[""PIZZA_SHOP"",""PIZZA_SHOP"",""YARN_STORE"",""ICE_CREAM_SHOP"",""FARMERS_MARKET"",""YARN_STORE"",""SMOOTHIE_SHOP"",""PET_CAFE""]",0,market,657,311,242,551,1c61a38fe4eadb98,1a2222d9ef13dc33,46591e6b05e4f3c9,316476c28868033b,7578c66aaa537744,"{""BUILD_PASTURE"":13,""CARE"":967,""COLLECT_FERTILIZER"":296,""DIG"":40,""DROP"":69,""EAST"":652,""FEED"":290,""FERTILIZE"":72,""HARVEST"":390,""NORTH"":838,""PASS"":300,""PICKUP"":135,""PLACE"":13,""PLANT"":199,""SOUTH"":554,""WATER"":1010,""WEST"":811}","{""FERTILIZER"":309,""MELON"":126,""MILK"":321,""STRAWBERRY"":308,""WHEAT"":479,""WOOL"":154}","{""BUY_ANIMAL:COW"":8,""BUY_ANIMAL:SHEEP"":4,""BUY_PRODUCT:WHEAT"":189,""BUY_SEED:MELON"":20,""BUY_SEED:STRAWBERRY"":37,""BUY_SEED:WHEAT"":144}",264,2,"{""COW"":8,""SHEEP"":4}",{}
93599012,1,道海孤舟,Arav Sharma,110751.0,109720.0,W,1031.0,"[""PIZZA_SHOP"",""PIZZA_SHOP"",""YARN_STORE"",""ICE_CREAM_SHOP"",""FARMERS_MARKET"",""YARN_STORE"",""SMOOTHIE_SHOP"",""PET_CAFE""]",0,market,655,319,242,551,1c61a38fe4eadb98,1a2222d9ef13dc33,46591e6b05e4f3c9,11204cd651d60a99,be492d643584674f,"{""BUILD_PASTURE"":13,""CARE"":967,""COLLECT_FERTILIZER"":296,""DIG"":40,""DROP"":69,""EAST"":652,""FEED"":290,""FERTILIZE"":72,""HARVEST"":390,""NORTH"":838,""PASS"":300,""PICKUP"":135,""PLACE"":13,""PLANT"":199,""SOUTH"":554,""WATER"":1010,""WEST"":811}","{""FERTILIZER"":297,""MELON"":126,""MILK"":320,""STRAWBERRY"":300,""WHEAT"":460,""WOOL"":154}","{""BUY_ANIMAL:COW"":8,""BUY_ANIMAL:SHEEP"":4,""BUY_PRODUCT:WHEAT"":189,""BUY_SEED:MELON"":20,""BUY_SEED:STRAWBERRY"":37,""BUY_SEED:WHEAT"":144}",264,2,"{""COW"":8,""SHEEP"":4}","{""WHEAT"":7}"
93599091,0,Hassan Algizani,道海孤舟,75116.0,72498.0,W,2618.0,"[""FARMERS_MARKET"",""ICE_CREAM_SHOP"",""BAKERY"",""PIZZA_SHOP"",""PET_CAFE"",""BRUNCH_SPOT"",""PET_CAFE"",""SMOOTHIE_SHOP""]",0,market,445,222,245,380,70d0e6d2f77b2045,a6625764da2f94df,4777bdd941d22103,c07d1c01c04acc51,dcd5103ed1ac6a63,"{""BUILD_PASTURE"":15,""CARE"":365,""COLLECT_FERTILIZER"":354,""DIG"":43,""DROP"":76,""EAST"":639,""FEED"":294,""FERTILIZE"":71,""HARVEST"":399,""NORTH"":863,""PASS"":590,""PICKUP"":140,""PLACE"":16,""PLANT"":198,""SOUTH"":568,""WATER"":1148,""WEST"":783}","{""FERTILIZER"":241,""MELON"":114,""MILK"":225,""STRAWBERRY"":276,""WHEAT"":462,""WOOL"":138}","{""BUY_ANIMAL:COW"":9,""BUY_ANIMAL:SHEEP"":5,""BUY_PRODUCT:WHEAT"":250,""BUY_SEED:MELON"":22,""BUY_SEED:STRAWBERRY"":37,""BUY_SEED:WHEAT"":142}",259,2,"{""COW"":9,""SHEEP"":1}",{}
93599091,1,道海孤舟,Hassan Algizani,72498.0,75116.0,L,-2618.0,"[""FARMERS_MARKET"",""ICE_CREAM_SHOP"",""BAKERY"",""PIZZA_SHOP"",""PET_CAFE"",""BRUNCH_SPOT"",""PET_CAFE"",""SMOOTHIE_SHOP""]",0,market,657,319,242,553,1c61a38fe4eadb98,1a2222d9ef13dc33,46591e6b05e4f3c9,1c0f104b611d9493,20744ccb0db16998,"{""BUILD_PASTURE"":13,""CARE"":962,""COLLECT_FERTILIZER"":296,""DIG"":41,""DROP"":68,""EAST"":650,""FEED"":290,""FERTILIZE"":72,""HARVEST"":389,""NORTH"":834,""PASS"":298,""PICKUP"":135,""PLACE"":13,""PLANT"":198,""SOUTH"":551,""WATER"":1008,""WEST"":809}","{""FERTILIZER"":297,""MELON"":132,""MILK"":320,""STRAWBERRY"":300,""WHEAT"":460,""WOOL"":154}","{""BUY_ANIMAL:COW"":8,""BUY_ANIMAL:SHEEP"":4,""BUY_PRODUCT:WHEAT"":189,""BUY_SEED:MELON"":20,""BUY_SEED:STRAWBERRY"":37,""BUY_SEED:WHEAT"":144}",264,2,"{""COW"":8,""SHEEP"":4}","{""WHEAT"":7}"
93599996,0,道海孤舟,JALKARNA GAUTAM,83065.0,87016.0,L,-3951.0,"[""BAKERY"",""PIZZA_SHOP"",""SMOOTHIE_SHOP"",""ICE_CREAM_SHOP"",""PET_CAFE"",""BRUNCH_SPOT"",""FARMERS_MARKET"",""SMOOTHIE_SHOP""]",0,market,660,319,242,560,a58bbe7f9d7949c7,cabc20f95275e0c4,df4ab6194e495b2e,e367aaa4467e0255,5e55d1c474caac65,"{""BUILD_PASTURE"":13,""CARE"":966,""COLLECT_FERTILIZER"":296,""DIG"":41,""DROP"":69,""EAST"":652,""FEED"":290,""FERTILIZE"":72,""HARVEST"":390,""NORTH"":838,""PASS"":323,""PICKUP"":135,""PLACE"":13,""PLANT"":199,""SOUTH"":554,""WATER"":1010,""WEST"":811}","{""FERTILIZER"":297,""MELON"":126,""MILK"":320,""STRAWBERRY"":300,""WHEAT"":460,""WOOL"":154}","{""BUY_ANIMAL:COW"":8,""BUY_ANIMAL:SHEEP"":4,""BUY_PRODUCT:WHEAT"":189,""BUY_SEED:MELON"":20,""BUY_SEED:STRAWBERRY"":37,""BUY_SEED:WHEAT"":144}",264,2,"{""COW"":8,""SHEEP"":4}","{""WHEAT"":7}"
93599996,1,JALKARNA GAUTAM,道海孤舟,87016.0,83065.0,W,3951.0,"[""BAKERY"",""PIZZA_SHOP"",""SMOOTHIE_SHOP"",""ICE_CREAM_SHOP"",""PET_CAFE"",""BRUNCH_SPOT"",""FARMERS_MARKET"",""SMOOTHIE_SHOP""]",0,"market,farmer",719,474,623,689,90b273a545cd0c8e,ae89fa91229583c7,734520a5ca7db447,cb136238bdc987f2,6721b7c50bf352a0,"{""BUILD_PASTURE"":14,""CARE"":316,""COLLECT_FERTILIZER"":306,""DIG"":25,""DROP"":9,""EAST"":742,""FEED"":321,""FERTILIZE"":63,""HARVEST"":392,""NORTH"":1027,""PASS"":681,""PICKUP"":127,""PLACE"":58,""PLANT"":192,""SOUTH"":634,""WATER"":953,""WEST"":1057}","{""CARROT"":17,""FERTILIZER"":2245,""MELON"":120,""MILK"":278,""STRAWBERRY"":251,""WHEAT"":1253,""WOOL"":120}","{""BUY_ANIMAL:COW"":10,""BUY_ANIMAL:SHEEP"":4,""BUY_PRODUCT:WHEAT"":546,""BUY_SEED:CARROT"":16,""BUY_SEED:MELON"":20,""BUY_SEED:STRAWBERRY"":34,""BUY_SEED:WHEAT"":138}",277,2,"{""COW"":10,""SHEEP"":4,""STRAWBERRY"":1,""WHEAT"":2}",{}
93600897,0,道海孤舟,Akash Deep,101251.0,100111.0,W,1140.0,"[""FARMERS_MARKET"",""SMOOTHIE_SHOP"",""BAKERY"",""PIZZA_SHOP"",""PIZZA_SHOP"",""SMOOTHIE_SHOP"",""FARMERS_MARKET"",""YARN_STORE""]",0,market,664,319,242,566,a58bbe7f9d7949c7,f6692478d7dcba53,51963e86e1e5fc16,d7bdc8653ab42784,7b28424e919df11e,"{""BUILD_PASTURE"":13,""CARE"":962,""COLLECT_FERTILIZER"":296,""DIG"":43,""DROP"":68,""EAST"":649,""FEED"":290,""FERTILIZE"":72,""HARVEST"":389,""NORTH"":834,""PASS"":321,""PICKUP"":135,""PLACE"":13,""PLANT"":198,""SOUTH"":551,""WATER"":1008,""WEST"":808}","{""FERTILIZER"":297,""MELON"":126,""MILK"":320,""STRAWBERRY"":300,""WHEAT"":460,""WOOL"":154}","{""BUY_ANIMAL:COW"":8,""BUY_ANIMAL:SHEEP"":4,""BUY_PRODUCT:WHEAT"":189,""BUY_SEED:MELON"":20,""BUY_SEED:STRAWBERRY"":37,""BUY_SEED:WHEAT"":144}",264,2,"{""COW"":8,""SHEEP"":4}","{""WHEAT"":7}"
93600897,1,Akash Deep,道海孤舟,100111.0,101251.0,L,-1140.0,"[""FARMERS_MARKET"",""SMOOTHIE_SHOP"",""BAKERY"",""PIZZA_SHOP"",""PIZZA_SHOP"",""SMOOTHIE_SHOP"",""FARMERS_MARKET"",""YARN_STORE""]",0,market,512,212,186,462,4a4b38ae8d4923ad,fa49d3909a6d0d06,b010285ad5a7e854,903712662a23740a,093fd624f695a1b9,"{""BUILD_PASTURE"":14,""CARE"":300,""COLLECT_FERTILIZER"":306,""DIG"":47,""DROP"":50,""EAST"":626,""FEED"":291,""FERTILIZE"":72,""HARVEST"":386,""NORTH"":873,""PASS"":978,""PICKUP"":140,""PLACE"":18,""PLANT"":192,""SOUTH"":573,""WATER"":1012,""WEST"":820}","{""FERTILIZER"":242,""MELON"":114,""MILK"":215,""STRAWBERRY"":299,""WHEAT"":466,""WOOL"":161}","{""BUY_ANIMAL:COW"":10,""BUY_ANIMAL:SHEEP"":4,""BUY_PRODUCT:WHEAT"":234,""BUY_SEED:MELON"":18,""BUY_SEED:STRAWBERRY"":38,""BUY_SEED:WHEAT"":138}",266,2,"{""COW"":9,""SHEEP"":4}",{}
93601797,0,道海孤舟,Livingstone Selassie,113799.0,113169.0,W,630.0,"[""ICE_CREAM_SHOP"",""PET_CAFE"",""ICE_CREAM_SHOP"",""YARN_STORE"",""YARN_STORE"",""SMOOTHIE_SHOP"",""PET_CAFE"",""ICE_CREAM_SHOP""]",0,market,655,319,242,551,1c61a38fe4eadb98,1a2222d9ef13dc33,46591e6b05e4f3c9,11204cd651d60a99,0b26144415811ff0,"{""BUILD_PASTURE"":13,""CARE"":967,""COLLECT_FERTILIZER"":296,""DIG"":40,""DROP"":69,""EAST"":652,""FEED"":290,""FERTILIZE"":72,""HARVEST"":390,""NORTH"":838,""PASS"":300,""PICKUP"":135,""PLACE"":13,""PLANT"":199,""SOUTH"":554,""WATER"":1010,""WEST"":811}","{""FERTILIZER"":297,""MELON"":126,""MILK"":320,""STRAWBERRY"":300,""WHEAT"":460,""WOOL"":154}","{""BUY_ANIMAL:COW"":8,""BUY_ANIMAL:SHEEP"":4,""BUY_PRODUCT:WHEAT"":189,""BUY_SEED:MELON"":20,""BUY_SEED:STRAWBERRY"":37,""BUY_SEED:WHEAT"":144}",264,2,"{""COW"":8,""SHEEP"":4}","{""WHEAT"":7}"
93601797,1,Livingstone Selassie,道海孤舟,113169.0,113799.0,L,-630.0,"[""ICE_CREAM_SHOP"",""PET_CAFE"",""ICE_CREAM_SHOP"",""YARN_STORE"",""YARN_STORE"",""SMOOTHIE_SHOP"",""PET_CAFE"",""ICE_CREAM_SHOP""]",0,market,655,319,242,551,1c61a38fe4eadb98,1a2222d9ef13dc33,46591e6b05e4f3c9,11204cd651d60a99,eb2c5bdea897569b,"{""BUILD_PASTURE"":13,""CARE"":967,""COLLECT_FERTILIZER"":296,""DIG"":40,""DROP"":69,""EAST"":652,""FEED"":290,""FERTILIZE"":72,""HARVEST"":390,""NORTH"":838,""PASS"":300,""PICKUP"":135,""PLACE"":13,""PLANT"":199,""SOUTH"":554,""WATER"":1010,""WEST"":811}","{""FERTILIZER"":300,""MELON"":126,""MILK"":320,""STRAWBERRY"":300,""WHEAT"":479,""WOOL"":154}","{""BUY_ANIMAL:COW"":8,""BUY_ANIMAL:SHEEP"":4,""BUY_PRODUCT:WHEAT"":189,""BUY_SEED:MELON"":20,""BUY_SEED:STRAWBERRY"":37,""BUY_SEED:WHEAT"":144}",264,2,"{""COW"":8,""SHEEP"":4}",{}
93602697,0,meatori-nu,道海孤舟,73599.0,75076.0,L,-1477.0,"[""FARMERS_MARKET"",""BAKERY"",""FARMERS_MARKET"",""BRUNCH_SPOT"",""ICE_CREAM_SHOP"",""PET_CAFE"",""PET_CAFE"",""YARN_STORE""]",0,market,655,319,242,551,1c61a38fe4eadb98,1a2222d9ef13dc33,46591e6b05e4f3c9,6fef418aa7678338,6c55ed08537a0631,"{""BUILD_PASTURE"":13,""CARE"":967,""COLLECT_FERTILIZER"":296,""DIG"":40,""DROP"":69,""EAST"":652,""FEED"":290,""FERTILIZE"":72,""HARVEST"":390,""NORTH"":838,""PASS"":300,""PICKUP"":135,""PLACE"":13,""PLANT"":199,""SOUTH"":554,""WATER"":1010,""WEST"":811}","{""FERTILIZER"":300,""MELON"":126,""MILK"":320,""STRAWBERRY"":300,""WHEAT"":479,""WOOL"":154}","{""BUY_ANIMAL:COW"":8,""BUY_ANIMAL:SHEEP"":4,""BUY_PRODUCT:WHEAT"":189,""BUY_SEED:MELON"":20,""BUY_SEED:STRAWBERRY"":37,""BUY_SEED:WHEAT"":144}",264,2,"{""COW"":8,""SHEEP"":4}",{}
93602697,1,道海孤舟,meatori-nu,75076.0,73599.0,W,1477.0,"[""FARMERS_MARKET"",""BAKERY"",""FARMERS_MARKET"",""BRUNCH_SPOT"",""ICE_CREAM_SHOP"",""PET_CAFE"",""PET_CAFE"",""YARN_STORE""]",0,market,658,319,242,558,1c61a38fe4eadb98,1a2222d9ef13dc33,2390d5e2738e5957,786a4bb33f540df1,18ae2e5bcbb978c0,"{""BUILD_PASTURE"":13,""CARE"":967,""COLLECT_FERTILIZER"":296,""DIG"":41,""DROP"":69,""EAST"":652,""FEED"":290,""FERTILIZE"":72,""HARVEST"":390,""NORTH"":838,""PASS"":299,""PICKUP"":135,""PLACE"":13,""PLANT"":199,""SOUTH"":554,""WATER"":1010,""WEST"":811}","{""FERTILIZER"":297,""MELON"":126,""MILK"":320,""STRAWBERRY"":300,""WHEAT"":460,""WOOL"":154}","{""BUY_ANIMAL:COW"":8,""BUY_ANIMAL:SHEEP"":4,""BUY_PRODUCT:WHEAT"":189,""BUY_SEED:MELON"":20,""BUY_SEED:STRAWBERRY"":37,""BUY_SEED:WHEAT"":144}",264,2,"{""COW"":8,""SHEEP"":4}","{""WHEAT"":7}"
93603601,0,道海孤舟,Yoganjaneyulu,99397.0,98270.0,W,1127.0,"[""FARMERS_MARKET"",""ICE_CREAM_SHOP"",""PET_CAFE"",""YARN_STORE"",""ICE_CREAM_SHOP"",""YARN_STORE"",""SMOOTHIE_SHOP"",""FARMERS_MARKET""]",0,market,660,319,242,561,a58bbe7f9d7949c7,f6692478d7dcba53,4fbe77bd51135154,4e492556a2b175bd,a4a974b77a2ab004,"{""BUILD_PASTURE"":13,""CARE"":967,""COLLECT_FERTILIZER"":296,""DIG"":41,""DROP"":69,""EAST"":652,""FEED"":290,""FERTILIZE"":72,""HARVEST"":390,""NORTH"":838,""PASS"":323,""PICKUP"":135,""PLACE"":13,""PLANT"":199,""SOUTH"":554,""WATER"":1009,""WEST"":811}","{""FERTILIZER"":297,""MELON"":126,""MILK"":320,""STRAWBERRY"":300,""WHEAT"":460,""WOOL"":154}","{""BUY_ANIMAL:COW"":8,""BUY_ANIMAL:SHEEP"":4,""BUY_PRODUCT:WHEAT"":189,""BUY_SEED:MELON"":20,""BUY_SEED:STRAWBERRY"":37,""BUY_SEED:WHEAT"":144}",264,2,"{""COW"":8,""SHEEP"":4}","{""WHEAT"":7}"
93603601,1,Yoganjaneyulu,道海孤舟,98270.0,99397.0,L,-1127.0,"[""FARMERS_MARKET"",""ICE_CREAM_SHOP"",""PET_CAFE"",""YARN_STORE"",""ICE_CREAM_SHOP"",""YARN_STORE"",""SMOOTHIE_SHOP"",""FARMERS_MARKET""]",0,"market,farmer",719,440,632,689,90b273a545cd0c8e,ae89fa91229583c7,70c8aeb16e148251,78b6387fe98fd3dd,4e00cc5411371233,"{""BUILD_PASTURE"":14,""CARE"":318,""COLLECT_FERTILIZER"":305,""DIG"":24,""DROP"":8,""EAST"":816,""FEED"":321,""FERTILIZE"":63,""HARVEST"":390,""NORTH"":965,""PASS"":724,""PICKUP"":136,""PLACE"":52,""PLANT"":192,""SOUTH"":615,""WATER"":932,""WEST"":1041}","{""CARROT"":15,""FERTILIZER"":247,""MELON"":120,""MILK"":279,""STRAWBERRY"":242,""WHEAT"":614,""WOOL"":120}","{""BUY_ANIMAL:COW"":10,""BUY_ANIMAL:SHEEP"":4,""BUY_PRODUCT:WHEAT"":539,""BUY_SEED:CARROT"":15,""BUY_SEED:MELON"":20,""BUY_SEED:STRAWBERRY"":34,""BUY_SEED:WHEAT"":139}",277,2,"{""COW"":10,""SHEEP"":4}",{}
93604505,0,Zhizhou Sha,道海孤舟,100664.0,87883.0,W,12781.0,"[""YARN_STORE"",""ICE_CREAM_SHOP"",""BAKERY"",""FARMERS_MARKET"",""PIZZA_SHOP"",""BRUNCH_SPOT"",""FARMERS_MARKET"",""PET_CAFE""]",0,"market,farmer",719,473,635,689,90b273a545cd0c8e,c489497fb20eb5ff,41a825230f15ba75,1167d798aab8c9f0,df553e39e5ebdc59,"{""BUILD_PASTURE"":18,""CARE"":367,""COLLECT_FERTILIZER"":347,""DIG"":20,""DROP"":41,""EAST"":897,""FEED"":371,""FERTILIZE"":54,""HARVEST"":389,""NORTH"":911,""PASS"":360,""PICKUP"":158,""PLACE"":58,""PLANT"":189,""SOUTH"":843,""WATER"":921,""WEST"":973}","{""CARROT"":4,""FERTILIZER"":1735,""MELON"":120,""MILK"":189,""STRAWBERRY"":280,""WHEAT"":1455,""WOOL"":271}","{""BUY_ANIMAL:COW"":6,""BUY_ANIMAL:SHEEP"":12,""BUY_PRODUCT:WHEAT"":839,""BUY_SEED:CARROT"":10,""BUY_SEED:MELON"":20,""BUY_SEED:STRAWBERRY"":33,""BUY_SEED:WHEAT"":141}",277,3,"{""COW"":6,""SHEEP"":8,""STRAWBERRY"":1}",{}
93604505,1,道海孤舟,Zhizhou Sha,87883.0,100664.0,L,-12781.0,"[""YARN_STORE"",""ICE_CREAM_SHOP"",""BAKERY"",""FARMERS_MARKET"",""PIZZA_SHOP"",""BRUNCH_SPOT"",""FARMERS_MARKET"",""PET_CAFE""]",0,market,660,319,242,560,a58bbe7f9d7949c7,f6692478d7dcba53,51963e86e1e5fc16,a211ed523ed22049,78f6c3151e9fff83,"{""BUILD_PASTURE"":13,""CARE"":967,""COLLECT_FERTILIZER"":296,""DIG"":40,""DROP"":69,""EAST"":652,""FEED"":290,""FERTILIZE"":72,""HARVEST"":390,""NORTH"":838,""PASS"":323,""PICKUP"":135,""PLACE"":13,""PLANT"":199,""SOUTH"":554,""WATER"":1010,""WEST"":811}","{""FERTILIZER"":297,""MELON"":126,""MILK"":320,""STRAWBERRY"":300,""WHEAT"":460,""WOOL"":154}","{""BUY_ANIMAL:COW"":8,""BUY_ANIMAL:SHEEP"":4,""BUY_PRODUCT:WHEAT"":189,""BUY_SEED:MELON"":20,""BUY_SEED:STRAWBERRY"":37,""BUY_SEED:WHEAT"":144}",264,2,"{""COW"":8,""SHEEP"":4}","{""WHEAT"":7}"
93604698,0,AjPrem,道海孤舟,120256.0,120353.0,L,-97.0,"[""ICE_CREAM_SHOP"",""ICE_CREAM_SHOP"",""PIZZA_SHOP"",""ICE_CREAM_SHOP"",""PIZZA_SHOP"",""BAKERY"",""PET_CAFE"",""PET_CAFE""]",0,market,656,323,242,551,1c61a38fe4eadb98,1a2222d9ef13dc33,bac0d0538c22e7fb,d57d5362f009cbdb,ffbac9e75cb3afb9,"{""BUILD_PASTURE"":13,""CARE"":967,""COLLECT_FERTILIZER"":296,""DIG"":40,""DROP"":69,""EAST"":652,""FEED"":290,""FERTILIZE"":72,""HARVEST"":390,""NORTH"":838,""PASS"":300,""PICKUP"":135,""PLACE"":13,""PLANT"":199,""SOUTH"":554,""WATER"":1010,""WEST"":811}","{""FERTILIZER"":300,""MELON"":126,""MILK"":320,""STRAWBERRY"":300,""WHEAT"":479,""WOOL"":154}","{""BUY_ANIMAL:COW"":8,""BUY_ANIMAL:SHEEP"":4,""BUY_PRODUCT:WHEAT"":189,""BUY_SEED:MELON"":20,""BUY_SEED:STRAWBERRY"":37,""BUY_SEED:WHEAT"":144}",264,2,"{""COW"":8,""SHEEP"":4}",{}
93604698,1,道海孤舟,AjPrem,120353.0,120256.0,W,97.0,"[""ICE_CREAM_SHOP"",""ICE_CREAM_SHOP"",""PIZZA_SHOP"",""ICE_CREAM_SHOP"",""PIZZA_SHOP"",""BAKERY"",""PET_CAFE"",""PET_CAFE""]",0,market,655,319,242,551,1c61a38fe4eadb98,1a2222d9ef13dc33,46591e6b05e4f3c9,11204cd651d60a99,2bcd6450ce4e9c83,"{""BUILD_PASTURE"":13,""CARE"":967,""COLLECT_FERTILIZER"":296,""DIG"":40,""DROP"":69,""EAST"":652,""FEED"":290,""FERTILIZE"":72,""HARVEST"":390,""NORTH"":838,""PASS"":300,""PICKUP"":135,""PLACE"":13,""PLANT"":199,""SOUTH"":554,""WATER"":1010,""WEST"":811}","{""FERTILIZER"":297,""MELON"":126,""MILK"":320,""STRAWBERRY"":300,""WHEAT"":460,""WOOL"":154}","{""BUY_ANIMAL:COW"":8,""BUY_ANIMAL:SHEEP"":4,""BUY_PRODUCT:WHEAT"":189,""BUY_SEED:MELON"":20,""BUY_SEED:STRAWBERRY"":37,""BUY_SEED:WHEAT"":144}",264,2,"{""COW"":8,""SHEEP"":4}","{""WHEAT"":7}"
93605405,0,easonyanyan,道海孤舟,54401.0,51136.0,W,3265.0,"[""PET_CAFE"",""SMOOTHIE_SHOP"",""PET_CAFE"",""BAKERY"",""BRUNCH_SPOT"",""BRUNCH_SPOT"",""BAKERY"",""BRUNCH_SPOT""]",0,"market,farmer",719,482,626,689,90b273a545cd0c8e,ae89fa91229583c7,70c8aeb16e148251,76e6cf64970b9e30,5fcedf9abfbe2c17,"{""BUILD_PASTURE"":14,""CARE"":318,""COLLECT_FERTILIZER"":306,""DIG"":17,""DROP"":10,""EAST"":809,""FEED"":301,""FERTILIZE"":64,""HARVEST"":394,""NORTH"":1006,""PASS"":687,""PICKUP"":129,""PLACE"":55,""PLANT"":187,""SOUTH"":624,""WATER"":947,""WEST"":1046}","{""CARROT"":15,""FERTILIZER"":1907,""MELON"":120,""MILK"":325,""STRAWBERRY"":252,""WHEAT"":1142,""WOOL"":136}","{""BUY_ANIMAL:COW"":10,""BUY_ANIMAL:SHEEP"":4,""BUY_PRODUCT:WHEAT"":522,""BUY_SEED:CARROT"":8,""BUY_SEED:MELON"":20,""BUY_SEED:STRAWBERRY"":34,""BUY_SEED:WHEAT"":127}",277,2,"{""COW"":10,""SHEEP"":4,""WHEAT"":1}",{}
93605405,1,道海孤舟,easonyanyan,51136.0,54401.0,L,-3265.0,"[""PET_CAFE"",""SMOOTHIE_SHOP"",""PET_CAFE"",""BAKERY"",""BRUNCH_SPOT"",""BRUNCH_SPOT"",""BAKERY"",""BRUNCH_SPOT""]",0,market,660,319,242,560,a58bbe7f9d7949c7,f6692478d7dcba53,51963e86e1e5fc16,d6088b97d033d2aa,b7ed8baef01358ea,"{""BUILD_PASTURE"":13,""CARE"":967,""COLLECT_FERTILIZER"":296,""DIG"":40,""DROP"":69,""EAST"":652,""FEED"":290,""FERTILIZE"":72,""HARVEST"":390,""NORTH"":838,""PASS"":323,""PICKUP"":135,""PLACE"":13,""PLANT"":199,""SOUTH"":554,""WATER"":1010,""WEST"":811}","{""FERTILIZER"":297,""MELON"":126,""MILK"":320,""STRAWBERRY"":300,""WHEAT"":460,""WOOL"":154}","{""BUY_ANIMAL:COW"":8,""BUY_ANIMAL:SHEEP"":4,""BUY_PRODUCT:WHEAT"":189,""BUY_SEED:MELON"":20,""BUY_SEED:STRAWBERRY"":37,""BUY_SEED:WHEAT"":144}",264,2,"{""COW"":8,""SHEEP"":4}","{""WHEAT"":7}"
93606298,0,道海孤舟,Bardia Bahadori,78305.0,78694.0,L,-389.0,"[""BRUNCH_SPOT"",""BAKERY"",""FARMERS_MARKET"",""ICE_CREAM_SHOP"",""PIZZA_SHOP"",""YARN_STORE"",""ICE_CREAM_SHOP"",""BRUNCH_SPOT""]",0,market,655,319,242,551,1c61a38fe4eadb98,1a2222d9ef13dc33,46591e6b05e4f3c9,2ff4ba8271229850,9d5fe1f1b91d9964,"{""BUILD_PASTURE"":13,""CARE"":967,""COLLECT_FERTILIZER"":296,""DIG"":40,""DROP"":69,""EAST"":652,""FEED"":290,""FERTILIZE"":72,""HARVEST"":390,""NORTH"":838,""PASS"":300,""PICKUP"":135,""PLACE"":13,""PLANT"":199,""SOUTH"":554,""WATER"":1010,""WEST"":811}","{""FERTILIZER"":297,""MELON"":126,""MILK"":320,""STRAWBERRY"":300,""WHEAT"":460,""WOOL"":154}","{""BUY_ANIMAL:COW"":8,""BUY_ANIMAL:SHEEP"":4,""BUY_PRODUCT:WHEAT"":189,""BUY_SEED:MELON"":20,""BUY_SEED:STRAWBERRY"":37,""BUY_SEED:WHEAT"":144}",264,2,"{""COW"":8,""SHEEP"":4}","{""WHEAT"":7}"
93606298,1,Bardia Bahadori,道海孤舟,78694.0,78305.0,W,389.0,"[""BRUNCH_SPOT"",""BAKERY"",""FARMERS_MARKET"",""ICE_CREAM_SHOP"",""PIZZA_SHOP"",""YARN_STORE"",""ICE_CREAM_SHOP"",""BRUNCH_SPOT""]",0,market,658,337,243,551,1c61a38fe4eadb98,1a2222d9ef13dc33,46591e6b05e4f3c9,54583a2373db830e,2a97c5742aa00881,"{""BUILD_PASTURE"":13,""CARE"":957,""COLLECT_FERTILIZER"":300,""DIG"":41,""DROP"":70,""EAST"":652,""FEED"":290,""FERTILIZE"":72,""HARVEST"":390,""NORTH"":838,""PASS"":302,""PICKUP"":135,""PLACE"":13,""PLANT"":199,""SOUTH"":554,""WATER"":1010,""WEST"":813}","{""FERTILIZER"":302,""MELON"":126,""MILK"":424,""STRAWBERRY"":426,""WHEAT"":472,""WOOL"":230}","{""BUY_ANIMAL:COW"":8,""BUY_ANIMAL:SHEEP"":4,""BUY_PRODUCT:WHEAT"":189,""BUY_SEED:MELON"":20,""BUY_SEED:STRAWBERRY"":37,""BUY_SEED:WHEAT"":144}",264,2,"{""COW"":8,""SHEEP"":4,""WHEAT"":1}",{}
93607187,0,DL,道海孤舟,70435.0,67736.0,W,2699.0,"[""PIZZA_SHOP"",""FARMERS_MARKET"",""BAKERY"",""YARN_STORE"",""PET_CAFE"",""SMOOTHIE_SHOP"",""PET_CAFE"",""BAKERY""]",0,market,655,321,242,551,1c61a38fe4eadb98,1a2222d9ef13dc33,46591e6b05e4f3c9,3b741a30cb2730bc,3c660508bab39b6a,"{""BUILD_PASTURE"":13,""CARE"":967,""COLLECT_FERTILIZER"":296,""DIG"":40,""DROP"":69,""EAST"":652,""FEED"":290,""FERTILIZE"":72,""HARVEST"":390,""NORTH"":838,""PASS"":300,""PICKUP"":135,""PLACE"":13,""PLANT"":199,""SOUTH"":554,""WATER"":1010,""WEST"":811}","{""FERTILIZER"":300,""MELON"":126,""MILK"":320,""STRAWBERRY"":300,""WHEAT"":479,""WOOL"":154}","{""BUY_ANIMAL:COW"":8,""BUY_ANIMAL:SHEEP"":4,""BUY_PRODUCT:WHEAT"":189,""BUY_SEED:MELON"":20,""BUY_SEED:STRAWBERRY"":37,""BUY_SEED:WHEAT"":144}",264,2,"{""COW"":8,""SHEEP"":4}",{}
93607187,1,道海孤舟,DL,67736.0,70435.0,L,-2699.0,"[""PIZZA_SHOP"",""FARMERS_MARKET"",""BAKERY"",""YARN_STORE"",""PET_CAFE"",""SMOOTHIE_SHOP"",""PET_CAFE"",""BAKERY""]",0,market,656,319,242,553,1c61a38fe4eadb98,1a2222d9ef13dc33,46591e6b05e4f3c9,06d4ac374435880f,a7c01f5f45262970,"{""BUILD_PASTURE"":13,""CARE"":966,""COLLECT_FERTILIZER"":296,""DIG"":41,""DROP"":69,""EAST"":652,""FEED"":290,""FERTILIZE"":72,""HARVEST"":390,""NORTH"":838,""PASS"":300,""PICKUP"":135,""PLACE"":13,""PLANT"":199,""SOUTH"":554,""WATER"":1010,""WEST"":811}","{""FERTILIZER"":297,""MELON"":126,""MILK"":320,""STRAWBERRY"":300,""WHEAT"":460,""WOOL"":154}","{""BUY_ANIMAL:COW"":8,""BUY_ANIMAL:SHEEP"":4,""BUY_PRODUCT:WHEAT"":189,""BUY_SEED:MELON"":20,""BUY_SEED:STRAWBERRY"":37,""BUY_SEED:WHEAT"":144}",264,2,"{""COW"":8,""SHEEP"":4}","{""WHEAT"":7}"
93608010,0,道海孤舟,curiosity,124716.0,126775.0,L,-2059.0,"[""SMOOTHIE_SHOP"",""FARMERS_MARKET"",""BAKERY"",""SMOOTHIE_SHOP"",""ICE_CREAM_SHOP"",""FARMERS_MARKET"",""BRUNCH_SPOT"",""ICE_CREAM_SHOP""]",0,market,656,320,242,552,1c61a38fe4eadb98,1a2222d9ef13dc33,854b82b8e6da59c2,d921c23eedfa1b82,079bb56334bb1cb8,"{""BUILD_PASTURE"":13,""CARE"":967,""COLLECT_FERTILIZER"":296,""DIG"":41,""DROP"":69,""EAST"":652,""FEED"":290,""FERTILIZE"":72,""HARVEST"":390,""NORTH"":838,""PASS"":300,""PICKUP"":135,""PLACE"":13,""PLANT"":199,""SOUTH"":554,""WATER"":1009,""WEST"":811}","{""FERTILIZER"":297,""MELON"":126,""MILK"":320,""STRAWBERRY"":300,""WHEAT"":460,""WOOL"":154}","{""BUY_ANIMAL:COW"":8,""BUY_ANIMAL:SHEEP"":4,""BUY_PRODUCT:WHEAT"":189,""BUY_SEED:MELON"":20,""BUY_SEED:STRAWBERRY"":37,""BUY_SEED:WHEAT"":144}",264,2,"{""COW"":8,""SHEEP"":4}","{""WHEAT"":7}"
93608010,1,curiosity,道海孤舟,126775.0,124716.0,W,2059.0,"[""SMOOTHIE_SHOP"",""FARMERS_MARKET"",""BAKERY"",""SMOOTHIE_SHOP"",""ICE_CREAM_SHOP"",""FARMERS_MARKET"",""BRUNCH_SPOT"",""ICE_CREAM_SHOP""]",0,market,62,34,0,32,85bcb58b2b7936e8,d09460889606518c,6e997804107449f4,8f08b39e0e704aaf,db181050495b78e9,"{""BUILD_PASTURE"":13,""CARE"":285,""COLLECT_FERTILIZER"":296,""DIG"":41,""DROP"":59,""EAST"":632,""FEED"":290,""FERTILIZE"":72,""HARVEST"":390,""NORTH"":837,""PASS"":996,""PICKUP"":135,""PLACE"":13,""PLANT"":197,""SOUTH"":555,""WATER"":1009,""WEST"":810}","{""FERTILIZER"":235,""MELON"":114,""MILK"":241,""STRAWBERRY"":286,""WHEAT"":464,""WOOL"":132}","{""BUY_ANIMAL:COW"":9,""BUY_ANIMAL:SHEEP"":4,""BUY_PRODUCT:WHEAT"":221,""BUY_SEED:MELON"":22,""BUY_SEED:STRAWBERRY"":37,""BUY_SEED:WHEAT"":150}",262,2,"{""COW"":9,""SHEEP"":4,""WHEAT"":1}",{}
93608986,0,Prashanth Reddy Biyyani,道海孤舟,139328.0,138229.0,W,1099.0,"[""SMOOTHIE_SHOP"",""ICE_CREAM_SHOP"",""BRUNCH_SPOT"",""BRUNCH_SPOT"",""FARMERS_MARKET"",""PIZZA_SHOP"",""SMOOTHIE_SHOP"",""YARN_STORE""]",0,market,657,324,242,551,1c61a38fe4eadb98,1a2222d9ef13dc33,46591e6b05e4f3c9,9d900675de30bdf0,8aeb7272ac228fdb,"{""BUILD_PASTURE"":13,""CARE"":967,""COLLECT_FERTILIZER"":296,""DIG"":40,""DROP"":69,""EAST"":652,""FEED"":290,""FERTILIZE"":72,""HARVEST"":390,""NORTH"":838,""PASS"":300,""PICKUP"":135,""PLACE"":13,""PLANT"":199,""SOUTH"":554,""WATER"":1010,""WEST"":811}","{""FERTILIZER"":300,""MELON"":126,""MILK"":326,""STRAWBERRY"":327,""WHEAT"":479,""WOOL"":184}","{""BUY_ANIMAL:COW"":8,""BUY_ANIMAL:SHEEP"":4,""BUY_PRODUCT:WHEAT"":189,""BUY_SEED:MELON"":20,""BUY_SEED:STRAWBERRY"":37,""BUY_SEED:WHEAT"":144}",264,2,"{""COW"":8,""SHEEP"":4}",{}
93608986,1,道海孤舟,Prashanth Reddy Biyyani,138229.0,139328.0,L,-1099.0,"[""SMOOTHIE_SHOP"",""ICE_CREAM_SHOP"",""BRUNCH_SPOT"",""BRUNCH_SPOT"",""FARMERS_MARKET"",""PIZZA_SHOP"",""SMOOTHIE_SHOP"",""YARN_STORE""]",0,market,655,319,242,551,1c61a38fe4eadb98,1a2222d9ef13dc33,46591e6b05e4f3c9,11204cd651d60a99,e0f2bc427367c0fc,"{""BUILD_PASTURE"":13,""CARE"":967,""COLLECT_FERTILIZER"":296,""DIG"":40,""DROP"":69,""EAST"":652,""FEED"":290,""FERTILIZE"":72,""HARVEST"":390,""NORTH"":838,""PASS"":300,""PICKUP"":135,""PLACE"":13,""PLANT"":199,""SOUTH"":554,""WATER"":1010,""WEST"":811}","{""FERTILIZER"":297,""MELON"":126,""MILK"":320,""STRAWBERRY"":300,""WHEAT"":460,""WOOL"":154}","{""BUY_ANIMAL:COW"":8,""BUY_ANIMAL:SHEEP"":4,""BUY_PRODUCT:WHEAT"":189,""BUY_SEED:MELON"":20,""BUY_SEED:STRAWBERRY"":37,""BUY_SEED:WHEAT"":144}",264,2,"{""COW"":8,""SHEEP"":4}","{""WHEAT"":7}"
93609880,0,道海孤舟,vlavlalva,102323.0,104105.0,L,-1782.0,"[""SMOOTHIE_SHOP"",""PIZZA_SHOP"",""YARN_STORE"",""PET_CAFE"",""BRUNCH_SPOT"",""BAKERY"",""SMOOTHIE_SHOP"",""FARMERS_MARKET""]",0,market,655,319,242,551,1c61a38fe4eadb98,1a2222d9ef13dc33,46591e6b05e4f3c9,11204cd651d60a99,47cf80571990c709,"{""BUILD_PASTURE"":13,""CARE"":967,""COLLECT_FERTILIZER"":296,""DIG"":40,""DROP"":69,""EAST"":652,""FEED"":290,""FERTILIZE"":72,""HARVEST"":390,""NORTH"":838,""PASS"":300,""PICKUP"":135,""PLACE"":13,""PLANT"":199,""SOUTH"":554,""WATER"":1010,""WEST"":811}","{""FERTILIZER"":297,""MELON"":126,""MILK"":320,""STRAWBERRY"":300,""WHEAT"":460,""WOOL"":154}","{""BUY_ANIMAL:COW"":8,""BUY_ANIMAL:SHEEP"":4,""BUY_PRODUCT:WHEAT"":189,""BUY_SEED:MELON"":20,""BUY_SEED:STRAWBERRY"":37,""BUY_SEED:WHEAT"":144}",264,2,"{""COW"":8,""SHEEP"":4}","{""WHEAT"":7}"
93609880,1,vlavlalva,道海孤舟,104105.0,102323.0,W,1782.0,"[""SMOOTHIE_SHOP"",""PIZZA_SHOP"",""YARN_STORE"",""PET_CAFE"",""BRUNCH_SPOT"",""BAKERY"",""SMOOTHIE_SHOP"",""FARMERS_MARKET""]",0,market,658,334,242,551,1c61a38fe4eadb98,1a2222d9ef13dc33,ad94e65c7807b8f0,122a2005398185a8,95d2fb2b61452a86,"{""BUILD_PASTURE"":13,""CARE"":967,""COLLECT_FERTILIZER"":296,""DIG"":40,""DROP"":69,""EAST"":652,""FEED"":290,""FERTILIZE"":72,""HARVEST"":390,""NORTH"":838,""PASS"":300,""PICKUP"":135,""PLACE"":13,""PLANT"":199,""SOUTH"":554,""WATER"":1010,""WEST"":811}","{""FERTILIZER"":300,""MELON"":126,""MILK"":396,""STRAWBERRY"":412,""WHEAT"":479,""WOOL"":204}","{""BUY_ANIMAL:COW"":8,""BUY_ANIMAL:SHEEP"":4,""BUY_PRODUCT:WHEAT"":189,""BUY_SEED:MELON"":20,""BUY_SEED:STRAWBERRY"":37,""BUY_SEED:WHEAT"":144}",264,2,"{""COW"":8,""SHEEP"":4}",{}
93610777,0,Lev Neganov,道海孤舟,94294.0,91338.0,W,2956.0,"[""SMOOTHIE_SHOP"",""BRUNCH_SPOT"",""BAKERY"",""PIZZA_SHOP"",""PIZZA_SHOP"",""BAKERY"",""YARN_STORE"",""BAKERY""]",0,market,521,222,209,460,4a4b38ae8d4923ad,9944d63060937952,e563c5df4615bb23,e81fe0e2388d130b,711c3ca8b177bd95,"{""BUILD_PASTURE"":14,""CARE"":286,""COLLECT_FERTILIZER"":300,""DIG"":44,""DROP"":48,""EAST"":668,""FEED"":295,""FERTILIZE"":72,""HARVEST"":401,""NORTH"":881,""PASS"":968,""PICKUP"":138,""PLACE"":34,""PLANT"":182,""SOUTH"":568,""WATER"":1024,""WEST"":836}","{""FERTILIZER"":255,""MELON"":162,""MILK"":278,""STRAWBERRY"":311,""WHEAT"":392,""WOOL"":160}","{""BUY_ANIMAL:COW"":10,""BUY_ANIMAL:SHEEP"":4,""BUY_PRODUCT:WHEAT"":262,""BUY_SEED:MELON"":18,""BUY_SEED:STRAWBERRY"":38,""BUY_SEED:WHEAT"":131}",268,2,"{""COW"":10,""SHEEP"":4}",{}
93610777,1,道海孤舟,Lev Neganov,91338.0,94294.0,L,-2956.0,"[""SMOOTHIE_SHOP"",""BRUNCH_SPOT"",""BAKERY"",""PIZZA_SHOP"",""PIZZA_SHOP"",""BAKERY"",""YARN_STORE"",""BAKERY""]",0,market,663,319,242,563,a58bbe7f9d7949c7,cabc20f95275e0c4,5f11e797b7aae7ae,ae41560631ab70dc,9d52f36b72ebab95,"{""BUILD_PASTURE"":13,""CARE"":960,""COLLECT_FERTILIZER"":296,""DIG"":45,""DROP"":68,""EAST"":650,""FEED"":290,""FERTILIZE"":72,""HARVEST"":389,""NORTH"":834,""PASS"":320,""PICKUP"":135,""PLACE"":13,""PLANT"":198,""SOUTH"":551,""WATER"":1008,""WEST"":808}","{""FERTILIZER"":297,""MELON"":132,""MILK"":320,""STRAWBERRY"":300,""WHEAT"":460,""WOOL"":154}","{""BUY_ANIMAL:COW"":8,""BUY_ANIMAL:SHEEP"":4,""BUY_PRODUCT:WHEAT"":189,""BUY_SEED:MELON"":20,""BUY_SEED:STRAWBERRY"":37,""BUY_SEED:WHEAT"":144}",264,2,"{""COW"":8,""SHEEP"":4}","{""WHEAT"":7}"
93611684,0,道海孤舟,Sakhawat Hossen,70243.0,73096.0,L,-2853.0,"[""BAKERY"",""BRUNCH_SPOT"",""ICE_CREAM_SHOP"",""PIZZA_SHOP"",""YARN_STORE"",""PET_CAFE"",""PIZZA_SHOP"",""BAKERY""]",0,market,655,319,242,551,1c61a38fe4eadb98,1a2222d9ef13dc33,46591e6b05e4f3c9,11204cd651d60a99,8228decb9f87d65d,"{""BUILD_PASTURE"":13,""CARE"":967,""COLLECT_FERTILIZER"":296,""DIG"":40,""DROP"":69,""EAST"":652,""FEED"":290,""FERTILIZE"":72,""HARVEST"":390,""NORTH"":838,""PASS"":300,""PICKUP"":135,""PLACE"":13,""PLANT"":199,""SOUTH"":554,""WATER"":1010,""WEST"":811}","{""FERTILIZER"":297,""MELON"":126,""MILK"":320,""STRAWBERRY"":300,""WHEAT"":460,""WOOL"":154}","{""BUY_ANIMAL:COW"":8,""BUY_ANIMAL:SHEEP"":4,""BUY_PRODUCT:WHEAT"":189,""BUY_SEED:MELON"":20,""BUY_SEED:STRAWBERRY"":37,""BUY_SEED:WHEAT"":144}",264,2,"{""COW"":8,""SHEEP"":4}","{""WHEAT"":7}"
93611684,1,Sakhawat Hossen,道海孤舟,73096.0,70243.0,W,2853.0,"[""BAKERY"",""BRUNCH_SPOT"",""ICE_CREAM_SHOP"",""PIZZA_SHOP"",""YARN_STORE"",""PET_CAFE"",""PIZZA_SHOP"",""BAKERY""]",0,market,657,326,242,551,1c61a38fe4eadb98,1a2222d9ef13dc33,46591e6b05e4f3c9,94ed0ca6ef0e5369,6af58cac9ab2f091,"{""BUILD_PASTURE"":13,""CARE"":957,""COLLECT_FERTILIZER"":301,""DIG"":41,""DROP"":70,""EAST"":652,""FEED"":290,""FERTILIZE"":72,""HARVEST"":390,""NORTH"":838,""PASS"":303,""PICKUP"":135,""PLACE"":13,""PLANT"":199,""SOUTH"":554,""WATER"":1010,""WEST"":811}","{""FERTILIZER"":302,""MELON"":126,""MILK"":357,""STRAWBERRY"":379,""WHEAT"":472,""WOOL"":189}","{""BUY_ANIMAL:COW"":8,""BUY_ANIMAL:SHEEP"":4,""BUY_PRODUCT:WHEAT"":189,""BUY_SEED:MELON"":20,""BUY_SEED:STRAWBERRY"":37,""BUY_SEED:WHEAT"":144}",264,2,"{""COW"":8,""SHEEP"":4}",{}
93612584,0,道海孤舟,Victor's Team,127069.0,78078.0,W,48991.0,"[""ICE_CREAM_SHOP"",""FARMERS_MARKET"",""PET_CAFE"",""PIZZA_SHOP"",""BRUNCH_SPOT"",""ICE_CREAM_SHOP"",""PET_CAFE"",""BAKERY""]",0,market,655,319,242,551,1c61a38fe4eadb98,1a2222d9ef13dc33,46591e6b05e4f3c9,11204cd651d60a99,2bcd6450ce4e9c83,"{""BUILD_PASTURE"":13,""CARE"":967,""COLLECT_FERTILIZER"":296,""DIG"":40,""DROP"":69,""EAST"":652,""FEED"":290,""FERTILIZE"":72,""HARVEST"":390,""NORTH"":838,""PASS"":300,""PICKUP"":135,""PLACE"":13,""PLANT"":199,""SOUTH"":554,""WATER"":1010,""WEST"":811}","{""FERTILIZER"":297,""MELON"":126,""MILK"":320,""STRAWBERRY"":300,""WHEAT"":460,""WOOL"":154}","{""BUY_ANIMAL:COW"":8,""BUY_ANIMAL:SHEEP"":4,""BUY_PRODUCT:WHEAT"":189,""BUY_SEED:MELON"":20,""BUY_SEED:STRAWBERRY"":37,""BUY_SEED:WHEAT"":144}",264,2,"{""COW"":8,""SHEEP"":4}","{""WHEAT"":7}"
93612584,1,Victor's Team,道海孤舟,78078.0,127069.0,L,-48991.0,"[""ICE_CREAM_SHOP"",""FARMERS_MARKET"",""PET_CAFE"",""PIZZA_SHOP"",""BRUNCH_SPOT"",""ICE_CREAM_SHOP"",""PET_CAFE"",""BAKERY""]",0,market,495,208,180,449,85b88fb4c6cb8fed,ca62c829c7f7ef65,2f65ebfaed3997ab,5d62c4a77563ac6b,654393c24d134a4c,"{""BUILD_PASTURE"":14,""CARE"":285,""COLLECT_FERTILIZER"":301,""DIG"":46,""DROP"":50,""EAST"":624,""FEED"":290,""FERTILIZE"":72,""HARVEST"":386,""NORTH"":864,""PASS"":1036,""PICKUP"":138,""PLACE"":18,""PLANT"":193,""SOUTH"":558,""WATER"":1017,""WEST"":823}","{""FERTILIZER"":242,""MELON"":114,""MILK"":218,""STRAWBERRY"":299,""WHEAT"":468,""WOOL"":160}","{""BUY_ANIMAL:COW"":10,""BUY_ANIMAL:SHEEP"":4,""BUY_PRODUCT:WHEAT"":243,""BUY_SEED:MELON"":21,""BUY_SEED:STRAWBERRY"":38,""BUY_SEED:WHEAT"":139}",266,2,"{""COW"":5,""SHEEP"":3}","{""WHEAT"":23}"
93613468,0,ABHIRUP DAS,道海孤舟,102185.0,102810.0,L,-625.0,"[""PIZZA_SHOP"",""BRUNCH_SPOT"",""BAKERY"",""ICE_CREAM_SHOP"",""ICE_CREAM_SHOP"",""BRUNCH_SPOT"",""ICE_CREAM_SHOP"",""ICE_CREAM_SHOP""]",0,market,656,319,247,551,1c61a38fe4eadb98,1a2222d9ef13dc33,452623b51dc01c81,a1e5ef2bcbae797f,ce76e968d8558dbb,"{""BUILD_PASTURE"":13,""CARE"":966,""COLLECT_FERTILIZER"":296,""DIG"":41,""DROP"":69,""EAST"":652,""FEED"":290,""FERTILIZE"":72,""HARVEST"":390,""NORTH"":838,""PASS"":300,""PICKUP"":135,""PLACE"":13,""PLANT"":199,""SOUTH"":554,""WATER"":1010,""WEST"":811}","{""FERTILIZER"":300,""MELON"":126,""MILK"":320,""STRAWBERRY"":300,""WHEAT"":479,""WOOL"":154}","{""BUY_ANIMAL:COW"":8,""BUY_ANIMAL:SHEEP"":4,""BUY_PRODUCT:WHEAT"":189,""BUY_SEED:MELON"":20,""BUY_SEED:STRAWBERRY"":37,""BUY_SEED:WHEAT"":144}",264,2,"{""COW"":8,""SHEEP"":4}",{}
93613468,1,道海孤舟,ABHIRUP DAS,102810.0,102185.0,W,625.0,"[""PIZZA_SHOP"",""BRUNCH_SPOT"",""BAKERY"",""ICE_CREAM_SHOP"",""ICE_CREAM_SHOP"",""BRUNCH_SPOT"",""ICE_CREAM_SHOP"",""ICE_CREAM_SHOP""]",0,market,656,319,242,552,1c61a38fe4eadb98,1a2222d9ef13dc33,88430c8da11765d4,cf136ad2a388d57b,75675a3faddac17b,"{""BUILD_PASTURE"":13,""CARE"":966,""COLLECT_FERTILIZER"":296,""DIG"":41,""DROP"":69,""EAST"":652,""FEED"":290,""FERTILIZE"":72,""HARVEST"":390,""NORTH"":838,""PASS"":300,""PICKUP"":135,""PLACE"":13,""PLANT"":199,""SOUTH"":554,""WATER"":1010,""WEST"":811}","{""FERTILIZER"":297,""MELON"":126,""MILK"":320,""STRAWBERRY"":300,""WHEAT"":460,""WOOL"":154}","{""BUY_ANIMAL:COW"":8,""BUY_ANIMAL:SHEEP"":4,""BUY_PRODUCT:WHEAT"":189,""BUY_SEED:MELON"":20,""BUY_SEED:STRAWBERRY"":37,""BUY_SEED:WHEAT"":144}",264,2,"{""COW"":8,""SHEEP"":4}","{""WHEAT"":7}"
93614356,0,道海孤舟,Dimas Pasha Akrilian,67683.0,67029.0,W,654.0,"[""BAKERY"",""SMOOTHIE_SHOP"",""FARMERS_MARKET"",""PET_CAFE"",""PIZZA_SHOP"",""BRUNCH_SPOT"",""SMOOTHIE_SHOP"",""PIZZA_SHOP""]",0,market,656,319,242,555,1c61a38fe4eadb98,1a2222d9ef13dc33,a7ad9cfd224978ec,22536ab5001a44f6,831ec1435aaecc09,"{""BUILD_PASTURE"":13,""CARE"":967,""COLLECT_FERTILIZER"":296,""DIG"":41,""DROP"":69,""EAST"":652,""FEED"":290,""FERTILIZE"":72,""HARVEST"":390,""NORTH"":838,""PASS"":299,""PICKUP"":135,""PLACE"":13,""PLANT"":199,""SOUTH"":554,""WATER"":1010,""WEST"":811}","{""FERTILIZER"":297,""MELON"":126,""MILK"":320,""STRAWBERRY"":300,""WHEAT"":460,""WOOL"":154}","{""BUY_ANIMAL:COW"":8,""BUY_ANIMAL:SHEEP"":4,""BUY_PRODUCT:WHEAT"":189,""BUY_SEED:MELON"":20,""BUY_SEED:STRAWBERRY"":37,""BUY_SEED:WHEAT"":144}",264,2,"{""COW"":8,""SHEEP"":4}","{""WHEAT"":7}"
93614356,1,Dimas Pasha Akrilian,道海孤舟,67029.0,67683.0,L,-654.0,"[""BAKERY"",""SMOOTHIE_SHOP"",""FARMERS_MARKET"",""PET_CAFE"",""PIZZA_SHOP"",""BRUNCH_SPOT"",""SMOOTHIE_SHOP"",""PIZZA_SHOP""]",0,market,655,319,242,551,1c61a38fe4eadb98,1a2222d9ef13dc33,46591e6b05e4f3c9,11204cd651d60a99,e7ff671bcd6e0131,"{""BUILD_PASTURE"":13,""CARE"":967,""COLLECT_FERTILIZER"":296,""DIG"":40,""DROP"":69,""EAST"":652,""FEED"":290,""FERTILIZE"":72,""HARVEST"":390,""NORTH"":838,""PASS"":300,""PICKUP"":135,""PLACE"":13,""PLANT"":199,""SOUTH"":554,""WATER"":1010,""WEST"":811}","{""FERTILIZER"":300,""MELON"":126,""MILK"":320,""STRAWBERRY"":300,""WHEAT"":479,""WOOL"":154}","{""BUY_ANIMAL:COW"":8,""BUY_ANIMAL:SHEEP"":4,""BUY_PRODUCT:WHEAT"":189,""BUY_SEED:MELON"":20,""BUY_SEED:STRAWBERRY"":37,""BUY_SEED:WHEAT"":144}",264,2,"{""COW"":8,""SHEEP"":4}",{}
93615238,0,Cengizhan Tümer,道海孤舟,65222.0,62504.0,W,2718.0,"[""YARN_STORE"",""BAKERY"",""BRUNCH_SPOT"",""YARN_STORE"",""YARN_STORE"",""BRUNCH_SPOT"",""SMOOTHIE_SHOP"",""BRUNCH_SPOT""]",0,"market,farmer",719,483,626,689,f9f3089d977c25d4,c7c26f44bb30036b,e4badbec1d6bebd3,e5d6c287ec215912,74c3a619b36dc094,"{""BUILD_PASTURE"":14,""CARE"":318,""COLLECT_FERTILIZER"":306,""DIG"":18,""DROP"":10,""EAST"":815,""FEED"":321,""FERTILIZE"":64,""HARVEST"":395,""NORTH"":1009,""PASS"":652,""PICKUP"":129,""PLACE"":55,""PLANT"":188,""SOUTH"":624,""WATER"":950,""WEST"":1046}","{""CARROT"":30,""FERTILIZER"":1906,""MELON"":120,""MILK"":315,""STRAWBERRY"":272,""WHEAT"":1138,""WOOL"":152}","{""BUY_ANIMAL:COW"":10,""BUY_ANIMAL:SHEEP"":4,""BUY_PRODUCT:WHEAT"":522,""BUY_SEED:CARROT"":14,""BUY_SEED:MELON"":20,""BUY_SEED:STRAWBERRY"":34,""BUY_SEED:WHEAT"":135}",277,2,"{""COW"":10,""SHEEP"":4,""WHEAT"":1}","{""MILK"":1}"
93615238,1,道海孤舟,Cengizhan Tümer,62504.0,65222.0,L,-2718.0,"[""YARN_STORE"",""BAKERY"",""BRUNCH_SPOT"",""YARN_STORE"",""YARN_STORE"",""BRUNCH_SPOT"",""SMOOTHIE_SHOP"",""BRUNCH_SPOT""]",0,market,660,319,242,560,a58bbe7f9d7949c7,f6692478d7dcba53,51963e86e1e5fc16,de2edc7ae5a84887,dacb93e09e6ffa36,"{""BUILD_PASTURE"":13,""CARE"":967,""COLLECT_FERTILIZER"":296,""DIG"":40,""DROP"":69,""EAST"":652,""FEED"":290,""FERTILIZE"":72,""HARVEST"":390,""NORTH"":838,""PASS"":323,""PICKUP"":135,""PLACE"":13,""PLANT"":199,""SOUTH"":554,""WATER"":1010,""WEST"":811}","{""FERTILIZER"":297,""MELON"":126,""MILK"":320,""STRAWBERRY"":300,""WHEAT"":460,""WOOL"":154}","{""BUY_ANIMAL:COW"":8,""BUY_ANIMAL:SHEEP"":4,""BUY_PRODUCT:WHEAT"":189,""BUY_SEED:MELON"":20,""BUY_SEED:STRAWBERRY"":37,""BUY_SEED:WHEAT"":144}",264,2,"{""COW"":8,""SHEEP"":4}","{""WHEAT"":7}"
93615400,0,道海孤舟,uitsnf,103641.0,105171.0,L,-1530.0,"[""PIZZA_SHOP"",""ICE_CREAM_SHOP"",""BAKERY"",""PIZZA_SHOP"",""PIZZA_SHOP"",""YARN_STORE"",""YARN_STORE"",""ICE_CREAM_SHOP""]",0,market,655,319,242,551,1c61a38fe4eadb98,1a2222d9ef13dc33,46591e6b05e4f3c9,11204cd651d60a99,a3618d69bbf817fd,"{""BUILD_PASTURE"":13,""CARE"":967,""COLLECT_FERTILIZER"":296,""DIG"":40,""DROP"":69,""EAST"":652,""FEED"":290,""FERTILIZE"":72,""HARVEST"":390,""NORTH"":838,""PASS"":300,""PICKUP"":135,""PLACE"":13,""PLANT"":199,""SOUTH"":554,""WATER"":1010,""WEST"":811}","{""FERTILIZER"":297,""MELON"":126,""MILK"":320,""STRAWBERRY"":300,""WHEAT"":460,""WOOL"":154}","{""BUY_ANIMAL:COW"":8,""BUY_ANIMAL:SHEEP"":4,""BUY_PRODUCT:WHEAT"":189,""BUY_SEED:MELON"":20,""BUY_SEED:STRAWBERRY"":37,""BUY_SEED:WHEAT"":144}",264,2,"{""COW"":8,""SHEEP"":4}","{""WHEAT"":7}"
93615400,1,uitsnf,道海孤舟,105171.0,103641.0,W,1530.0,"[""PIZZA_SHOP"",""ICE_CREAM_SHOP"",""BAKERY"",""PIZZA_SHOP"",""PIZZA_SHOP"",""YARN_STORE"",""YARN_STORE"",""ICE_CREAM_SHOP""]",0,market,661,331,242,555,1c61a38fe4eadb98,1a2222d9ef13dc33,17db66c22b0ed468,2fbd2e281cbabd9c,5cbe8580d53d96c8,"{""BUILD_PASTURE"":13,""CARE"":966,""COLLECT_FERTILIZER"":296,""DIG"":42,""DROP"":69,""EAST"":652,""FEED"":290,""FERTILIZE"":72,""HARVEST"":390,""NORTH"":838,""PASS"":300,""PICKUP"":135,""PLACE"":13,""PLANT"":199,""SOUTH"":554,""WATER"":1009,""WEST"":811}","{""FERTILIZER"":300,""MELON"":126,""MILK"":320,""STRAWBERRY"":300,""WHEAT"":479,""WOOL"":154}","{""BUY_ANIMAL:COW"":8,""BUY_ANIMAL:SHEEP"":4,""BUY_PRODUCT:WHEAT"":189,""BUY_SEED:MELON"":20,""BUY_SEED:STRAWBERRY"":37,""BUY_SEED:WHEAT"":144}",264,2,"{""COW"":8,""SHEEP"":4}",{}
93616139,0,Rajan Nagarajan,道海孤舟,104838.0,105760.0,L,-922.0,"[""ICE_CREAM_SHOP"",""PIZZA_SHOP"",""BAKERY"",""FARMERS_MARKET"",""ICE_CREAM_SHOP"",""PIZZA_SHOP"",""PET_CAFE"",""YARN_STORE""]",0,market,655,319,242,551,1c61a38fe4eadb98,1a2222d9ef13dc33,46591e6b05e4f3c9,11204cd651d60a99,92245540a3dd23fc,"{""BUILD_PASTURE"":13,""CARE"":967,""COLLECT_FERTILIZER"":296,""DIG"":40,""DROP"":69,""EAST"":652,""FEED"":290,""FERTILIZE"":72,""HARVEST"":390,""NORTH"":838,""PASS"":300,""PICKUP"":135,""PLACE"":13,""PLANT"":199,""SOUTH"":554,""WATER"":1010,""WEST"":811}","{""FERTILIZER"":300,""MELON"":126,""MILK"":320,""STRAWBERRY"":300,""WHEAT"":479,""WOOL"":154}","{""BUY_ANIMAL:COW"":8,""BUY_ANIMAL:SHEEP"":4,""BUY_PRODUCT:WHEAT"":189,""BUY_SEED:MELON"":20,""BUY_SEED:STRAWBERRY"":37,""BUY_SEED:WHEAT"":144}",264,2,"{""COW"":8,""SHEEP"":4}",{}
93616139,1,道海孤舟,Rajan Nagarajan,105760.0,104838.0,W,922.0,"[""ICE_CREAM_SHOP"",""PIZZA_SHOP"",""BAKERY"",""FARMERS_MARKET"",""ICE_CREAM_SHOP"",""PIZZA_SHOP"",""PET_CAFE"",""YARN_STORE""]",0,market,655,319,242,551,1c61a38fe4eadb98,1a2222d9ef13dc33,46591e6b05e4f3c9,11204cd651d60a99,e0f2bc427367c0fc,"{""BUILD_PASTURE"":13,""CARE"":967,""COLLECT_FERTILIZER"":296,""DIG"":40,""DROP"":69,""EAST"":652,""FEED"":290,""FERTILIZE"":72,""HARVEST"":390,""NORTH"":838,""PASS"":300,""PICKUP"":135,""PLACE"":13,""PLANT"":199,""SOUTH"":554,""WATER"":1010,""WEST"":811}","{""FERTILIZER"":297,""MELON"":126,""MILK"":320,""STRAWBERRY"":300,""WHEAT"":460,""WOOL"":154}","{""BUY_ANIMAL:COW"":8,""BUY_ANIMAL:SHEEP"":4,""BUY_PRODUCT:WHEAT"":189,""BUY_SEED:MELON"":20,""BUY_SEED:STRAWBERRY"":37,""BUY_SEED:WHEAT"":144}",264,2,"{""COW"":8,""SHEEP"":4}","{""WHEAT"":7}"
93617038,0,WangQrkkk,道海孤舟,70221.0,70917.0,L,-696.0,"[""YARN_STORE"",""YARN_STORE"",""FARMERS_MARKET"",""BRUNCH_SPOT"",""PIZZA_SHOP"",""YARN_STORE"",""YARN_STORE"",""BAKERY""]",0,market,660,312,242,556,1c61a38fe4eadb98,1a2222d9ef13dc33,46591e6b05e4f3c9,a1b2e6cdaaadb2dd,0b68ad011162848f,"{""BUILD_PASTURE"":13,""CARE"":965,""COLLECT_FERTILIZER"":305,""DIG"":41,""DROP"":71,""EAST"":655,""FEED"":290,""FERTILIZE"":72,""HARVEST"":390,""NORTH"":841,""PASS"":302,""PICKUP"":135,""PLACE"":13,""PLANT"":196,""SOUTH"":556,""WATER"":1010,""WEST"":815}","{""CARROT"":100,""EGG"":100,""FERTILIZER"":395,""MELON"":226,""MILK"":420,""STRAWBERRY"":400,""TOMATO"":100,""WHEAT"":572,""WOOL"":254}","{""BUY_ANIMAL:COW"":8,""BUY_ANIMAL:SHEEP"":4,""BUY_PRODUCT:WHEAT"":189,""BUY_SEED:MELON"":20,""BUY_SEED:STRAWBERRY"":37,""BUY_SEED:WHEAT"":144}",265,2,"{""COW"":8,""SHEEP"":4}",{}
93617038,1,道海孤舟,WangQrkkk,70917.0,70221.0,W,696.0,"[""YARN_STORE"",""YARN_STORE"",""FARMERS_MARKET"",""BRUNCH_SPOT"",""PIZZA_SHOP"",""YARN_STORE"",""YARN_STORE"",""BAKERY""]",0,market,655,319,242,551,1c61a38fe4eadb98,1a2222d9ef13dc33,46591e6b05e4f3c9,2ff4ba8271229850,4f71fa88081d89f4,"{""BUILD_PASTURE"":13,""CARE"":967,""COLLECT_FERTILIZER"":296,""DIG"":40,""DROP"":69,""EAST"":652,""FEED"":290,""FERTILIZE"":72,""HARVEST"":390,""NORTH"":838,""PASS"":300,""PICKUP"":135,""PLACE"":13,""PLANT"":199,""SOUTH"":554,""WATER"":1010,""WEST"":811}","{""FERTILIZER"":297,""MELON"":126,""MILK"":320,""STRAWBERRY"":300,""WHEAT"":460,""WOOL"":154}","{""BUY_ANIMAL:COW"":8,""BUY_ANIMAL:SHEEP"":4,""BUY_PRODUCT:WHEAT"":189,""BUY_SEED:MELON"":20,""BUY_SEED:STRAWBERRY"":37,""BUY_SEED:WHEAT"":144}",264,2,"{""COW"":8,""SHEEP"":4}","{""WHEAT"":7}"
93617930,0,인공저능연구소( Artificial Idiocy Lab ),道海孤舟,61453.0,62728.0,L,-1275.0,"[""BAKERY"",""BAKERY"",""SMOOTHIE_SHOP"",""BRUNCH_SPOT"",""YARN_STORE"",""BAKERY"",""BRUNCH_SPOT"",""PIZZA_SHOP""]",0,market,655,319,242,551,1c61a38fe4eadb98,1a2222d9ef13dc33,a90d6b40301f1d75,eaf13b9bd8d78516,98c079dbd33a5dc5,"{""BUILD_PASTURE"":13,""CARE"":967,""COLLECT_FERTILIZER"":296,""DIG"":41,""DROP"":69,""EAST"":652,""FEED"":290,""FERTILIZE"":72,""HARVEST"":390,""NORTH"":838,""PASS"":300,""PICKUP"":135,""PLACE"":13,""PLANT"":199,""SOUTH"":554,""WATER"":1009,""WEST"":811}","{""FERTILIZER"":300,""MELON"":126,""MILK"":320,""STRAWBERRY"":300,""WHEAT"":479,""WOOL"":154}","{""BUY_ANIMAL:COW"":8,""BUY_ANIMAL:SHEEP"":4,""BUY_PRODUCT:WHEAT"":189,""BUY_SEED:MELON"":20,""BUY_SEED:STRAWBERRY"":37,""BUY_SEED:WHEAT"":144}",264,2,"{""COW"":8,""SHEEP"":4}",{}
93617930,1,道海孤舟,인공저능연구소( Artificial Idiocy Lab ),62728.0,61453.0,W,1275.0,"[""BAKERY"",""BAKERY"",""SMOOTHIE_SHOP"",""BRUNCH_SPOT"",""YARN_STORE"",""BAKERY"",""BRUNCH_SPOT"",""PIZZA_SHOP""]",0,market,655,319,242,551,1c61a38fe4eadb98,1a2222d9ef13dc33,46591e6b05e4f3c9,11204cd651d60a99,e57f5a910e84dc3f,"{""BUILD_PASTURE"":13,""CARE"":967,""COLLECT_FERTILIZER"":296,""DIG"":40,""DROP"":69,""EAST"":652,""FEED"":290,""FERTILIZE"":72,""HARVEST"":390,""NORTH"":838,""PASS"":300,""PICKUP"":135,""PLACE"":13,""PLANT"":199,""SOUTH"":554,""WATER"":1010,""WEST"":811}","{""FERTILIZER"":297,""MELON"":126,""MILK"":320,""STRAWBERRY"":300,""WHEAT"":460,""WOOL"":154}","{""BUY_ANIMAL:COW"":8,""BUY_ANIMAL:SHEEP"":4,""BUY_PRODUCT:WHEAT"":189,""BUY_SEED:MELON"":20,""BUY_SEED:STRAWBERRY"":37,""BUY_SEED:WHEAT"":144}",264,2,"{""COW"":8,""SHEEP"":4}","{""WHEAT"":7}"
